{
	"credit": "Made with Blockbench",
	"texture_size": [32, 32],
	"textures": {
		"0": "item/dummy_entity/bat"
	},
	"elements": [
		{
			"name": "head",
			"from": [6, 6.75, 9.5],
			"to": [10, 9.75, 11.5],
			"rotation": {"angle": -22.5, "axis": "x", "origin": [8, 0, 8]},
			"faces": {
				"north": {"uv": [1, 4.5, 3, 6], "texture": "#0"},
				"east": {"uv": [0, 4.5, 1, 6], "texture": "#0"},
				"south": {"uv": [4, 4.5, 6, 6], "texture": "#0"},
				"west": {"uv": [3, 4.5, 4, 6], "texture": "#0"},
				"up": {"uv": [3, 4.5, 1, 3.5], "texture": "#0"},
				"down": {"uv": [5, 3.5, 3, 4.5], "texture": "#0"}
			}
		},
		{
			"name": "left_ear",
			"from": [4, 7.75, 10.5],
			"to": [7, 12.75, 10.5],
			"rotation": {"angle": -22.5, "axis": "x", "origin": [8, 0, 8]},
			"faces": {
				"north": {"uv": [4, 7.5, 5.5, 10], "texture": "#0"},
				"east": {"uv": [4, 7.5, 4, 10], "texture": "#0"},
				"south": {"uv": [5.5, 7.5, 7, 10], "texture": "#0"},
				"west": {"uv": [5.5, 7.5, 5.5, 10], "texture": "#0"},
				"up": {"uv": [5.5, 7.5, 4, 7.5], "texture": "#0"},
				"down": {"uv": [7, 7.5, 5.5, 7.5], "texture": "#0"}
			}
		},
		{
			"name": "right_ear",
			"from": [9, 7.75, 10.5],
			"to": [12, 12.75, 10.5],
			"rotation": {"angle": -22.5, "axis": "x", "origin": [8, 0, 8]},
			"faces": {
				"north": {"uv": [0.5, 7.5, 2, 10], "texture": "#0"},
				"east": {"uv": [0.5, 7.5, 0.5, 10], "texture": "#0"},
				"south": {"uv": [2, 7.5, 3.5, 10], "texture": "#0"},
				"west": {"uv": [2, 7.5, 2, 10], "texture": "#0"},
				"up": {"uv": [2, 7.5, 0.5, 7.5], "texture": "#0"},
				"down": {"uv": [3.5, 7.5, 2, 7.5], "texture": "#0"}
			}
		},
		{
			"name": "body",
			"from": [6.5, 2, 7],
			"to": [9.5, 7, 9],
			"rotation": {"angle": 0, "axis": "y", "origin": [8, 0, 8]},
			"faces": {
				"north": {"uv": [1, 1, 2.5, 3.5], "texture": "#0"},
				"east": {"uv": [0, 1, 1, 3.5], "texture": "#0"},
				"south": {"uv": [3.5, 1, 5, 3.5], "texture": "#0"},
				"west": {"uv": [2.5, 1, 3.5, 3.5], "texture": "#0"},
				"up": {"uv": [2.5, 1, 1, 0], "texture": "#0"},
				"down": {"uv": [4, 0, 2.5, 1], "texture": "#0"}
			}
		},
		{
			"name": "left_wing",
			"from": [4.5, 2, 8],
			"to": [6.5, 9, 8],
			"rotation": {"angle": 0, "axis": "y", "origin": [8, 0, 8]},
			"faces": {
				"north": {"uv": [6, 3.5, 7, 7], "texture": "#0"},
				"east": {"uv": [6, 3.5, 6, 7], "texture": "#0"},
				"south": {"uv": [7, 3.5, 8, 7], "texture": "#0"},
				"west": {"uv": [7, 3.5, 7, 7], "texture": "#0"},
				"up": {"uv": [7, 3.5, 6, 3.5], "texture": "#0"},
				"down": {"uv": [8, 3.5, 7, 3.5], "texture": "#0"}
			}
		},
		{
			"name": "left_wing_tip",
			"from": [-1, 1, 9.25],
			"to": [5, 9, 9.25],
			"rotation": {"angle": -22.5, "axis": "y", "origin": [8, 0, 8]},
			"faces": {
				"north": {"uv": [8, 4, 11, 8], "texture": "#0"},
				"east": {"uv": [8, 4, 8, 8], "texture": "#0"},
				"south": {"uv": [11, 4, 14, 8], "texture": "#0"},
				"west": {"uv": [11, 4, 11, 8], "texture": "#0"},
				"up": {"uv": [11, 4, 8, 4], "texture": "#0"},
				"down": {"uv": [14, 4, 11, 4], "texture": "#0"}
			}
		},
		{
			"name": "right_wing",
			"from": [9.5, 2, 8],
			"to": [11.5, 9, 8],
			"rotation": {"angle": 0, "axis": "y", "origin": [8, 0, 8]},
			"faces": {
				"north": {"uv": [6, 0, 7, 3.5], "texture": "#0"},
				"east": {"uv": [6, 0, 6, 3.5], "texture": "#0"},
				"south": {"uv": [7, 0, 8, 3.5], "texture": "#0"},
				"west": {"uv": [7, 0, 7, 3.5], "texture": "#0"},
				"up": {"uv": [7, 0, 6, 0], "texture": "#0"},
				"down": {"uv": [8, 0, 7, 0], "texture": "#0"}
			}
		},
		{
			"name": "right_wing_tip",
			"from": [11, 1, 9.25],
			"to": [17, 9, 9.25],
			"rotation": {"angle": 22.5, "axis": "y", "origin": [8, 0, 8]},
			"faces": {
				"north": {"uv": [8, 0, 11, 4], "texture": "#0"},
				"east": {"uv": [8, 0, 8, 4], "texture": "#0"},
				"south": {"uv": [11, 0, 14, 4], "texture": "#0"},
				"west": {"uv": [11, 0, 11, 4], "texture": "#0"},
				"up": {"uv": [11, 0, 8, 0], "texture": "#0"},
				"down": {"uv": [14, 0, 11, 0], "texture": "#0"}
			}
		},
		{
			"name": "feet",
			"from": [6.5, 0, 8],
			"to": [9.5, 2, 8],
			"rotation": {"angle": 0, "axis": "y", "origin": [8, 0, 8]},
			"faces": {
				"north": {"uv": [8, 8, 9.5, 9], "texture": "#0"},
				"east": {"uv": [8, 8, 8, 9], "texture": "#0"},
				"south": {"uv": [9.5, 8, 11, 9], "texture": "#0"},
				"west": {"uv": [9.5, 8, 9.5, 9], "texture": "#0"},
				"up": {"uv": [9.5, 8, 8, 8], "texture": "#0"},
				"down": {"uv": [11, 8, 9.5, 8], "texture": "#0"}
			}
		}
	],
	"display": {
		"head": {
			"rotation": [0, 180, 18],
			"translation": [1.25, 1.5, -9]
		}
	},
	"groups": [
		{
			"name": "head_all",
			"origin": [6.5, 9, 8],
			"color": 0,
			"nbt": "{}",
			"children": [
				{
					"name": "head",
					"origin": [8, 7, 8],
					"color": 0,
					"nbt": "{}",
					"children": [0]
				},
				{
					"name": "left_ear",
					"origin": [6.5, 9, 8],
					"color": 0,
					"nbt": "{}",
					"children": [1]
				},
				{
					"name": "right_ear",
					"origin": [9.5, 9, 8],
					"color": 0,
					"nbt": "{}",
					"children": [2]
				}
			]
		},
		{
			"name": "body",
			"origin": [8, 7, 8],
			"color": 0,
			"nbt": "{}",
			"children": [3]
		},
		{
			"name": "left_wing",
			"origin": [6.5, 7, 8],
			"color": 0,
			"nbt": "{}",
			"children": [4]
		},
		{
			"name": "left_wing_tip",
			"origin": [4.5, 7, 8],
			"color": 0,
			"nbt": "{}",
			"children": [5]
		},
		{
			"name": "right_wing",
			"origin": [9.5, 7, 8],
			"color": 0,
			"nbt": "{}",
			"children": [6]
		},
		{
			"name": "right_wing_tip",
			"origin": [11.5, 7, 8],
			"color": 0,
			"nbt": "{}",
			"children": [7]
		},
		{
			"name": "feet",
			"origin": [8, 2, 8],
			"color": 0,
			"nbt": "{}",
			"children": [8]
		}
	]
}