{
	"textures": {
		"0": "animated_java:blueprint/clerk/clerk",
		"particle": "minecraft:item/pufferfish"
	},
	"display": {
		"head": {
			"rotation": [0, 180, 0]
		}
	},
	"elements": [
		{
			"from": [6, -4, 6],
			"to": [10, 8, 10],
			"faces": {
				"north": {
					"uv": [1, 5, 2, 8],
					"texture": "#0"
				},
				"east": {
					"uv": [0, 5, 1, 8],
					"texture": "#0"
				},
				"south": {
					"uv": [3, 5, 4, 8],
					"texture": "#0"
				},
				"west": {
					"uv": [2, 5, 3, 8],
					"texture": "#0"
				},
				"up": {
					"uv": [2, 5, 1, 4],
					"texture": "#0"
				},
				"down": {
					"uv": [3, 4, 2, 5],
					"texture": "#0"
				}
			}
		},
		{
			"from": [5.75, -4.25, 5.75],
			"to": [10.25, 8.25, 10.25],
			"faces": {
				"north": {
					"uv": [1, 9, 2, 12],
					"texture": "#0"
				},
				"east": {
					"uv": [0, 9, 1, 12],
					"texture": "#0"
				},
				"south": {
					"uv": [3, 9, 4, 12],
					"texture": "#0"
				},
				"west": {
					"uv": [2, 9, 3, 12],
					"texture": "#0"
				},
				"up": {
					"uv": [2, 9, 1, 8],
					"texture": "#0"
				},
				"down": {
					"uv": [3, 8, 2, 9],
					"texture": "#0"
				}
			}
		}
	]
}