{
    "providers": [
        {
            "type": "ttf",
            "file": "minecraft:4x4kanafont.ttf",
            "shift": [0.0, 11.5],
            "size": 4.6,
            "oversample": 10.0
        },
        {
            "type": "space",
            "#": "MEMO:「space+【FONT】/2  +  space+【FONT】 +  space+【FONT】/2」でスペース幅0 , 中央揃え" ,
                "advances":{
                    "\u200c": 0,
                    "\uF821": 1,
                    "\uF822": 2,
                    "\uF823": 3,
                    "\uF824": 4,
                    "\uF825": 5,
                    "\uF826": 6,
                    "\uF827": 7,
                    "\uF828": 8,
                    "\uF829": 16,
                    "\uF82A": 32,
                    "\uF82B": 64,
                    "\uF82C": 128,
                    "\uF82D": 256,
                    "\uF82E": 512,
                    "\uF82F": 1024,
                    "\uF801": -1,
                    "\uF802": -2,
                    "\uF803": -3,
                    "\uF804": -4,
                    "\uF805": -5,
                    "\uF806": -6,
                    "\uF807": -7,
                    "\uF808": -8,
                    "\uF809": -16,
                    "\uF80A": -32,
                    "\uF80B": -64,
                    "\uF80C": -128,
                    "\uF80D": -256,
                    "\uF80E": -512,
                    "\uF80F": -1024
                }
        },
	    {
	        "type": "bitmap",
            "file": "minecraft:font/player_ui/mp_bar_1.png",
            "#": "MPバー(現在値)  画像幅:82px",
            "ascent": -28,
            "height": 5.0,
            "chars": [
                "\uE001\uE002",
                "\uE003\uE004",
                "\uE005\uE006",
                "\uE007\uE008",
                "\uE009\uE00A",
                "\uE00B\uE00C",
                "\uE00D\uE00E",
                "\uE00F\uE010",
                "\uE011\uE012",
                "\uE013\uE014",
                "\uE015\uE016",
                "\uE017\uE018",
                "\uE019\uE01A",
                "\uE01B\uE01C",
                "\uE01D\uE01E",
                "\uE01F\uE020",
                "\uE021\uE022",
                "\uE023\uE024",
                "\uE025\uE026",
                "\uE027\uE028",
                "\uE029\uE02A",
                "\uE02B\uE02C",
                "\uE02D\uE02E",
                "\uE02F\uE030",
                "\uE031\uE032",
                "\uE033\uE034",
                "\uE035\uE036",
                "\uE037\uE038",
                "\uE039\uE03A",
                "\uE03B\uE03C",
                "\uE03D\uE03E",
                "\uE03F\uE040",
                "\uE041\uE042",
                "\uE043\uE044",
                "\uE045\uE046",
                "\uE047\uE048",
                "\uE049\uE04A",
                "\uE04B\uE04C",
                "\uE04D\uE04E",
                "\uE04F\uE050"
            ]
	    },
	    {
	        "type": "bitmap",
            "file": "minecraft:font/player_ui/mp_bar_2.png",
            "#": "MPバー(使用部分)  画像幅:82px",
            "ascent": -28,
            "height": 5.0,
            "chars": [
                "\uE051\uE052",
                "\uE053\uE054",
                "\uE055\uE056",
                "\uE057\uE058",
                "\uE059\uE05A",
                "\uE05B\uE05C",
                "\uE05D\uE05E",
                "\uE05F\uE060",
                "\uE061\uE062",
                "\uE063\uE064",
                "\uE065\uE066",
                "\uE067\uE068",
                "\uE069\uE06A",
                "\uE06B\uE06C",
                "\uE06D\uE06E",
                "\uE06F\uE070",
                "\uE071\uE072",
                "\uE073\uE074",
                "\uE075\uE076",
                "\uE077\uE078",
                "\uE079\uE07A",
                "\uE07B\uE07C",
                "\uE07D\uE07E",
                "\uE07F\uE080",
                "\uE081\uE082",
                "\uE083\uE084",
                "\uE085\uE086",
                "\uE087\uE088",
                "\uE089\uE08A",
                "\uE08B\uE08C",
                "\uE08D\uE08E",
                "\uE08F\uE090",
                "\uE091\uE092",
                "\uE093\uE094",
                "\uE095\uE096",
                "\uE097\uE098",
                "\uE099\uE09A",
                "\uE09B\uE09C",
                "\uE09D\uE09E",
                "\uE09F\uE0A0"
            ]
	    },
	    {
	        "type": "bitmap",
            "file": "minecraft:font/player_ui/hp_bar_1.png",
            "#": "MPバー(現在値)  画像幅:82px",
            "ascent": -28,
            "height": 5.0,
            "chars": [
                "\uE0A1\uE0A2",
                "\uE0A3\uE0A4",
                "\uE0A5\uE0A6"
            ]
	    },
	    {
	        "type": "bitmap",
            "file": "minecraft:font/player_ui/hp_bar_2.png",
            "#": "HPバー(使用部分)  画像幅:82px",
            "ascent": -28,
            "height": 5.0,
            "chars": [
                "\uE0B1\uE0B2",
                "\uE0B3\uE0B4",
                "\uE0B5\uE0B6",
                "\uE0B7\uE0B8",
                "\uE0B9\uE0BA",
                "\uE0BB\uE0BC",
                "\uE0BD\uE0BE",
                "\uE0BF\uE0C0",
                "\uE0C1\uE0C2",
                "\uE0C3\uE0C4",
                "\uE0C5\uE0C6",
                "\uE0C7\uE0C8",
                "\uE0C9\uE0CA",
                "\uE0CB\uE0CC",
                "\uE0CD\uE0CE",
                "\uE0CF\uE0D0",
                "\uE0D1\uE0D2",
                "\uE0D3\uE0D4",
                "\uE0D5\uE0D6",
                "\uE0D7\uE0D8",
                "\uE0D9\uE0DA",
                "\uE0DB\uE0DC",
                "\uE0DD\uE0DE",
                "\uE0DF\uE0E0",
                "\uE0E1\uE0E2",
                "\uE0E3\uE0E4",
                "\uE0E5\uE0E6",
                "\uE0E7\uE0E8",
                "\uE0E9\uE0EA",
                "\uE0EB\uE0EC",
                "\uE0ED\uE0EE",
                "\uE0EF\uE0F0",
                "\uE0F1\uE0F2",
                "\uE0F3\uE0F4",
                "\uE0F5\uE0F6",
                "\uE0F7\uE0F8",
                "\uE0F9\uE0FA",
                "\uE0FB\uE0FC",
                "\uE0FD\uE0FE",
                "\uE0FF\uE100"
            ]
	    },
	    {
	        "type": "bitmap",
            "file": "minecraft:font/player_ui/air_bar.png",
            "#": "酸素ゲージ  画像幅:82px",
            "ascent": -14,
            "height": 7.0,
            "chars": [
                "\uE101\uE102",
                "\uE103\uE104",
                "\uE105\uE106",
                "\uE107\uE108",
                "\uE109\uE10A",
                "\uE10B\uE10C",
                "\uE10D\uE10E",
                "\uE10F\uE110",
                "\uE111\uE112",
                "\uE113\uE114",
                "\uE115\uE116"
            ]
	    },      
	    {
	        "type": "bitmap",
            "file": "minecraft:font/player_ui/armor_bar.png",
            "#": "アーマーゲージ  画像幅:82px",
            "ascent": -14,
            "height": 7.0,
            "chars": [
                "\uE121\uE122",
                "\uE123\uE124",
                "\uE125\uE126",
                "\uE127\uE128",
                "\uE129\uE12A",
                "\uE12B\uE12C",
                "\uE12D\uE12E",
                "\uE12F\uE130",
                "\uE131\uE132",
                "\uE133\uE134",
                "\uE135\uE136"
            ]
	    },      
	    {
	        "type": "bitmap",
            "file": "minecraft:font/player_ui/effect_icon.png",
            "#": "エフェクトアイコン",
            "ascent": -16,
            "height": 9.0,
            "chars": [
                "\uE141\uE142\uE143\uE144\uE145",
                "\uE146\uE147\uE148\uE149\uE14A",
                "\uE14B\uE14C\uE14D\uE14E\uE14F",
                "\uE150\uE151\uE152\uE153\uE154",
                "\uE155\uE156\uE157\uE158\uE159",
                "\uE15A\uE15B\uE15C\uE15D\uE15E",
                "\uE15F\uE160\uE161\uE162\uE163"
            ]
	    },
        {
            "type": "space",
            "#": "UIバー用スペース",
                "advances":{
                    "\uEF01": 10,
                    "\uEF02": -92,
                    "\uEF03": -91,
                    "\uEF04": 9
                }
        },
        {
            "type": "space",
            "#": "UI文字用スペース",
                "advances":{
                    "\uEF05": 49.3,
                    "\uEF06": -90.7,
                    "\uEF07": -90.5,
                    "\uEF08": 67.5              
                }
        },
        {
            "type": "space",
            "#": "エフェクトアイコン用スペース",
                "advances":{
                    "\uEF09": 0,
                    "\uEF0A": 0,
                    "\uEF10": 0,
                    "\uEF11": -10,
                    "\uEF12": -20,
                    "\uEF13": -30,
                    "\uEF14": -40,
                    "\uEF15": -50,
                    "\uEF16": -60,
                    "\uEF17": -70,
                    "\uEF18": -80,
                    "\uEF19": -90,
                    "\uEF1A": -100,
                    "\uEF1B": -110,
                    "\uEF1C": -120,
                    "\uEF1D": -130,
                    "\uEF1E": -140,
                    "\uEF1F": -150,
                    "\uEF20": -160,
                    "\uEF21": -170,
                    "\uEF22": -180,
                    "\uEF23": -190,
                    "\uEF24": -200,
                    "\uEF25": -210,
                    "\uEF26": -220,
                    "\uEF27": -230,
                    "\uEF28": -240,
                    "\uEF29": -250,
                    "\uEF2A": -260,
                    "\uEF2B": -270,
                    "\uEF2C": -280,
                    "\uEF2D": -290,
                    "\uEF2E": -300,
                    "\uEF2F": -310,
                    "\uEF30": -320,
                    "\uEF31": -330                
                }
        }
    ]
}
