{
    "providers": [
        {
            "type": "space",
            "#": "MEMO:「space+【FONT】/2  +  space+【FONT】 +  space+【FONT】/2」でスペース幅0 , 中央揃え" ,
                "advances":{
                    "\u200c": 0,
                    "\uF821": 1,
                    "\uF822": 2,
                    "\uF823": 3,
                    "\uF824": 4,
                    "\uF825": 5,
                    "\uF826": 6,
                    "\uF827": 7,
                    "\uF828": 8,
                    "\uF829": 16,
                    "\uF82A": 32,
                    "\uF82B": 64,
                    "\uF82C": 128,
                    "\uF82D": 256,
                    "\uF82E": 512,
                    "\uF82F": 1024,
                    "\uF801": -1,
                    "\uF802": -2,
                    "\uF803": -3,
                    "\uF804": -4,
                    "\uF805": -5,
                    "\uF806": -6,
                    "\uF807": -7,
                    "\uF808": -8,
                    "\uF809": -16,
                    "\uF80A": -32,
                    "\uF80B": -64,
                    "\uF80C": -128,
                    "\uF80D": -256,
                    "\uF80E": -512,
                    "\uF80F": -1024
                }
        },
	    {
	        "type": "bitmap",
            "file": "minecraft:font/player_ui/effect_icon.png",
            "#": "エフェクトアイコン",
            "ascent": -3,
            "height": 9.0,
            "chars": [
                "abcde",
                "fghij",
                "klmno",
                "pqrst",
                "uvwxy",
                "zABCD",
                "EFGHI"
            ]
	    },
        {
            "type": "space",
            "#": "エフェクトアイコン用スペース",
                "advances":{
                    "\uE000": 91,
                    "\uE001": -91,
                    "\uE010": 0,
                    "\uE011": -10,
                    "\uE012": -20,
                    "\uE013": -30,
                    "\uE014": -40,
                    "\uE015": -50,
                    "\uE016": -60,
                    "\uE017": -70,
                    "\uE018": -80,
                    "\uE019": -90,
                    "\uE01A": -100,
                    "\uE01B": -110,
                    "\uE01C": -120,
                    "\uE01D": -130,
                    "\uE01E": -140,
                    "\uE01F": -150,
                    "\uE020": -160,
                    "\uE021": -170,
                    "\uE022": -180,
                    "\uE023": -190,
                    "\uE024": -200,
                    "\uE025": -210,
                    "\uE026": -220,
                    "\uE027": -230,
                    "\uE028": -240,
                    "\uE029": -250,
                    "\uE02A": -260,
                    "\uE02B": -270,
                    "\uE02C": -280,
                    "\uE02D": -290,
                    "\uE02E": -300,
                    "\uE02F": -310,
                    "\uE030": -320,
                    "\uE031": -330                
                }
        }
    ]
}
