{
    "providers": [
	    {
	        "type": "bitmap",
                "file": "minecraft:font/system/start.png",
                "ascent": 22.0,
                "height": 48.0,
                "chars": ["\uE000"]
	    },
            {
	        "type": "bitmap",
                "file": "minecraft:font/system/seeker_win.png",
                "ascent": 22.0,
                "height": 48.0,
                "chars": ["\uE001"]
	    },
	    {
	        "type": "bitmap",
                "file": "minecraft:font/system/hider_win.png",
                "ascent": 22.0,
                "height": 48.0,
                "chars": ["\uE002"]
	    },
	    {
	        "type": "bitmap",
                "file": "minecraft:font/system/worldborder_1.png",
                "ascent": 22.0,
                "height": 48.0,
                "chars": ["\uE003"]
	    },
	    {
	        "type": "bitmap",
                "file": "minecraft:font/system/worldborder_2.png",
                "ascent": 22.0,
                "height": 48.0,
                "chars": ["\uE004"]
	    },
	    {
	        "type": "bitmap",
                "file": "minecraft:font/system/release_seeker.png",
                "ascent": 22.0,
                "height": 48.0,
                "chars": ["\uE005"]
	    },
	    {
	        "type": "bitmap",
                "file": "minecraft:font/system/start_seeker.png",
                "ascent": 22.0,
                "height": 48.0,
                "chars": ["\uE006"]
	    },
	    {
	        "type": "bitmap",
                "file": "minecraft:font/system/start_hider.png",
                "ascent": 22.0,
                "height": 48.0,
                "chars": ["\uE007"]
	    }
    ]
}