{
    "providers": [
        {
            "type": "space",
            "advances":{
                " ": 4,
                "\u200c": 0,
                "\uF821": 1,
                "\uF822": 2,
                "\uF823": 3,
                "\uF824": 4,
                "\uF825": 5,
                "\uF826": 6,
                "\uF827": 7,
                "\uF828": 8,
                "\uF829": 16,
                "\uF82A": 32,
                "\uF82B": 64,
                "\uF82C": 128,
                "\uF82D": 256,
                "\uF82E": 512,
                "\uF82F": 1024,
                "\uF921": -1,
                "\uF922": -2,
                "\uF923": -3,
                "\uF924": -4,
                "\uF925": -5,
                "\uF926": -6,
                "\uF927": -7,
                "\uF928": -8,
                "\uF929": -16,
                "\uF92A": -32,
                "\uF92B": -64,
                "\uF92C": -128,
                "\uF92D": -256,
                "\uF92E": -512,
                "\uF92F": -1024
            }
        },
        {
            "type": "bitmap",
            "file": "dozleriddle:font/black.png",
            "ascent": 50,
            "height": 180,
            "chars": [
                "\uE001"
            ]
        },
        {
            "type": "bitmap",
            "file": "dozleriddle:font/white.png",
            "ascent": 50,
            "height": 180,
            "chars": [
                "\uE002"
            ]
        }
    ]
}