{
	"parent": "antenna",
	"textures": {
		"3": "item/antenna"
	},
	"elements": [
		{
			"from": [6.6, 17.38125, 6.6],
			"to": [9.4, 20.18125, 9.4],
			"rotation": {"angle": 0, "axis": "y", "origin": [10.3, 8.98125, 7.3]},
			"faces": {
				"north": {"uv": [0, 2, 2, 4], "rotation": 90, "texture": "#3"},
				"east": {"uv": [0, 2, 2, 4], "rotation": 90, "texture": "#3"},
				"south": {"uv": [0, 2, 2, 4], "rotation": 90, "texture": "#3"},
				"west": {"uv": [0, 2, 2, 4], "rotation": 90, "texture": "#3"},
				"up": {"uv": [0, 2, 2, 4], "rotation": 180, "texture": "#3"},
				"down": {"uv": [0, 2, 2, 4], "texture": "#3"}
			}
		},
		{
			"from": [6.8, 17.58125, 6.8],
			"to": [9.2, 19.98125, 9.2],
			"rotation": {"angle": 0, "axis": "y", "origin": [10.3, 8.98125, 7.3]},
			"faces": {
				"north": {"uv": [8, 2, 10, 4], "rotation": 90, "texture": "#3"},
				"east": {"uv": [8, 2, 10, 4], "rotation": 90, "texture": "#3"},
				"south": {"uv": [8, 2, 10, 4], "rotation": 90, "texture": "#3"},
				"west": {"uv": [8, 2, 10, 4], "rotation": 90, "texture": "#3"},
				"up": {"uv": [8, 2, 10, 4], "rotation": 180, "texture": "#3"},
				"down": {"uv": [8, 2, 10, 4], "texture": "#3"}
			}
		},
		{
			"from": [6.6, 17.38125, 6.6],
			"to": [9.4, 20.18125, 9.4],
			"rotation": {"angle": 45, "axis": "y", "origin": [8, 18.78125, 8]},
			"faces": {
				"north": {"uv": [0, 2, 2, 4], "rotation": 90, "texture": "#3"},
				"east": {"uv": [0, 2, 2, 4], "rotation": 90, "texture": "#3"},
				"south": {"uv": [0, 2, 2, 4], "rotation": 90, "texture": "#3"},
				"west": {"uv": [0, 2, 2, 4], "rotation": 90, "texture": "#3"},
				"up": {"uv": [0, 2, 2, 4], "rotation": 180, "texture": "#3"},
				"down": {"uv": [0, 2, 2, 4], "texture": "#3"}
			}
		},
		{
			"from": [6.8, 17.58125, 6.8],
			"to": [9.2, 19.98125, 9.2],
			"rotation": {"angle": 45, "axis": "y", "origin": [8, 18.78125, 8]},
			"faces": {
				"north": {"uv": [8, 2, 10, 4], "rotation": 90, "texture": "#3"},
				"east": {"uv": [8, 2, 10, 4], "rotation": 90, "texture": "#3"},
				"south": {"uv": [8, 2, 10, 4], "rotation": 90, "texture": "#3"},
				"west": {"uv": [8, 2, 10, 4], "rotation": 90, "texture": "#3"},
				"up": {"uv": [8, 2, 10, 4], "rotation": 180, "texture": "#3"},
				"down": {"uv": [8, 2, 10, 4], "texture": "#3"}
			}
		},
		{
			"from": [6.6, 17.38125, 6.6],
			"to": [9.4, 20.18125, 9.4],
			"rotation": {"angle": -45, "axis": "z", "origin": [8, 18.78125, 8]},
			"faces": {
				"north": {"uv": [0, 2, 2, 4], "rotation": 90, "texture": "#3"},
				"east": {"uv": [0, 2, 2, 4], "rotation": 90, "texture": "#3"},
				"south": {"uv": [0, 2, 2, 4], "rotation": 90, "texture": "#3"},
				"west": {"uv": [0, 2, 2, 4], "rotation": 90, "texture": "#3"},
				"up": {"uv": [0, 2, 2, 4], "rotation": 90, "texture": "#3"},
				"down": {"uv": [0, 2, 2, 4], "rotation": 90, "texture": "#3"}
			}
		},
		{
			"from": [6.8, 17.58125, 6.8],
			"to": [9.2, 19.98125, 9.2],
			"rotation": {"angle": -45, "axis": "z", "origin": [8, 18.78125, 8]},
			"faces": {
				"north": {"uv": [8, 2, 10, 4], "rotation": 90, "texture": "#3"},
				"east": {"uv": [8, 2, 10, 4], "rotation": 90, "texture": "#3"},
				"south": {"uv": [8, 2, 10, 4], "rotation": 90, "texture": "#3"},
				"west": {"uv": [8, 2, 10, 4], "rotation": 90, "texture": "#3"},
				"up": {"uv": [8, 2, 10, 4], "rotation": 90, "texture": "#3"},
				"down": {"uv": [8, 2, 10, 4], "rotation": 90, "texture": "#3"}
			}
		},
		{
			"from": [6.6, 17.38125, 6.6],
			"to": [9.4, 20.18125, 9.4],
			"rotation": {"angle": -45, "axis": "x", "origin": [8, 18.78125, 8]},
			"faces": {
				"north": {"uv": [0, 2, 2, 4], "rotation": 90, "texture": "#3"},
				"east": {"uv": [0, 2, 2, 4], "rotation": 90, "texture": "#3"},
				"south": {"uv": [0, 2, 2, 4], "rotation": 90, "texture": "#3"},
				"west": {"uv": [0, 2, 2, 4], "rotation": 90, "texture": "#3"},
				"up": {"uv": [0, 2, 2, 4], "rotation": 90, "texture": "#3"},
				"down": {"uv": [0, 2, 2, 4], "rotation": 90, "texture": "#3"}
			}
		},
		{
			"from": [6.8, 17.58125, 6.8],
			"to": [9.2, 19.98125, 9.2],
			"rotation": {"angle": -45, "axis": "x", "origin": [8, 18.78125, 8]},
			"faces": {
				"north": {"uv": [8, 2, 10, 4], "rotation": 90, "texture": "#3"},
				"east": {"uv": [8, 2, 10, 4], "rotation": 90, "texture": "#3"},
				"south": {"uv": [8, 2, 10, 4], "rotation": 90, "texture": "#3"},
				"west": {"uv": [8, 2, 10, 4], "rotation": 90, "texture": "#3"},
				"up": {"uv": [8, 2, 10, 4], "rotation": 90, "texture": "#3"},
				"down": {"uv": [8, 2, 10, 4], "rotation": 90, "texture": "#3"}
			}
		},
		{
			"name": "hexadecagon",
			"from": [6, 10, 6.60218],
			"to": [10, 10.5, 9.39782],
			"rotation": {"angle": 0, "axis": "y", "origin": [8, 10.5, 8]},
			"faces": {
				"north": {"uv": [1.3375, 8.26806, 1.775, 8.33056], "texture": "#3"},
				"east": {"uv": [1.3375, 8.26806, 1.64327, 8.33056], "texture": "#3"},
				"south": {"uv": [1.3375, 8.26806, 1.775, 8.33056], "texture": "#3"},
				"west": {"uv": [1.3375, 8.26806, 1.64327, 8.33056], "texture": "#3"},
				"up": {"uv": [1.3375, 8.26806, 1.64327, 8.76806], "rotation": 90, "texture": "#3"},
				"down": {"uv": [1.3375, 8.26806, 1.64327, 8.76806], "rotation": 270, "texture": "#3"}
			}
		},
		{
			"from": [7.625, 10.28125, 7.625],
			"to": [8.375, 21.40625, 8.375],
			"rotation": {"angle": 0, "axis": "y", "origin": [10.25, 6.03125, 7.25]},
			"faces": {
				"north": {"uv": [6.46226, 8.125, 6.70755, 9.875], "texture": "#3"},
				"east": {"uv": [6.125, 8.125, 7.75, 9.04953], "rotation": 90, "texture": "#3"},
				"south": {"uv": [6.125, 8.125, 7.75, 9.04953], "rotation": 90, "texture": "#3"},
				"west": {"uv": [6.125, 8.125, 7.75, 9.04953], "rotation": 90, "texture": "#3"},
				"up": {"uv": [6.46226, 8.125, 6.70755, 8.21037], "rotation": 90, "texture": "#3"},
				"down": {"uv": [6.46226, 8.125, 6.70755, 8.21037], "rotation": 270, "texture": "#3"}
			}
		},
		{
			"name": "hexadecagon",
			"from": [10.25, 18.78125, 7.40327],
			"to": [11, 19.53125, 8.59673],
			"rotation": {"angle": -45, "axis": "y", "origin": [8, 18.78125, 8]},
			"faces": {
				"north": {"uv": [6.46226, 8.125, 6.95283, 8.29573], "texture": "#3"},
				"east": {"uv": [6.46226, 8.125, 6.95283, 8.29573], "texture": "#3"},
				"south": {"uv": [6.46226, 8.125, 6.95283, 8.29573], "texture": "#3"},
				"west": {"uv": [6.46226, 8.125, 6.95283, 8.29573], "texture": "#3"},
				"up": {"uv": [6.46226, 8.125, 6.95283, 8.29573], "rotation": 90, "texture": "#3"},
				"down": {"uv": [6.46226, 8.125, 6.95283, 8.29573], "rotation": 270, "texture": "#3"}
			}
		},
		{
			"name": "hexadecagon",
			"from": [10.25, 18.78125, 7.40327],
			"to": [11, 19.53125, 8.59673],
			"rotation": {"angle": -22.5, "axis": "y", "origin": [8, 18.78125, 8]},
			"faces": {
				"north": {"uv": [6.46226, 8.125, 6.95283, 8.29573], "texture": "#3"},
				"east": {"uv": [6.46226, 8.125, 6.95283, 8.29573], "texture": "#3"},
				"south": {"uv": [6.46226, 8.125, 6.95283, 8.29573], "texture": "#3"},
				"west": {"uv": [6.46226, 8.125, 6.95283, 8.29573], "texture": "#3"},
				"up": {"uv": [6.46226, 8.125, 6.95283, 8.29573], "rotation": 90, "texture": "#3"},
				"down": {"uv": [6.46226, 8.125, 6.95283, 8.29573], "rotation": 270, "texture": "#3"}
			}
		},
		{
			"name": "hexadecagon",
			"from": [10.25, 18.78125, 7.40327],
			"to": [12.5, 19.53125, 8.59673],
			"rotation": {"angle": 0, "axis": "y", "origin": [8, 18.78125, 8]},
			"faces": {
				"north": {"uv": [6.46226, 8.125, 6.95283, 8.29573], "texture": "#3"},
				"east": {"uv": [6.46226, 8.125, 6.95283, 8.29573], "texture": "#3"},
				"south": {"uv": [6.46226, 8.125, 6.95283, 8.29573], "texture": "#3"},
				"west": {"uv": [6.46226, 8.125, 6.95283, 8.29573], "texture": "#3"},
				"up": {"uv": [6.46226, 8.125, 6.95283, 8.29573], "rotation": 90, "texture": "#3"},
				"down": {"uv": [6.46226, 8.125, 6.95283, 8.29573], "rotation": 270, "texture": "#3"}
			}
		},
		{
			"name": "hexadecagon",
			"from": [10.25, 18.78125, 7.40327],
			"to": [11, 19.53125, 8.59673],
			"rotation": {"angle": 22.5, "axis": "y", "origin": [8, 18.78125, 8]},
			"faces": {
				"north": {"uv": [6.46226, 8.125, 6.95283, 8.29573], "texture": "#3"},
				"east": {"uv": [6.46226, 8.125, 6.95283, 8.29573], "texture": "#3"},
				"south": {"uv": [6.46226, 8.125, 6.95283, 8.29573], "texture": "#3"},
				"west": {"uv": [6.46226, 8.125, 6.95283, 8.29573], "texture": "#3"},
				"up": {"uv": [6.46226, 8.125, 6.95283, 8.29573], "rotation": 90, "texture": "#3"},
				"down": {"uv": [6.46226, 8.125, 6.95283, 8.29573], "rotation": 270, "texture": "#3"}
			}
		},
		{
			"name": "hexadecagon",
			"from": [10.25, 18.78125, 7.40327],
			"to": [11, 19.53125, 8.59673],
			"rotation": {"angle": 45, "axis": "y", "origin": [8, 18.78125, 8]},
			"faces": {
				"north": {"uv": [6.46226, 8.125, 6.95283, 8.29573], "texture": "#3"},
				"east": {"uv": [6.46226, 8.125, 6.95283, 8.29573], "texture": "#3"},
				"south": {"uv": [6.46226, 8.125, 6.95283, 8.29573], "texture": "#3"},
				"west": {"uv": [6.46226, 8.125, 6.95283, 8.29573], "texture": "#3"},
				"up": {"uv": [6.46226, 8.125, 6.95283, 8.29573], "rotation": 90, "texture": "#3"},
				"down": {"uv": [6.46226, 8.125, 6.95283, 8.29573], "rotation": 270, "texture": "#3"}
			}
		},
		{
			"name": "hexadecagon",
			"from": [5, 18.78125, 7.40327],
			"to": [5.75, 19.53125, 8.59673],
			"rotation": {"angle": -45, "axis": "y", "origin": [8, 18.78125, 8]},
			"faces": {
				"north": {"uv": [6.46226, 8.125, 6.95283, 8.29573], "texture": "#3"},
				"east": {"uv": [6.46226, 8.125, 6.95283, 8.29573], "texture": "#3"},
				"south": {"uv": [6.46226, 8.125, 6.95283, 8.29573], "texture": "#3"},
				"west": {"uv": [6.46226, 8.125, 6.95283, 8.29573], "texture": "#3"},
				"up": {"uv": [6.46226, 8.125, 6.95283, 8.29573], "rotation": 90, "texture": "#3"},
				"down": {"uv": [6.46226, 8.125, 6.95283, 8.29573], "rotation": 270, "texture": "#3"}
			}
		},
		{
			"name": "hexadecagon",
			"from": [5, 18.78125, 7.40327],
			"to": [5.75, 19.53125, 8.59673],
			"rotation": {"angle": -22.5, "axis": "y", "origin": [8, 18.78125, 8]},
			"faces": {
				"north": {"uv": [6.46226, 8.125, 6.95283, 8.29573], "texture": "#3"},
				"east": {"uv": [6.46226, 8.125, 6.95283, 8.29573], "texture": "#3"},
				"south": {"uv": [6.46226, 8.125, 6.95283, 8.29573], "texture": "#3"},
				"west": {"uv": [6.46226, 8.125, 6.95283, 8.29573], "texture": "#3"},
				"up": {"uv": [6.46226, 8.125, 6.95283, 8.29573], "rotation": 90, "texture": "#3"},
				"down": {"uv": [6.46226, 8.125, 6.95283, 8.29573], "rotation": 270, "texture": "#3"}
			}
		},
		{
			"name": "hexadecagon",
			"from": [3.5, 18.78125, 7.40327],
			"to": [5.75, 19.53125, 8.59673],
			"rotation": {"angle": 0, "axis": "y", "origin": [8, 18.78125, 8]},
			"faces": {
				"north": {"uv": [6.46226, 8.125, 6.95283, 8.29573], "texture": "#3"},
				"east": {"uv": [6.46226, 8.125, 6.95283, 8.29573], "texture": "#3"},
				"south": {"uv": [6.46226, 8.125, 6.95283, 8.29573], "texture": "#3"},
				"west": {"uv": [6.46226, 8.125, 6.95283, 8.29573], "texture": "#3"},
				"up": {"uv": [6.46226, 8.125, 6.95283, 8.29573], "rotation": 90, "texture": "#3"},
				"down": {"uv": [6.46226, 8.125, 6.95283, 8.29573], "rotation": 270, "texture": "#3"}
			}
		},
		{
			"name": "hexadecagon",
			"from": [5, 18.78125, 7.40327],
			"to": [5.75, 19.53125, 8.59673],
			"rotation": {"angle": 22.5, "axis": "y", "origin": [8, 18.78125, 8]},
			"faces": {
				"north": {"uv": [6.46226, 8.125, 6.95283, 8.29573], "texture": "#3"},
				"east": {"uv": [6.46226, 8.125, 6.95283, 8.29573], "texture": "#3"},
				"south": {"uv": [6.46226, 8.125, 6.95283, 8.29573], "texture": "#3"},
				"west": {"uv": [6.46226, 8.125, 6.95283, 8.29573], "texture": "#3"},
				"up": {"uv": [6.46226, 8.125, 6.95283, 8.29573], "rotation": 90, "texture": "#3"},
				"down": {"uv": [6.46226, 8.125, 6.95283, 8.29573], "rotation": 270, "texture": "#3"}
			}
		},
		{
			"name": "hexadecagon",
			"from": [5, 18.78125, 7.40327],
			"to": [5.75, 19.53125, 8.59673],
			"rotation": {"angle": 45, "axis": "y", "origin": [8, 18.78125, 8]},
			"faces": {
				"north": {"uv": [6.46226, 8.125, 6.95283, 8.29573], "texture": "#3"},
				"east": {"uv": [6.46226, 8.125, 6.95283, 8.29573], "texture": "#3"},
				"south": {"uv": [6.46226, 8.125, 6.95283, 8.29573], "texture": "#3"},
				"west": {"uv": [6.46226, 8.125, 6.95283, 8.29573], "texture": "#3"},
				"up": {"uv": [6.46226, 8.125, 6.95283, 8.29573], "rotation": 90, "texture": "#3"},
				"down": {"uv": [6.46226, 8.125, 6.95283, 8.29573], "rotation": 270, "texture": "#3"}
			}
		},
		{
			"name": "hexadecagon",
			"from": [7.40327, 18.78125, 5],
			"to": [8.59673, 19.53125, 5.75],
			"rotation": {"angle": -22.5, "axis": "y", "origin": [8, 18.78125, 8]},
			"faces": {
				"north": {"uv": [6.46226, 8.125, 6.95283, 8.29573], "texture": "#3"},
				"east": {"uv": [6.46226, 8.125, 6.95283, 8.29573], "texture": "#3"},
				"south": {"uv": [6.46226, 8.125, 6.95283, 8.29573], "texture": "#3"},
				"west": {"uv": [6.46226, 8.125, 6.95283, 8.29573], "texture": "#3"},
				"up": {"uv": [6.46226, 8.125, 6.95283, 8.29573], "rotation": 90, "texture": "#3"},
				"down": {"uv": [6.46226, 8.125, 6.95283, 8.29573], "rotation": 270, "texture": "#3"}
			}
		},
		{
			"name": "hexadecagon",
			"from": [7.40327, 18.78125, 3.5],
			"to": [8.59673, 19.53125, 5.75],
			"rotation": {"angle": 0, "axis": "y", "origin": [8, 18.78125, 8]},
			"faces": {
				"north": {"uv": [6.46226, 8.125, 6.95283, 8.29573], "texture": "#3"},
				"east": {"uv": [6.46226, 8.125, 6.95283, 8.29573], "texture": "#3"},
				"south": {"uv": [6.46226, 8.125, 6.95283, 8.29573], "texture": "#3"},
				"west": {"uv": [6.46226, 8.125, 6.95283, 8.29573], "texture": "#3"},
				"up": {"uv": [6.46226, 8.125, 6.95283, 8.29573], "rotation": 90, "texture": "#3"},
				"down": {"uv": [6.46226, 8.125, 6.95283, 8.29573], "rotation": 270, "texture": "#3"}
			}
		},
		{
			"name": "hexadecagon",
			"from": [7.40327, 18.78125, 5],
			"to": [8.59673, 19.53125, 5.75],
			"rotation": {"angle": 22.5, "axis": "y", "origin": [8, 18.78125, 8]},
			"faces": {
				"north": {"uv": [6.46226, 8.125, 6.95283, 8.29573], "texture": "#3"},
				"east": {"uv": [6.46226, 8.125, 6.95283, 8.29573], "texture": "#3"},
				"south": {"uv": [6.46226, 8.125, 6.95283, 8.29573], "texture": "#3"},
				"west": {"uv": [6.46226, 8.125, 6.95283, 8.29573], "texture": "#3"},
				"up": {"uv": [6.46226, 8.125, 6.95283, 8.29573], "rotation": 90, "texture": "#3"},
				"down": {"uv": [6.46226, 8.125, 6.95283, 8.29573], "rotation": 270, "texture": "#3"}
			}
		},
		{
			"name": "hexadecagon",
			"from": [7.40327, 18.78125, 10.25],
			"to": [8.59673, 19.53125, 11],
			"rotation": {"angle": -22.5, "axis": "y", "origin": [8, 18.78125, 8]},
			"faces": {
				"north": {"uv": [6.46226, 8.125, 6.95283, 8.29573], "texture": "#3"},
				"east": {"uv": [6.46226, 8.125, 6.95283, 8.29573], "texture": "#3"},
				"south": {"uv": [6.46226, 8.125, 6.95283, 8.29573], "texture": "#3"},
				"west": {"uv": [6.46226, 8.125, 6.95283, 8.29573], "texture": "#3"},
				"up": {"uv": [6.46226, 8.125, 6.95283, 8.29573], "rotation": 90, "texture": "#3"},
				"down": {"uv": [6.46226, 8.125, 6.95283, 8.29573], "rotation": 270, "texture": "#3"}
			}
		},
		{
			"name": "hexadecagon",
			"from": [7.40327, 18.78125, 10.25],
			"to": [8.59673, 19.53125, 12.5],
			"rotation": {"angle": 0, "axis": "y", "origin": [8, 18.78125, 8]},
			"faces": {
				"north": {"uv": [6.46226, 8.125, 6.95283, 8.29573], "texture": "#3"},
				"east": {"uv": [6.46226, 8.125, 6.95283, 8.29573], "texture": "#3"},
				"south": {"uv": [6.46226, 8.125, 6.95283, 8.29573], "texture": "#3"},
				"west": {"uv": [6.46226, 8.125, 6.95283, 8.29573], "texture": "#3"},
				"up": {"uv": [6.46226, 8.125, 6.95283, 8.29573], "rotation": 90, "texture": "#3"},
				"down": {"uv": [6.46226, 8.125, 6.95283, 8.29573], "rotation": 270, "texture": "#3"}
			}
		},
		{
			"name": "hexadecagon",
			"from": [7.40327, 18.78125, 10.25],
			"to": [8.59673, 19.53125, 11],
			"rotation": {"angle": 22.5, "axis": "y", "origin": [8, 18.78125, 8]},
			"faces": {
				"north": {"uv": [6.46226, 8.125, 6.95283, 8.29573], "texture": "#3"},
				"east": {"uv": [6.46226, 8.125, 6.95283, 8.29573], "texture": "#3"},
				"south": {"uv": [6.46226, 8.125, 6.95283, 8.29573], "texture": "#3"},
				"west": {"uv": [6.46226, 8.125, 6.95283, 8.29573], "texture": "#3"},
				"up": {"uv": [6.46226, 8.125, 6.95283, 8.29573], "rotation": 90, "texture": "#3"},
				"down": {"uv": [6.46226, 8.125, 6.95283, 8.29573], "rotation": 270, "texture": "#3"}
			}
		},
		{
			"name": "hexadecagon",
			"from": [7.625, 21.03125, 7.40327],
			"to": [8.375, 21.78125, 8.59673],
			"rotation": {"angle": 45, "axis": "x", "origin": [8.375, 18.78125, 8]},
			"faces": {
				"north": {"uv": [6.46226, 8.125, 6.95283, 8.29573], "rotation": 90, "texture": "#3"},
				"east": {"uv": [6.46226, 8.125, 6.95283, 8.29573], "rotation": 180, "texture": "#3"},
				"south": {"uv": [6.46226, 8.125, 6.95283, 8.29573], "rotation": 270, "texture": "#3"},
				"west": {"uv": [6.46226, 8.125, 6.95283, 8.29573], "texture": "#3"},
				"up": {"uv": [6.46226, 8.125, 6.95283, 8.29573], "rotation": 270, "texture": "#3"},
				"down": {"uv": [6.46226, 8.125, 6.95283, 8.29573], "rotation": 270, "texture": "#3"}
			}
		},
		{
			"name": "hexadecagon",
			"from": [7.625, 21.03125, 7.40327],
			"to": [8.375, 21.78125, 8.59673],
			"rotation": {"angle": 22.5, "axis": "x", "origin": [8.375, 18.78125, 8]},
			"faces": {
				"north": {"uv": [6.46226, 8.125, 6.95283, 8.29573], "rotation": 90, "texture": "#3"},
				"east": {"uv": [6.46226, 8.125, 6.95283, 8.29573], "rotation": 180, "texture": "#3"},
				"south": {"uv": [6.46226, 8.125, 6.95283, 8.29573], "rotation": 270, "texture": "#3"},
				"west": {"uv": [6.46226, 8.125, 6.95283, 8.29573], "texture": "#3"},
				"up": {"uv": [6.46226, 8.125, 6.95283, 8.29573], "rotation": 270, "texture": "#3"},
				"down": {"uv": [6.46226, 8.125, 6.95283, 8.29573], "rotation": 270, "texture": "#3"}
			}
		},
		{
			"name": "hexadecagon",
			"from": [7.625, 21.03125, 7.40327],
			"to": [8.375, 23.28125, 8.59673],
			"rotation": {"angle": 0, "axis": "y", "origin": [8.375, 18.78125, 8]},
			"faces": {
				"north": {"uv": [6.46226, 8.125, 6.95283, 8.29573], "rotation": 90, "texture": "#3"},
				"east": {"uv": [6.46226, 8.125, 6.95283, 8.29573], "rotation": 180, "texture": "#3"},
				"south": {"uv": [6.46226, 8.125, 6.95283, 8.29573], "rotation": 270, "texture": "#3"},
				"west": {"uv": [6.46226, 8.125, 6.95283, 8.29573], "texture": "#3"},
				"up": {"uv": [6.46226, 8.125, 6.95283, 8.29573], "rotation": 270, "texture": "#3"},
				"down": {"uv": [6.46226, 8.125, 6.95283, 8.29573], "rotation": 270, "texture": "#3"}
			}
		},
		{
			"name": "hexadecagon",
			"from": [7.625, 21.03125, 7.40327],
			"to": [8.375, 21.78125, 8.59673],
			"rotation": {"angle": -22.5, "axis": "x", "origin": [8.375, 18.78125, 8]},
			"faces": {
				"north": {"uv": [6.46226, 8.125, 6.95283, 8.29573], "rotation": 90, "texture": "#3"},
				"east": {"uv": [6.46226, 8.125, 6.95283, 8.29573], "rotation": 180, "texture": "#3"},
				"south": {"uv": [6.46226, 8.125, 6.95283, 8.29573], "rotation": 270, "texture": "#3"},
				"west": {"uv": [6.46226, 8.125, 6.95283, 8.29573], "texture": "#3"},
				"up": {"uv": [6.46226, 8.125, 6.95283, 8.29573], "rotation": 270, "texture": "#3"},
				"down": {"uv": [6.46226, 8.125, 6.95283, 8.29573], "rotation": 270, "texture": "#3"}
			}
		},
		{
			"name": "hexadecagon",
			"from": [7.625, 21.03125, 7.40327],
			"to": [8.375, 21.78125, 8.59673],
			"rotation": {"angle": -45, "axis": "x", "origin": [8.375, 18.78125, 8]},
			"faces": {
				"north": {"uv": [6.46226, 8.125, 6.95283, 8.29573], "rotation": 90, "texture": "#3"},
				"east": {"uv": [6.46226, 8.125, 6.95283, 8.29573], "rotation": 180, "texture": "#3"},
				"south": {"uv": [6.46226, 8.125, 6.95283, 8.29573], "rotation": 270, "texture": "#3"},
				"west": {"uv": [6.46226, 8.125, 6.95283, 8.29573], "texture": "#3"},
				"up": {"uv": [6.46226, 8.125, 6.95283, 8.29573], "rotation": 270, "texture": "#3"},
				"down": {"uv": [6.46226, 8.125, 6.95283, 8.29573], "rotation": 270, "texture": "#3"}
			}
		},
		{
			"name": "hexadecagon",
			"from": [7.625, 15.78125, 7.40327],
			"to": [8.375, 16.53125, 8.59673],
			"rotation": {"angle": 45, "axis": "x", "origin": [8.375, 18.78125, 8]},
			"faces": {
				"north": {"uv": [6.46226, 8.125, 6.95283, 8.29573], "rotation": 90, "texture": "#3"},
				"east": {"uv": [6.46226, 8.125, 6.95283, 8.29573], "rotation": 180, "texture": "#3"},
				"south": {"uv": [6.46226, 8.125, 6.95283, 8.29573], "rotation": 270, "texture": "#3"},
				"west": {"uv": [6.46226, 8.125, 6.95283, 8.29573], "texture": "#3"},
				"up": {"uv": [6.46226, 8.125, 6.95283, 8.29573], "rotation": 270, "texture": "#3"},
				"down": {"uv": [6.46226, 8.125, 6.95283, 8.29573], "rotation": 270, "texture": "#3"}
			}
		},
		{
			"name": "hexadecagon",
			"from": [7.625, 15.78125, 7.40327],
			"to": [8.375, 16.53125, 8.59673],
			"rotation": {"angle": 22.5, "axis": "x", "origin": [8.375, 18.78125, 8]},
			"faces": {
				"north": {"uv": [6.46226, 8.125, 6.95283, 8.29573], "rotation": 90, "texture": "#3"},
				"east": {"uv": [6.46226, 8.125, 6.95283, 8.29573], "rotation": 180, "texture": "#3"},
				"south": {"uv": [6.46226, 8.125, 6.95283, 8.29573], "rotation": 270, "texture": "#3"},
				"west": {"uv": [6.46226, 8.125, 6.95283, 8.29573], "texture": "#3"},
				"up": {"uv": [6.46226, 8.125, 6.95283, 8.29573], "rotation": 270, "texture": "#3"},
				"down": {"uv": [6.46226, 8.125, 6.95283, 8.29573], "rotation": 270, "texture": "#3"}
			}
		},
		{
			"name": "hexadecagon",
			"from": [7.625, 15.78125, 7.40327],
			"to": [8.375, 16.53125, 8.59673],
			"rotation": {"angle": 0, "axis": "y", "origin": [8.375, 18.78125, 8]},
			"faces": {
				"north": {"uv": [6.46226, 8.125, 6.95283, 8.29573], "rotation": 90, "texture": "#3"},
				"east": {"uv": [6.46226, 8.125, 6.95283, 8.29573], "rotation": 180, "texture": "#3"},
				"south": {"uv": [6.46226, 8.125, 6.95283, 8.29573], "rotation": 270, "texture": "#3"},
				"west": {"uv": [6.46226, 8.125, 6.95283, 8.29573], "texture": "#3"},
				"up": {"uv": [6.46226, 8.125, 6.95283, 8.29573], "rotation": 270, "texture": "#3"},
				"down": {"uv": [6.46226, 8.125, 6.95283, 8.29573], "rotation": 270, "texture": "#3"}
			}
		},
		{
			"name": "hexadecagon",
			"from": [7.625, 15.78125, 7.40327],
			"to": [8.375, 16.53125, 8.59673],
			"rotation": {"angle": -22.5, "axis": "x", "origin": [8.375, 18.78125, 8]},
			"faces": {
				"north": {"uv": [6.46226, 8.125, 6.95283, 8.29573], "rotation": 90, "texture": "#3"},
				"east": {"uv": [6.46226, 8.125, 6.95283, 8.29573], "rotation": 180, "texture": "#3"},
				"south": {"uv": [6.46226, 8.125, 6.95283, 8.29573], "rotation": 270, "texture": "#3"},
				"west": {"uv": [6.46226, 8.125, 6.95283, 8.29573], "texture": "#3"},
				"up": {"uv": [6.46226, 8.125, 6.95283, 8.29573], "rotation": 270, "texture": "#3"},
				"down": {"uv": [6.46226, 8.125, 6.95283, 8.29573], "rotation": 270, "texture": "#3"}
			}
		},
		{
			"name": "hexadecagon",
			"from": [7.625, 15.78125, 7.40327],
			"to": [8.375, 16.53125, 8.59673],
			"rotation": {"angle": -45, "axis": "x", "origin": [8.375, 18.78125, 8]},
			"faces": {
				"north": {"uv": [6.46226, 8.125, 6.95283, 8.29573], "rotation": 90, "texture": "#3"},
				"east": {"uv": [6.46226, 8.125, 6.95283, 8.29573], "rotation": 180, "texture": "#3"},
				"south": {"uv": [6.46226, 8.125, 6.95283, 8.29573], "rotation": 270, "texture": "#3"},
				"west": {"uv": [6.46226, 8.125, 6.95283, 8.29573], "texture": "#3"},
				"up": {"uv": [6.46226, 8.125, 6.95283, 8.29573], "rotation": 270, "texture": "#3"},
				"down": {"uv": [6.46226, 8.125, 6.95283, 8.29573], "rotation": 270, "texture": "#3"}
			}
		},
		{
			"name": "hexadecagon",
			"from": [7.625, 18.18452, 5],
			"to": [8.375, 19.37798, 5.75],
			"rotation": {"angle": 22.5, "axis": "x", "origin": [8.375, 18.78125, 8]},
			"faces": {
				"north": {"uv": [6.46226, 8.125, 6.95283, 8.29573], "rotation": 90, "texture": "#3"},
				"east": {"uv": [6.46226, 8.125, 6.95283, 8.29573], "rotation": 180, "texture": "#3"},
				"south": {"uv": [6.46226, 8.125, 6.95283, 8.29573], "rotation": 270, "texture": "#3"},
				"west": {"uv": [6.46226, 8.125, 6.95283, 8.29573], "texture": "#3"},
				"up": {"uv": [6.46226, 8.125, 6.95283, 8.29573], "rotation": 270, "texture": "#3"},
				"down": {"uv": [6.46226, 8.125, 6.95283, 8.29573], "rotation": 270, "texture": "#3"}
			}
		},
		{
			"name": "hexadecagon",
			"from": [7.625, 18.18452, 5],
			"to": [8.375, 19.37798, 5.75],
			"rotation": {"angle": 0, "axis": "y", "origin": [8.375, 18.78125, 8]},
			"faces": {
				"north": {"uv": [6.46226, 8.125, 6.95283, 8.29573], "rotation": 90, "texture": "#3"},
				"east": {"uv": [6.46226, 8.125, 6.95283, 8.29573], "rotation": 180, "texture": "#3"},
				"south": {"uv": [6.46226, 8.125, 6.95283, 8.29573], "rotation": 270, "texture": "#3"},
				"west": {"uv": [6.46226, 8.125, 6.95283, 8.29573], "texture": "#3"},
				"up": {"uv": [6.46226, 8.125, 6.95283, 8.29573], "rotation": 270, "texture": "#3"},
				"down": {"uv": [6.46226, 8.125, 6.95283, 8.29573], "rotation": 270, "texture": "#3"}
			}
		},
		{
			"name": "hexadecagon",
			"from": [7.625, 18.18452, 5],
			"to": [8.375, 19.37798, 5.75],
			"rotation": {"angle": -22.5, "axis": "x", "origin": [8.375, 18.78125, 8]},
			"faces": {
				"north": {"uv": [6.46226, 8.125, 6.95283, 8.29573], "rotation": 90, "texture": "#3"},
				"east": {"uv": [6.46226, 8.125, 6.95283, 8.29573], "rotation": 180, "texture": "#3"},
				"south": {"uv": [6.46226, 8.125, 6.95283, 8.29573], "rotation": 270, "texture": "#3"},
				"west": {"uv": [6.46226, 8.125, 6.95283, 8.29573], "texture": "#3"},
				"up": {"uv": [6.46226, 8.125, 6.95283, 8.29573], "rotation": 270, "texture": "#3"},
				"down": {"uv": [6.46226, 8.125, 6.95283, 8.29573], "rotation": 270, "texture": "#3"}
			}
		},
		{
			"name": "hexadecagon",
			"from": [7.625, 18.18452, 10.25],
			"to": [8.375, 19.37798, 11],
			"rotation": {"angle": 22.5, "axis": "x", "origin": [8.375, 18.78125, 8]},
			"faces": {
				"north": {"uv": [6.46226, 8.125, 6.95283, 8.29573], "rotation": 90, "texture": "#3"},
				"east": {"uv": [6.46226, 8.125, 6.95283, 8.29573], "rotation": 180, "texture": "#3"},
				"south": {"uv": [6.46226, 8.125, 6.95283, 8.29573], "rotation": 270, "texture": "#3"},
				"west": {"uv": [6.46226, 8.125, 6.95283, 8.29573], "texture": "#3"},
				"up": {"uv": [6.46226, 8.125, 6.95283, 8.29573], "rotation": 270, "texture": "#3"},
				"down": {"uv": [6.46226, 8.125, 6.95283, 8.29573], "rotation": 270, "texture": "#3"}
			}
		},
		{
			"name": "hexadecagon",
			"from": [7.625, 18.18452, 10.25],
			"to": [8.375, 19.37798, 11],
			"rotation": {"angle": 0, "axis": "y", "origin": [8.375, 18.78125, 8]},
			"faces": {
				"north": {"uv": [6.46226, 8.125, 6.95283, 8.29573], "rotation": 90, "texture": "#3"},
				"east": {"uv": [6.46226, 8.125, 6.95283, 8.29573], "rotation": 180, "texture": "#3"},
				"south": {"uv": [6.46226, 8.125, 6.95283, 8.29573], "rotation": 270, "texture": "#3"},
				"west": {"uv": [6.46226, 8.125, 6.95283, 8.29573], "texture": "#3"},
				"up": {"uv": [6.46226, 8.125, 6.95283, 8.29573], "rotation": 270, "texture": "#3"},
				"down": {"uv": [6.46226, 8.125, 6.95283, 8.29573], "rotation": 270, "texture": "#3"}
			}
		},
		{
			"name": "hexadecagon",
			"from": [7.625, 18.18452, 10.25],
			"to": [8.375, 19.37798, 11],
			"rotation": {"angle": -22.5, "axis": "x", "origin": [8.375, 18.78125, 8]},
			"faces": {
				"north": {"uv": [6.46226, 8.125, 6.95283, 8.29573], "rotation": 90, "texture": "#3"},
				"east": {"uv": [6.46226, 8.125, 6.95283, 8.29573], "rotation": 180, "texture": "#3"},
				"south": {"uv": [6.46226, 8.125, 6.95283, 8.29573], "rotation": 270, "texture": "#3"},
				"west": {"uv": [6.46226, 8.125, 6.95283, 8.29573], "texture": "#3"},
				"up": {"uv": [6.46226, 8.125, 6.95283, 8.29573], "rotation": 270, "texture": "#3"},
				"down": {"uv": [6.46226, 8.125, 6.95283, 8.29573], "rotation": 270, "texture": "#3"}
			}
		},
		{
			"name": "hexadecagon",
			"from": [7.40327, 21.03125, 7.625],
			"to": [8.59673, 21.78125, 8.375],
			"rotation": {"angle": 45, "axis": "z", "origin": [8, 18.78125, 8.375]},
			"faces": {
				"north": {"uv": [6.46226, 8.125, 6.95283, 8.29573], "texture": "#3"},
				"east": {"uv": [6.46226, 8.125, 6.95283, 8.29573], "rotation": 90, "texture": "#3"},
				"south": {"uv": [6.46226, 8.125, 6.95283, 8.29573], "rotation": 180, "texture": "#3"},
				"west": {"uv": [6.46226, 8.125, 6.95283, 8.29573], "rotation": 270, "texture": "#3"},
				"up": {"uv": [6.46226, 8.125, 6.95283, 8.29573], "texture": "#3"},
				"down": {"uv": [6.46226, 8.125, 6.95283, 8.29573], "rotation": 180, "texture": "#3"}
			}
		},
		{
			"name": "hexadecagon",
			"from": [7.40327, 21.03125, 7.625],
			"to": [8.59673, 21.78125, 8.375],
			"rotation": {"angle": 22.5, "axis": "z", "origin": [8, 18.78125, 8.375]},
			"faces": {
				"north": {"uv": [6.46226, 8.125, 6.95283, 8.29573], "texture": "#3"},
				"east": {"uv": [6.46226, 8.125, 6.95283, 8.29573], "rotation": 90, "texture": "#3"},
				"south": {"uv": [6.46226, 8.125, 6.95283, 8.29573], "rotation": 180, "texture": "#3"},
				"west": {"uv": [6.46226, 8.125, 6.95283, 8.29573], "rotation": 270, "texture": "#3"},
				"up": {"uv": [6.46226, 8.125, 6.95283, 8.29573], "texture": "#3"},
				"down": {"uv": [6.46226, 8.125, 6.95283, 8.29573], "rotation": 180, "texture": "#3"}
			}
		},
		{
			"name": "hexadecagon",
			"from": [7.40327, 21.03125, 7.625],
			"to": [8.59673, 21.78125, 8.375],
			"rotation": {"angle": 0, "axis": "y", "origin": [8, 18.78125, 8.375]},
			"faces": {
				"north": {"uv": [6.46226, 8.125, 6.95283, 8.29573], "texture": "#3"},
				"east": {"uv": [6.46226, 8.125, 6.95283, 8.29573], "rotation": 90, "texture": "#3"},
				"south": {"uv": [6.46226, 8.125, 6.95283, 8.29573], "rotation": 180, "texture": "#3"},
				"west": {"uv": [6.46226, 8.125, 6.95283, 8.29573], "rotation": 270, "texture": "#3"},
				"up": {"uv": [6.46226, 8.125, 6.95283, 8.29573], "texture": "#3"},
				"down": {"uv": [6.46226, 8.125, 6.95283, 8.29573], "rotation": 180, "texture": "#3"}
			}
		},
		{
			"name": "hexadecagon",
			"from": [7.40327, 21.03125, 7.625],
			"to": [8.59673, 21.78125, 8.375],
			"rotation": {"angle": -22.5, "axis": "z", "origin": [8, 18.78125, 8.375]},
			"faces": {
				"north": {"uv": [6.46226, 8.125, 6.95283, 8.29573], "texture": "#3"},
				"east": {"uv": [6.46226, 8.125, 6.95283, 8.29573], "rotation": 90, "texture": "#3"},
				"south": {"uv": [6.46226, 8.125, 6.95283, 8.29573], "rotation": 180, "texture": "#3"},
				"west": {"uv": [6.46226, 8.125, 6.95283, 8.29573], "rotation": 270, "texture": "#3"},
				"up": {"uv": [6.46226, 8.125, 6.95283, 8.29573], "texture": "#3"},
				"down": {"uv": [6.46226, 8.125, 6.95283, 8.29573], "rotation": 180, "texture": "#3"}
			}
		},
		{
			"name": "hexadecagon",
			"from": [7.40327, 21.03125, 7.625],
			"to": [8.59673, 21.78125, 8.375],
			"rotation": {"angle": -45, "axis": "z", "origin": [8, 18.78125, 8.375]},
			"faces": {
				"north": {"uv": [6.46226, 8.125, 6.95283, 8.29573], "texture": "#3"},
				"east": {"uv": [6.46226, 8.125, 6.95283, 8.29573], "rotation": 90, "texture": "#3"},
				"south": {"uv": [6.46226, 8.125, 6.95283, 8.29573], "rotation": 180, "texture": "#3"},
				"west": {"uv": [6.46226, 8.125, 6.95283, 8.29573], "rotation": 270, "texture": "#3"},
				"up": {"uv": [6.46226, 8.125, 6.95283, 8.29573], "texture": "#3"},
				"down": {"uv": [6.46226, 8.125, 6.95283, 8.29573], "rotation": 180, "texture": "#3"}
			}
		},
		{
			"name": "hexadecagon",
			"from": [7.40327, 15.78125, 7.625],
			"to": [8.59673, 16.53125, 8.375],
			"rotation": {"angle": 45, "axis": "z", "origin": [8, 18.78125, 8.375]},
			"faces": {
				"north": {"uv": [6.46226, 8.125, 6.95283, 8.29573], "texture": "#3"},
				"east": {"uv": [6.46226, 8.125, 6.95283, 8.29573], "rotation": 90, "texture": "#3"},
				"south": {"uv": [6.46226, 8.125, 6.95283, 8.29573], "rotation": 180, "texture": "#3"},
				"west": {"uv": [6.46226, 8.125, 6.95283, 8.29573], "rotation": 270, "texture": "#3"},
				"up": {"uv": [6.46226, 8.125, 6.95283, 8.29573], "texture": "#3"},
				"down": {"uv": [6.46226, 8.125, 6.95283, 8.29573], "rotation": 180, "texture": "#3"}
			}
		},
		{
			"name": "hexadecagon",
			"from": [7.40327, 15.78125, 7.625],
			"to": [8.59673, 16.53125, 8.375],
			"rotation": {"angle": 22.5, "axis": "z", "origin": [8, 18.78125, 8.375]},
			"faces": {
				"north": {"uv": [6.46226, 8.125, 6.95283, 8.29573], "texture": "#3"},
				"east": {"uv": [6.46226, 8.125, 6.95283, 8.29573], "rotation": 90, "texture": "#3"},
				"south": {"uv": [6.46226, 8.125, 6.95283, 8.29573], "rotation": 180, "texture": "#3"},
				"west": {"uv": [6.46226, 8.125, 6.95283, 8.29573], "rotation": 270, "texture": "#3"},
				"up": {"uv": [6.46226, 8.125, 6.95283, 8.29573], "texture": "#3"},
				"down": {"uv": [6.46226, 8.125, 6.95283, 8.29573], "rotation": 180, "texture": "#3"}
			}
		},
		{
			"name": "hexadecagon",
			"from": [7.40327, 15.78125, 7.625],
			"to": [8.59673, 16.53125, 8.375],
			"rotation": {"angle": 0, "axis": "y", "origin": [8, 18.78125, 8.375]},
			"faces": {
				"north": {"uv": [6.46226, 8.125, 6.95283, 8.29573], "texture": "#3"},
				"east": {"uv": [6.46226, 8.125, 6.95283, 8.29573], "rotation": 90, "texture": "#3"},
				"south": {"uv": [6.46226, 8.125, 6.95283, 8.29573], "rotation": 180, "texture": "#3"},
				"west": {"uv": [6.46226, 8.125, 6.95283, 8.29573], "rotation": 270, "texture": "#3"},
				"up": {"uv": [6.46226, 8.125, 6.95283, 8.29573], "texture": "#3"},
				"down": {"uv": [6.46226, 8.125, 6.95283, 8.29573], "rotation": 180, "texture": "#3"}
			}
		},
		{
			"name": "hexadecagon",
			"from": [7.40327, 15.78125, 7.625],
			"to": [8.59673, 16.53125, 8.375],
			"rotation": {"angle": -22.5, "axis": "z", "origin": [8, 18.78125, 8.375]},
			"faces": {
				"north": {"uv": [6.46226, 8.125, 6.95283, 8.29573], "texture": "#3"},
				"east": {"uv": [6.46226, 8.125, 6.95283, 8.29573], "rotation": 90, "texture": "#3"},
				"south": {"uv": [6.46226, 8.125, 6.95283, 8.29573], "rotation": 180, "texture": "#3"},
				"west": {"uv": [6.46226, 8.125, 6.95283, 8.29573], "rotation": 270, "texture": "#3"},
				"up": {"uv": [6.46226, 8.125, 6.95283, 8.29573], "texture": "#3"},
				"down": {"uv": [6.46226, 8.125, 6.95283, 8.29573], "rotation": 180, "texture": "#3"}
			}
		},
		{
			"name": "hexadecagon",
			"from": [7.40327, 15.78125, 7.625],
			"to": [8.59673, 16.53125, 8.375],
			"rotation": {"angle": -45, "axis": "z", "origin": [8, 18.78125, 8.375]},
			"faces": {
				"north": {"uv": [6.46226, 8.125, 6.95283, 8.29573], "texture": "#3"},
				"east": {"uv": [6.46226, 8.125, 6.95283, 8.29573], "rotation": 90, "texture": "#3"},
				"south": {"uv": [6.46226, 8.125, 6.95283, 8.29573], "rotation": 180, "texture": "#3"},
				"west": {"uv": [6.46226, 8.125, 6.95283, 8.29573], "rotation": 270, "texture": "#3"},
				"up": {"uv": [6.46226, 8.125, 6.95283, 8.29573], "texture": "#3"},
				"down": {"uv": [6.46226, 8.125, 6.95283, 8.29573], "rotation": 180, "texture": "#3"}
			}
		},
		{
			"name": "hexadecagon",
			"from": [10.25, 18.18452, 7.625],
			"to": [11, 19.37798, 8.375],
			"rotation": {"angle": 22.5, "axis": "z", "origin": [8, 18.78125, 8.375]},
			"faces": {
				"north": {"uv": [6.46226, 8.125, 6.95283, 8.29573], "texture": "#3"},
				"east": {"uv": [6.46226, 8.125, 6.95283, 8.29573], "rotation": 90, "texture": "#3"},
				"south": {"uv": [6.46226, 8.125, 6.95283, 8.29573], "rotation": 180, "texture": "#3"},
				"west": {"uv": [6.46226, 8.125, 6.95283, 8.29573], "rotation": 270, "texture": "#3"},
				"up": {"uv": [6.46226, 8.125, 6.95283, 8.29573], "texture": "#3"},
				"down": {"uv": [6.46226, 8.125, 6.95283, 8.29573], "rotation": 180, "texture": "#3"}
			}
		},
		{
			"name": "hexadecagon",
			"from": [10.25, 18.18452, 7.625],
			"to": [11, 19.37798, 8.375],
			"rotation": {"angle": 0, "axis": "y", "origin": [8, 18.78125, 8.375]},
			"faces": {
				"north": {"uv": [6.46226, 8.125, 6.95283, 8.29573], "texture": "#3"},
				"east": {"uv": [6.46226, 8.125, 6.95283, 8.29573], "rotation": 90, "texture": "#3"},
				"south": {"uv": [6.46226, 8.125, 6.95283, 8.29573], "rotation": 180, "texture": "#3"},
				"west": {"uv": [6.46226, 8.125, 6.95283, 8.29573], "rotation": 270, "texture": "#3"},
				"up": {"uv": [6.46226, 8.125, 6.95283, 8.29573], "texture": "#3"},
				"down": {"uv": [6.46226, 8.125, 6.95283, 8.29573], "rotation": 180, "texture": "#3"}
			}
		},
		{
			"name": "hexadecagon",
			"from": [10.25, 18.18452, 7.625],
			"to": [11, 19.37798, 8.375],
			"rotation": {"angle": -22.5, "axis": "z", "origin": [8, 18.78125, 8.375]},
			"faces": {
				"north": {"uv": [6.46226, 8.125, 6.95283, 8.29573], "texture": "#3"},
				"east": {"uv": [6.46226, 8.125, 6.95283, 8.29573], "rotation": 90, "texture": "#3"},
				"south": {"uv": [6.46226, 8.125, 6.95283, 8.29573], "rotation": 180, "texture": "#3"},
				"west": {"uv": [6.46226, 8.125, 6.95283, 8.29573], "rotation": 270, "texture": "#3"},
				"up": {"uv": [6.46226, 8.125, 6.95283, 8.29573], "texture": "#3"},
				"down": {"uv": [6.46226, 8.125, 6.95283, 8.29573], "rotation": 180, "texture": "#3"}
			}
		},
		{
			"name": "hexadecagon",
			"from": [5, 18.18452, 7.625],
			"to": [5.75, 19.37798, 8.375],
			"rotation": {"angle": 22.5, "axis": "z", "origin": [8, 18.78125, 8.375]},
			"faces": {
				"north": {"uv": [6.46226, 8.125, 6.95283, 8.29573], "texture": "#3"},
				"east": {"uv": [6.46226, 8.125, 6.95283, 8.29573], "rotation": 90, "texture": "#3"},
				"south": {"uv": [6.46226, 8.125, 6.95283, 8.29573], "rotation": 180, "texture": "#3"},
				"west": {"uv": [6.46226, 8.125, 6.95283, 8.29573], "rotation": 270, "texture": "#3"},
				"up": {"uv": [6.46226, 8.125, 6.95283, 8.29573], "texture": "#3"},
				"down": {"uv": [6.46226, 8.125, 6.95283, 8.29573], "rotation": 180, "texture": "#3"}
			}
		},
		{
			"name": "hexadecagon",
			"from": [5, 18.18452, 7.625],
			"to": [5.75, 19.37798, 8.375],
			"rotation": {"angle": 0, "axis": "y", "origin": [8, 18.78125, 8.375]},
			"faces": {
				"north": {"uv": [6.46226, 8.125, 6.95283, 8.29573], "texture": "#3"},
				"east": {"uv": [6.46226, 8.125, 6.95283, 8.29573], "rotation": 90, "texture": "#3"},
				"south": {"uv": [6.46226, 8.125, 6.95283, 8.29573], "rotation": 180, "texture": "#3"},
				"west": {"uv": [6.46226, 8.125, 6.95283, 8.29573], "rotation": 270, "texture": "#3"},
				"up": {"uv": [6.46226, 8.125, 6.95283, 8.29573], "texture": "#3"},
				"down": {"uv": [6.46226, 8.125, 6.95283, 8.29573], "rotation": 180, "texture": "#3"}
			}
		},
		{
			"name": "hexadecagon",
			"from": [5, 18.18452, 7.625],
			"to": [5.75, 19.37798, 8.375],
			"rotation": {"angle": -22.5, "axis": "z", "origin": [8, 18.78125, 8.375]},
			"faces": {
				"north": {"uv": [6.46226, 8.125, 6.95283, 8.29573], "texture": "#3"},
				"east": {"uv": [6.46226, 8.125, 6.95283, 8.29573], "rotation": 90, "texture": "#3"},
				"south": {"uv": [6.46226, 8.125, 6.95283, 8.29573], "rotation": 180, "texture": "#3"},
				"west": {"uv": [6.46226, 8.125, 6.95283, 8.29573], "rotation": 270, "texture": "#3"},
				"up": {"uv": [6.46226, 8.125, 6.95283, 8.29573], "texture": "#3"},
				"down": {"uv": [6.46226, 8.125, 6.95283, 8.29573], "rotation": 180, "texture": "#3"}
			}
		},
		{
			"name": "head",
			"from": [3, 0, 3],
			"to": [13, 10, 13],
			"rotation": {"angle": 0, "axis": "y", "origin": [8, -22, 8]},
			"faces": {
				"north": {"uv": [1, 9, 2, 10], "texture": "#3"},
				"east": {"uv": [0, 9, 1, 10], "texture": "#3"},
				"south": {"uv": [3, 9, 4, 10], "texture": "#3"},
				"west": {"uv": [2, 9, 3, 10], "texture": "#3"},
				"up": {"uv": [2, 9, 1, 8], "texture": "#3"},
				"down": {"uv": [3, 8, 2, 9], "texture": "#3"}
			}
		}
	],
	"gui_light": "front",
	"display": {
		"thirdperson_righthand": {
			"rotation": [75, 45, 0],
			"translation": [0, 2.5, 0],
			"scale": [0.375, 0.375, 0.375]
		},
		"thirdperson_lefthand": {
			"rotation": [75, 45, 0],
			"translation": [0, 2.5, 0],
			"scale": [0.375, 0.375, 0.375]
		},
		"firstperson_righthand": {
			"rotation": [0, 45, 0],
			"translation": [0, 2, 0],
			"scale": [0.4, 0.4, 0.4]
		},
		"firstperson_lefthand": {
			"rotation": [0, 45, 0],
			"translation": [0, 2, 0],
			"scale": [0.4, 0.4, 0.4]
		},
		"ground": {
			"translation": [0, 3, 0],
			"scale": [0.5, 0.5, 0.5]
		},
		"gui": {
			"rotation": [30, 225, 0],
			"translation": [0, -3, 0],
			"scale": [0.8, 0.8, 0.8]
		},
		"head": {
			"translation": [0, 4.5, 0],
			"scale": [1.5, 1.5, 1.5]
		},
		"fixed": {
			"translation": [0, -6, 0]
		}
	},
	"groups": [
		{
			"name": "group",
			"origin": [10.875, -3.46875, 7.125],
			"color": 0,
			"children": [0, 1]
		},
		{
			"name": "group",
			"origin": [10.875, -3.46875, 7.125],
			"color": 0,
			"children": [2, 3]
		},
		{
			"name": "group",
			"origin": [10.875, -3.46875, 7.125],
			"color": 0,
			"children": [4, 5]
		},
		{
			"name": "group",
			"origin": [10.875, -3.46875, 7.125],
			"color": 0,
			"children": [6, 7]
		},
		{
			"name": "hexadecagon",
			"origin": [11.75, 8, 10],
			"color": 0,
			"children": [8]
		},
		9,
		{
			"name": "hexadecagon",
			"origin": [11.75, 8, 10],
			"color": 0,
			"children": [10, 11, 12, 13, 14, 15, 16, 17, 18, 19, 20, 21, 22, 23, 24, 25]
		},
		{
			"name": "hexadecagon",
			"origin": [11.75, 8, 9.75],
			"color": 0,
			"children": [26, 27, 28, 29, 30, 31, 32, 33, 34, 35, 36, 37, 38, 39, 40, 41]
		},
		{
			"name": "hexadecagon",
			"origin": [12, 8, 10],
			"color": 0,
			"children": [42, 43, 44, 45, 46, 47, 48, 49, 50, 51, 52, 53, 54, 55, 56, 57]
		},
		{
			"name": "head",
			"origin": [8, 24, 8],
			"color": 0,
			"children": [58]
		}
	]
}