{
	"textures": {
		"0": "item/calendar",
		"particle": "item/calendar"
	},
	"elements": [
		{
			"from": [3.5, 4, -0.02],
			"to": [12.5, 14, -0.02],
			"rotation": {"angle": 0, "axis": "y", "origin": [0, 0.5, -0.02]},
			"faces": {
				"north": {"uv": [1.375, 1.1875, 8.5, 10.75], "texture": "#0"},
				"east": {"uv": [0, 0, 0.9375, 0.375], "rotation": 90, "texture": "#0"},
				"south": {"uv": [0, 0, 0.9375, 0.375], "texture": "#0"},
				"west": {"uv": [0, 0, 0.9375, 0.375], "rotation": 90, "texture": "#0"},
				"up": {"uv": [0, 0, 0.9375, 0.375], "texture": "#0"},
				"down": {"uv": [0, 0, 0.9375, 0.375], "texture": "#0"}
			}
		},
		{
			"from": [6, 12.5, -0.02],
			"to": [10.5, 17, -0.02],
			"rotation": {"angle": 0, "axis": "y", "origin": [0, 4.5, -0.02]},
			"faces": {
				"north": {"uv": [9.5, 1.4375, 14.9375, 6.5], "texture": "#0"},
				"east": {"uv": [0, 0, 0.9375, 0.375], "rotation": 90, "texture": "#0"},
				"south": {"uv": [0, 0, 0.9375, 0.375], "texture": "#0"},
				"west": {"uv": [0, 0, 0.9375, 0.375], "rotation": 90, "texture": "#0"},
				"up": {"uv": [0, 0, 0.9375, 0.375], "texture": "#0"},
				"down": {"uv": [0, 0, 0.9375, 0.375], "texture": "#0"}
			}
		},
		{
			"from": [2, 0.75, -0.02],
			"to": [13.5, 3.75, -0.02],
			"rotation": {"angle": 0, "axis": "y", "origin": [0, -3.75, -0.02]},
			"faces": {
				"north": {"uv": [0, 11.5625, 16, 16], "texture": "#0"},
				"east": {"uv": [0, 0, 0.9375, 0.375], "rotation": 90, "texture": "#0"},
				"south": {"uv": [0, 0, 0.9375, 0.375], "texture": "#0"},
				"west": {"uv": [0, 0, 0.9375, 0.375], "rotation": 90, "texture": "#0"},
				"up": {"uv": [0, 0, 0.9375, 0.375], "texture": "#0"},
				"down": {"uv": [0, 0, 0.9375, 0.375], "texture": "#0"}
			}
		},
		{
			"from": [0, 0, 0],
			"to": [16, 20.5, 4],
			"faces": {
				"north": {"uv": [15.1875, 0.1875, 15.6875, 0.8125], "texture": "#0"},
				"east": {"uv": [14.9375, 8.375, 16, 7.125], "rotation": 90, "texture": "#0"},
				"south": {"uv": [15.1875, 0.1875, 15.6875, 0.8125], "texture": "#0"},
				"west": {"uv": [14.9375, 7.125, 16, 8.375], "rotation": 90, "texture": "#0"},
				"up": {"uv": [15.1875, 0.1875, 15.6875, 0.8125], "texture": "#0"},
				"down": {"uv": [14.75, 7.125, 16, 8.375], "texture": "#0"}
			}
		},
		{
			"from": [-0.25, 17, -0.25],
			"to": [16.25, 20.75, 4.25],
			"faces": {
				"north": {"uv": [14.1875, 0.1875, 14.875, 0.8125], "texture": "#0"},
				"east": {"uv": [14.1875, 0.1875, 14.875, 0.8125], "texture": "#0"},
				"south": {"uv": [14.1875, 0.1875, 14.875, 0.8125], "texture": "#0"},
				"west": {"uv": [14.1875, 0.1875, 14.875, 0.8125], "texture": "#0"},
				"up": {"uv": [14.1875, 0.1875, 14.875, 0.8125], "texture": "#0"},
				"down": {"uv": [14.1875, 0.1875, 14.875, 0.8125], "texture": "#0"}
			}
		},
		{
			"from": [7.75, 19, -0.27],
			"to": [8.75, 20, 4.27],
			"rotation": {"angle": 0, "axis": "y", "origin": [0, 1, -0.02]},
			"faces": {
				"north": {"uv": [14.75, 10.625, 15.625, 11.5], "texture": "#0"},
				"east": {"uv": [1.5625, 0, 2.25, 0.625], "texture": "#0"},
				"south": {"uv": [14.75, 10.625, 15.625, 11.5], "texture": "#0"},
				"west": {"uv": [1.5625, 0, 2.25, 0.625], "texture": "#0"},
				"up": {"uv": [1.5625, 0, 2.25, 0.625], "texture": "#0"},
				"down": {"uv": [1.5625, 0, 2.25, 0.625], "texture": "#0"}
			}
		}
	],
	"gui_light": "front",
	"display": {
		"thirdperson_righthand": {
			"rotation": [75, 45, 0],
			"translation": [0, 2.5, 0],
			"scale": [0.375, 0.375, 0.375]
		},
		"thirdperson_lefthand": {
			"rotation": [75, 45, 0],
			"translation": [0, 2.5, 0],
			"scale": [0.375, 0.375, 0.375]
		},
		"firstperson_righthand": {
			"rotation": [0, 126, 0],
			"scale": [0.4, 0.4, 0.4]
		},
		"firstperson_lefthand": {
			"rotation": [0, 132, 0],
			"scale": [0.4, 0.4, 0.4]
		},
		"ground": {
			"translation": [0, 3, 0],
			"scale": [0.25, 0.25, 0.25]
		},
		"gui": {
			"rotation": [30, 225, 0],
			"translation": [-3, 0, 0],
			"scale": [0.625, 0.625, 0.625]
		},
		"fixed": {
			"scale": [0.5, 0.5, 0.5]
		}
	}
}