{
	"credit": "Made with Blockbench",
	"textures": {
		"1": "item/collection_2_2",
		"2": "item/collection_2",
		"particle": "item/collection_2"
	},
	"elements": [
		{
			"from": [6.41638, 10.22474, 7.54042],
			"to": [6.4965, 10.8147, 8.17174],
			"rotation": {"angle": 45, "axis": "y", "origin": [8.00311, 10.57566, 7.85575]},
			"faces": {
				"north": {"uv": [1.75, 0, 1.75, 1.3], "rotation": 270, "texture": "#1"},
				"east": {"uv": [1.25, 0, 5.47467, 1.94358], "texture": "#2"},
				"south": {"uv": [1.75, 0, 1.75, 1.3], "rotation": 90, "texture": "#2"},
				"west": {"uv": [1.25, 0, 5.47467, 1.94358], "texture": "#1"},
				"up": {"uv": [2.25, 0, 2.75, 1.3], "rotation": 90, "texture": "#1"},
				"down": {"uv": [2.25, 0, 2.75, 1.3], "rotation": 90, "texture": "#1"}
			}
		},
		{
			"from": [9.44213, 10.22474, 7.54042],
			"to": [9.58875, 10.8147, 8.17174],
			"rotation": {"angle": 45, "axis": "y", "origin": [8.00311, 10.57566, 7.85575]},
			"faces": {
				"north": {"uv": [1.75, 0, 1.75, 1.3], "rotation": 270, "texture": "#2"},
				"east": {"uv": [1.25, 0, 5.47467, 1.94358], "texture": "#1"},
				"south": {"uv": [1.75, 0, 1.75, 1.3], "rotation": 90, "texture": "#1"},
				"west": {"uv": [1.25, 0, 5.47467, 1.94358], "texture": "#2"},
				"up": {"uv": [2.25, 0, 2.75, 1.3], "rotation": 90, "texture": "#1"},
				"down": {"uv": [2.25, 0, 2.75, 1.3], "rotation": 90, "texture": "#1"}
			}
		},
		{
			"from": [7.68784, 10.22474, 6.27005],
			"to": [8.31916, 10.8147, 6.38342],
			"rotation": {"angle": -22.5, "axis": "y", "origin": [8.00311, 10.57566, 7.85575]},
			"faces": {
				"north": {"uv": [1.25, 0, 5.47467, 1.94358], "texture": "#1"},
				"east": {"uv": [1.75, 0, 1.75, 1.3], "rotation": 90, "texture": "#1"},
				"south": {"uv": [1.25, 0, 5.47467, 1.94358], "texture": "#2"},
				"west": {"uv": [1.75, 0, 1.75, 1.3], "rotation": 270, "texture": "#2"},
				"up": {"uv": [2.25, 0, 2.75, 1.3], "texture": "#1"},
				"down": {"uv": [2.25, 0, 2.75, 1.3], "rotation": 180, "texture": "#1"}
			}
		},
		{
			"from": [7.68784, 10.22474, 9.3623],
			"to": [8.31916, 10.8147, 9.44242],
			"rotation": {"angle": -22.5, "axis": "y", "origin": [8.00311, 10.57566, 7.85575]},
			"faces": {
				"north": {"uv": [1.25, 0, 5.47467, 1.94358], "texture": "#2"},
				"east": {"uv": [1.75, 0, 1.75, 1.3], "rotation": 90, "texture": "#1"},
				"south": {"uv": [1.25, 0, 5.47467, 1.94358], "texture": "#1"},
				"west": {"uv": [1.75, 0, 1.75, 1.3], "rotation": 270, "texture": "#1"},
				"up": {"uv": [2.25, 0, 2.75, 1.3], "texture": "#1"},
				"down": {"uv": [2.25, 0, 2.75, 1.3], "rotation": 180, "texture": "#1"}
			}
		},
		{
			"from": [6.41649, 10.22474, 7.54032],
			"to": [6.49661, 10.8147, 8.17165],
			"rotation": {"angle": 22.5, "axis": "y", "origin": [8.00311, 10.57566, 7.85575]},
			"faces": {
				"north": {"uv": [1.75, 0, 1.75, 1.3], "rotation": 270, "texture": "#1"},
				"east": {"uv": [1.25, 0, 5.47467, 1.94358], "texture": "#2"},
				"south": {"uv": [1.75, 0, 1.75, 1.3], "rotation": 90, "texture": "#1"},
				"west": {"uv": [1.25, 0, 5.47467, 1.94358], "texture": "#1"},
				"up": {"uv": [2.25, 0, 2.75, 1.3], "rotation": 90, "texture": "#1"},
				"down": {"uv": [2.25, 0, 2.75, 1.3], "rotation": 90, "texture": "#1"}
			}
		},
		{
			"from": [9.47549, 10.22474, 7.54032],
			"to": [9.58886, 10.8147, 8.17165],
			"rotation": {"angle": 22.5, "axis": "y", "origin": [8.00311, 10.57566, 7.85575]},
			"faces": {
				"north": {"uv": [1.75, 0, 1.75, 1.3], "rotation": 270, "texture": "#1"},
				"east": {"uv": [1.25, 0, 5.47467, 1.94358], "texture": "#1"},
				"south": {"uv": [1.75, 0, 1.75, 1.3], "rotation": 90, "texture": "#1"},
				"west": {"uv": [1.25, 0, 5.47467, 1.94358], "texture": "#2"},
				"up": {"uv": [2.25, 0, 2.75, 1.3], "rotation": 90, "texture": "#1"},
				"down": {"uv": [2.25, 0, 2.75, 1.3], "rotation": 90, "texture": "#1"}
			}
		},
		{
			"from": [9.47556, 10.22474, 7.54019],
			"to": [9.58894, 10.8147, 8.17152],
			"rotation": {"angle": 0, "axis": "y", "origin": [8.00311, 10.57566, 7.85575]},
			"faces": {
				"north": {"uv": [1.75, 0, 1.75, 1.3], "rotation": 270, "texture": "#1"},
				"east": {"uv": [1.25, 0, 5.47467, 1.94358], "texture": "#1"},
				"south": {"uv": [1.75, 0, 1.75, 1.3], "rotation": 90, "texture": "#1"},
				"west": {"uv": [1.25, 0, 5.47467, 1.94358], "texture": "#2"},
				"up": {"uv": [2.25, 0, 2.75, 1.3], "rotation": 90, "texture": "#1"},
				"down": {"uv": [2.25, 0, 2.75, 1.3], "rotation": 90, "texture": "#1"}
			}
		},
		{
			"from": [6.41656, 10.22474, 7.54019],
			"to": [6.49669, 10.8147, 8.17152],
			"rotation": {"angle": 0, "axis": "y", "origin": [8.00311, 10.57566, 7.85575]},
			"faces": {
				"north": {"uv": [1.75, 0, 1.75, 1.3], "rotation": 270, "texture": "#1"},
				"east": {"uv": [1.25, 0, 5.47467, 1.94358], "texture": "#2"},
				"south": {"uv": [1.75, 0, 1.75, 1.3], "rotation": 90, "texture": "#1"},
				"west": {"uv": [1.25, 0, 5.47467, 1.94358], "texture": "#1"},
				"up": {"uv": [2.25, 0, 2.75, 1.3], "rotation": 90, "texture": "#1"},
				"down": {"uv": [2.25, 0, 2.75, 1.3], "rotation": 90, "texture": "#1"}
			}
		},
		{
			"from": [6.41657, 10.22474, 7.54004],
			"to": [6.4967, 10.8147, 8.17136],
			"rotation": {"angle": -22.5, "axis": "y", "origin": [8.00311, 10.57566, 7.85575]},
			"faces": {
				"north": {"uv": [1.75, 0, 1.75, 1.3], "rotation": 270, "texture": "#1"},
				"east": {"uv": [1.25, 0, 5.47467, 1.94358], "texture": "#2"},
				"south": {"uv": [1.75, 0, 1.75, 1.3], "rotation": 90, "texture": "#1"},
				"west": {"uv": [1.25, 0, 5.47467, 1.94358], "texture": "#1"},
				"up": {"uv": [2.25, 0, 2.75, 1.3], "rotation": 90, "texture": "#1"},
				"down": {"uv": [2.25, 0, 2.75, 1.3], "rotation": 90, "texture": "#1"}
			}
		},
		{
			"from": [9.54207, 10.22474, 7.54004],
			"to": [9.58895, 10.8147, 8.17136],
			"rotation": {"angle": -22.5, "axis": "y", "origin": [8.00311, 10.57566, 7.85575]},
			"faces": {
				"north": {"uv": [1.75, 0, 1.75, 1.3], "rotation": 270, "texture": "#1"},
				"east": {"uv": [1.25, 0, 5.47467, 1.94358], "texture": "#1"},
				"south": {"uv": [1.75, 0, 1.75, 1.3], "rotation": 90, "texture": "#1"},
				"west": {"uv": [1.25, 0, 5.47467, 1.94358], "texture": "#2"},
				"up": {"uv": [2.25, 0, 2.75, 1.3], "rotation": 90, "texture": "#1"},
				"down": {"uv": [2.25, 0, 2.75, 1.3], "rotation": 90, "texture": "#1"}
			}
		},
		{
			"from": [7.68764, 10.22474, 9.39466],
			"to": [8.31896, 10.8147, 9.44153],
			"rotation": {"angle": 45, "axis": "y", "origin": [8.00311, 10.57566, 7.85575]},
			"faces": {
				"north": {"uv": [1.25, 0, 5.47467, 1.94358], "texture": "#2"},
				"east": {"uv": [1.75, 0, 1.75, 1.3], "rotation": 270, "texture": "#1"},
				"south": {"uv": [1.25, 0, 5.47467, 1.94358], "texture": "#1"},
				"west": {"uv": [1.75, 0, 1.75, 1.3], "rotation": 90, "texture": "#1"},
				"up": {"uv": [2.25, 0, 2.75, 1.3], "rotation": 180, "texture": "#1"},
				"down": {"uv": [2.25, 0, 2.75, 1.3], "texture": "#1"}
			}
		},
		{
			"from": [7.68764, 10.22474, 6.26916],
			"to": [8.31896, 10.8147, 6.34928],
			"rotation": {"angle": 45, "axis": "y", "origin": [8.00311, 10.57566, 7.85575]},
			"faces": {
				"north": {"uv": [1.25, 0, 5.47467, 1.94358], "texture": "#1"},
				"east": {"uv": [1.75, 0, 1.75, 1.3], "rotation": 270, "texture": "#1"},
				"south": {"uv": [1.25, 0, 5.47467, 1.94358], "texture": "#2"},
				"west": {"uv": [1.75, 0, 1.75, 1.3], "rotation": 90, "texture": "#1"},
				"up": {"uv": [2.25, 0, 2.75, 1.3], "rotation": 180, "texture": "#1"},
				"down": {"uv": [2.25, 0, 2.75, 1.3], "texture": "#1"}
			}
		},
		{
			"from": [7.68776, 10.22474, 9.39456],
			"to": [8.31908, 10.8147, 9.44143],
			"rotation": {"angle": 22.5, "axis": "y", "origin": [8.00311, 10.57566, 7.85575]},
			"faces": {
				"north": {"uv": [1.25, 0, 5.47467, 1.94358], "texture": "#2"},
				"east": {"uv": [1.75, 0, 1.75, 1.3], "rotation": 270, "texture": "#1"},
				"south": {"uv": [1.25, 0, 5.47467, 1.94358], "texture": "#1"},
				"west": {"uv": [1.75, 0, 1.75, 1.3], "rotation": 90, "texture": "#1"},
				"up": {"uv": [2.25, 0, 2.75, 1.3], "rotation": 180, "texture": "#1"},
				"down": {"uv": [2.25, 0, 2.75, 1.3], "texture": "#1"}
			}
		},
		{
			"from": [7.68776, 10.22474, 6.26906],
			"to": [8.31908, 10.8147, 6.38243],
			"rotation": {"angle": 22.5, "axis": "y", "origin": [8.00311, 10.57566, 7.85575]},
			"faces": {
				"north": {"uv": [1.25, 0, 5.47467, 1.94358], "texture": "#1"},
				"east": {"uv": [1.75, 0, 1.75, 1.3], "rotation": 270, "texture": "#1"},
				"south": {"uv": [1.25, 0, 5.47467, 1.94358], "texture": "#2"},
				"west": {"uv": [1.75, 0, 1.75, 1.3], "rotation": 90, "texture": "#2"},
				"up": {"uv": [2.25, 0, 2.75, 1.3], "rotation": 180, "texture": "#1"},
				"down": {"uv": [2.25, 0, 2.75, 1.3], "texture": "#1"}
			}
		},
		{
			"from": [7.68782, 10.22474, 6.26892],
			"to": [8.31915, 10.8147, 6.34904],
			"rotation": {"angle": 0, "axis": "y", "origin": [8.00311, 10.57566, 7.85575]},
			"faces": {
				"north": {"uv": [1.25, 0, 5.47467, 1.94358], "texture": "#1"},
				"east": {"uv": [1.75, 0, 1.75, 1.3], "rotation": 270, "texture": "#1"},
				"south": {"uv": [1.25, 0, 5.47467, 1.94358], "texture": "#2"},
				"west": {"uv": [1.75, 0, 1.75, 1.3], "rotation": 90, "texture": "#1"},
				"up": {"uv": [2.25, 0, 2.75, 1.3], "rotation": 180, "texture": "#1"},
				"down": {"uv": [2.25, 0, 2.75, 1.3], "texture": "#1"}
			}
		},
		{
			"from": [7.68782, 10.22474, 9.36117],
			"to": [8.31915, 10.8147, 9.44129],
			"rotation": {"angle": 0, "axis": "y", "origin": [8.00311, 10.57566, 7.85575]},
			"faces": {
				"north": {"uv": [1.25, 0, 5.47467, 1.94358], "texture": "#2"},
				"east": {"uv": [1.75, 0, 1.75, 1.3], "rotation": 270, "texture": "#2"},
				"south": {"uv": [1.25, 0, 5.47467, 1.94358], "texture": "#1"},
				"west": {"uv": [1.75, 0, 1.75, 1.3], "rotation": 90, "texture": "#1"},
				"up": {"uv": [2.25, 0, 2.75, 1.3], "rotation": 180, "texture": "#1"},
				"down": {"uv": [2.25, 0, 2.75, 1.3], "texture": "#1"}
			}
		},
		{
			"from": [9.50846, 9.64484, 7.31134],
			"to": [10.97206, 10.2561, 8.5025],
			"rotation": {"angle": 45, "axis": "y", "origin": [7.9803, 10.08236, 7.90629]},
			"faces": {
				"north": {"uv": [2.25, 0, 1.75, 1.3], "rotation": 270, "texture": "#1"},
				"east": {"uv": [2.75, 0, 7.14561, 2.95959], "rotation": 180, "texture": "#1"},
				"south": {"uv": [2.25, 0, 1.75, 1.3], "rotation": 90, "texture": "#1"},
				"west": {"uv": [2.75, 0, 7.14561, 2.95959], "rotation": 180, "texture": "#1"},
				"up": {"uv": [2.75, 0, 2.75, 1.3], "rotation": 90, "texture": "#1"},
				"down": {"uv": [2.75, 0, 2.75, 1.3], "rotation": 90, "texture": "#1"}
			}
		},
		{
			"from": [4.98646, 9.64484, 7.31134],
			"to": [6.54981, 10.2561, 8.5025],
			"rotation": {"angle": 45, "axis": "y", "origin": [7.9803, 10.08236, 7.90629]},
			"faces": {
				"north": {"uv": [2.25, 0, 1.75, 1.3], "rotation": 270, "texture": "#1"},
				"east": {"uv": [2.75, 0, 7.14561, 2.95959], "rotation": 180, "texture": "#1"},
				"south": {"uv": [2.25, 0, 1.75, 1.3], "rotation": 90, "texture": "#1"},
				"west": {"uv": [2.75, 0, 7.14561, 2.95959], "rotation": 180, "texture": "#1"},
				"up": {"uv": [2.75, 0, 2.75, 1.3], "rotation": 90, "texture": "#1"},
				"down": {"uv": [2.75, 0, 2.75, 1.3], "rotation": 90, "texture": "#1"}
			}
		},
		{
			"from": [7.38545, 9.64484, 4.9144],
			"to": [8.57661, 10.2561, 6.34476],
			"rotation": {"angle": -22.5, "axis": "y", "origin": [7.9803, 10.08236, 7.90629]},
			"faces": {
				"north": {"uv": [9.75, 0, 14.14561, 2.95959], "rotation": 180, "texture": "#1"},
				"east": {"uv": [2.25, 0, 1.75, 1.3], "rotation": 90, "texture": "#1"},
				"south": {"uv": [9.75, 0, 14.14561, 2.95959], "rotation": 180, "texture": "#1"},
				"west": {"uv": [2.25, 0, 1.75, 1.3], "rotation": 270, "texture": "#1"},
				"up": {"uv": [2.75, 0, 2.75, 1.3], "texture": "#1"},
				"down": {"uv": [2.75, 0, 2.75, 1.3], "rotation": 180, "texture": "#1"}
			}
		},
		{
			"from": [7.38545, 9.64484, 9.27015],
			"to": [8.57661, 10.2561, 10.90001],
			"rotation": {"angle": -22.5, "axis": "y", "origin": [7.9803, 10.08236, 7.90629]},
			"faces": {
				"north": {"uv": [9.75, 0, 14.14561, 2.95959], "rotation": 180, "texture": "#1"},
				"east": {"uv": [2.25, 0, 1.75, 1.3], "rotation": 90, "texture": "#1"},
				"south": {"uv": [9.75, 0, 14.14561, 2.95959], "rotation": 180, "texture": "#1"},
				"west": {"uv": [2.25, 0, 1.75, 1.3], "rotation": 270, "texture": "#1"},
				"up": {"uv": [2.75, 0, 2.75, 1.3], "texture": "#1"},
				"down": {"uv": [2.75, 0, 2.75, 1.3], "rotation": 180, "texture": "#1"}
			}
		},
		{
			"from": [7.38545, 10.21009, 6.41065],
			"to": [8.57661, 10.2561, 9.37051],
			"rotation": {"angle": -22.5, "axis": "y", "origin": [7.9803, 10.08236, 7.90629]},
			"faces": {
				"north": {"uv": [9.75, 0, 14.14561, 2.95959], "rotation": 180, "texture": "#1"},
				"east": {"uv": [2.25, 0, 1.75, 1.3], "rotation": 90, "texture": "#1"},
				"south": {"uv": [9.75, 0, 14.14561, 2.95959], "rotation": 180, "texture": "#1"},
				"west": {"uv": [2.25, 0, 1.75, 1.3], "rotation": 270, "texture": "#1"},
				"up": {"uv": [9.75, 0, 14.14562, 2.95045], "rotation": 90, "texture": "#2"},
				"down": {"uv": [2.75, 0, 2.75, 1.3], "rotation": 180, "texture": "#1"}
			}
		},
		{
			"from": [9.40892, 9.64484, 7.31115],
			"to": [10.97227, 10.2561, 8.50231],
			"rotation": {"angle": 22.5, "axis": "y", "origin": [7.9803, 10.08236, 7.90629]},
			"faces": {
				"north": {"uv": [2.25, 0, 1.75, 1.3], "rotation": 270, "texture": "#1"},
				"east": {"uv": [9.75, 0, 14.14561, 2.95959], "rotation": 180, "texture": "#1"},
				"south": {"uv": [2.25, 0, 1.75, 1.3], "rotation": 90, "texture": "#1"},
				"west": {"uv": [2.75, 0, 2.75, 0.25], "rotation": 180, "texture": "#1"},
				"up": {"uv": [9.75, 0, 14.14561, 2.95959], "rotation": 180, "texture": "#1"},
				"down": {"uv": [2.75, 0, 2.75, 1.3], "rotation": 90, "texture": "#1"}
			}
		},
		{
			"from": [4.98667, 9.64484, 7.31115],
			"to": [6.58327, 10.2561, 8.50231],
			"rotation": {"angle": 22.5, "axis": "y", "origin": [7.9803, 10.08236, 7.90629]},
			"faces": {
				"north": {"uv": [2.25, 0, 1.75, 1.3], "rotation": 270, "texture": "#1"},
				"east": {"uv": [9.75, 0, 14.14561, 2.95959], "rotation": 180, "texture": "#1"},
				"south": {"uv": [2.25, 0, 1.75, 1.3], "rotation": 90, "texture": "#1"},
				"west": {"uv": [2.75, 0, 2.75, 0.25], "rotation": 180, "texture": "#1"},
				"up": {"uv": [9.75, 0, 14.14561, 2.95959], "rotation": 180, "texture": "#1"},
				"down": {"uv": [2.75, 0, 2.75, 1.3], "rotation": 90, "texture": "#1"}
			}
		},
		{
			"from": [6.48292, 10.2561, 7.31115],
			"to": [9.47602, 10.2561, 8.50231],
			"rotation": {"angle": 22.5, "axis": "y", "origin": [7.9803, 10.08236, 7.90629]},
			"faces": {
				"north": {"uv": [2.25, 0, 1.75, 1.3], "rotation": 270, "texture": "#1"},
				"east": {"uv": [9.75, 0, 14.14561, 2.95959], "rotation": 180, "texture": "#1"},
				"south": {"uv": [2.25, 0, 1.75, 1.3], "rotation": 90, "texture": "#1"},
				"west": {"uv": [2.75, 0, 2.75, 0.25], "rotation": 180, "texture": "#1"},
				"up": {"uv": [9.75, 0, 14.14562, 2.95045], "rotation": 90, "texture": "#2"},
				"down": {"uv": [2.75, 0, 2.75, 1.3], "rotation": 90, "texture": "#1"}
			}
		},
		{
			"from": [9.40906, 9.64484, 7.3109],
			"to": [10.9724, 10.2561, 8.50207],
			"rotation": {"angle": 0, "axis": "y", "origin": [7.9803, 10.08236, 7.90629]},
			"faces": {
				"north": {"uv": [2.25, 0, 1.75, 1.3], "rotation": 270, "texture": "#1"},
				"east": {"uv": [2.75, 0, 7.14561, 2.95959], "rotation": 180, "texture": "#1"},
				"south": {"uv": [2.25, 0, 1.75, 1.3], "rotation": 90, "texture": "#1"},
				"west": {"uv": [2.75, 0, 7.14561, 2.95959], "rotation": 180, "texture": "#1"},
				"up": {"uv": [2.75, 0, 2.75, 1.3], "rotation": 90, "texture": "#1"},
				"down": {"uv": [2.75, 0, 2.75, 1.3], "rotation": 90, "texture": "#1"}
			}
		},
		{
			"from": [4.98681, 9.64484, 7.3109],
			"to": [6.5834, 10.2561, 8.50207],
			"rotation": {"angle": 0, "axis": "y", "origin": [7.9803, 10.08236, 7.90629]},
			"faces": {
				"north": {"uv": [2.25, 0, 1.75, 1.3], "rotation": 270, "texture": "#1"},
				"east": {"uv": [2.75, 0, 7.14561, 2.95959], "rotation": 180, "texture": "#1"},
				"south": {"uv": [2.25, 0, 1.75, 1.3], "rotation": 90, "texture": "#1"},
				"west": {"uv": [2.75, 0, 7.14561, 2.95959], "rotation": 180, "texture": "#1"},
				"up": {"uv": [2.75, 0, 2.75, 1.3], "rotation": 90, "texture": "#1"},
				"down": {"uv": [2.75, 0, 2.75, 1.3], "rotation": 90, "texture": "#1"}
			}
		},
		{
			"from": [6.48306, 10.2561, 7.3109],
			"to": [9.47615, 10.2561, 8.50207],
			"shade": false,
			"rotation": {"angle": 0, "axis": "y", "origin": [9.60955, 10.08236, 7.90629]},
			"faces": {
				"north": {"uv": [2.25, 0, 1.75, 1.3], "rotation": 270, "texture": "#1"},
				"east": {"uv": [2.75, 0, 7.14561, 2.95959], "rotation": 180, "texture": "#1"},
				"south": {"uv": [2.25, 0, 1.75, 1.3], "rotation": 90, "texture": "#1"},
				"west": {"uv": [2.75, 0, 7.14561, 2.95959], "rotation": 180, "texture": "#1"},
				"up": {"uv": [2.75, 0, 7.14562, 2.95045], "rotation": 90, "texture": "#2"},
				"down": {"uv": [2.75, 0, 2.75, 1.3], "rotation": 90, "texture": "#1"}
			}
		},
		{
			"from": [9.40908, 9.64484, 7.31062],
			"to": [10.97243, 10.2561, 8.50178],
			"rotation": {"angle": -22.5, "axis": "y", "origin": [7.9803, 10.08236, 7.90629]},
			"faces": {
				"north": {"uv": [2.25, 0, 1.75, 1.3], "rotation": 270, "texture": "#1"},
				"east": {"uv": [9.75, 0, 14.14561, 2.95959], "rotation": 180, "texture": "#1"},
				"south": {"uv": [2.25, 0, 1.75, 1.3], "rotation": 90, "texture": "#1"},
				"west": {"uv": [9.75, 0, 14.14561, 2.95959], "rotation": 180, "texture": "#1"},
				"up": {"uv": [2.75, 0, 2.75, 1.3], "rotation": 90, "texture": "#1"},
				"down": {"uv": [2.75, 0, 2.75, 1.3], "rotation": 90, "texture": "#1"}
			}
		},
		{
			"from": [4.98683, 9.64484, 7.31062],
			"to": [6.58343, 10.2561, 8.50178],
			"rotation": {"angle": -22.5, "axis": "y", "origin": [7.9803, 10.08236, 7.90629]},
			"faces": {
				"north": {"uv": [2.25, 0, 1.75, 1.3], "rotation": 270, "texture": "#1"},
				"east": {"uv": [9.75, 0, 14.14561, 2.95959], "rotation": 180, "texture": "#1"},
				"south": {"uv": [2.25, 0, 1.75, 1.3], "rotation": 90, "texture": "#1"},
				"west": {"uv": [9.75, 0, 14.14561, 2.95959], "rotation": 180, "texture": "#1"},
				"up": {"uv": [2.75, 0, 2.75, 1.3], "rotation": 90, "texture": "#1"},
				"down": {"uv": [2.75, 0, 2.75, 1.3], "rotation": 90, "texture": "#1"}
			}
		},
		{
			"from": [7.38506, 9.64484, 9.30172],
			"to": [8.57624, 10.2561, 10.89832],
			"rotation": {"angle": 45, "axis": "y", "origin": [7.9803, 10.08236, 7.90629]},
			"faces": {
				"north": {"uv": [2.75, 0, 7.14561, 2.95959], "rotation": 180, "texture": "#1"},
				"east": {"uv": [2.25, 0, 1.75, 1.3], "rotation": 270, "texture": "#1"},
				"south": {"uv": [2.75, 0, 7.14561, 2.95959], "rotation": 180, "texture": "#1"},
				"west": {"uv": [2.25, 0, 1.75, 1.3], "rotation": 90, "texture": "#1"},
				"up": {"uv": [2.75, 0, 2.75, 1.3], "rotation": 180, "texture": "#1"},
				"down": {"uv": [2.75, 0, 2.75, 1.3], "texture": "#1"}
			}
		},
		{
			"from": [7.38506, 9.64484, 4.91272],
			"to": [8.57624, 10.2561, 6.50932],
			"rotation": {"angle": 45, "axis": "y", "origin": [7.9803, 10.08236, 7.90629]},
			"faces": {
				"north": {"uv": [2.75, 0, 7.14561, 2.95959], "rotation": 180, "texture": "#1"},
				"east": {"uv": [2.25, 0, 1.75, 1.3], "rotation": 270, "texture": "#1"},
				"south": {"uv": [2.75, 0, 7.14561, 2.95959], "rotation": 180, "texture": "#1"},
				"west": {"uv": [2.25, 0, 1.75, 1.3], "rotation": 90, "texture": "#1"},
				"up": {"uv": [2.75, 0, 2.75, 1.3], "rotation": 180, "texture": "#1"},
				"down": {"uv": [2.75, 0, 2.75, 1.3], "texture": "#1"}
			}
		},
		{
			"from": [7.38506, 10.2561, 6.37572],
			"to": [8.74249, 10.2561, 9.43532],
			"rotation": {"angle": 45, "axis": "y", "origin": [7.9803, 10.08236, 7.90629]},
			"faces": {
				"north": {"uv": [2.75, 0, 7.14561, 2.95959], "rotation": 180, "texture": "#1"},
				"east": {"uv": [2.25, 0, 1.75, 1.3], "rotation": 270, "texture": "#1"},
				"south": {"uv": [2.75, 0, 7.14561, 2.95959], "rotation": 180, "texture": "#1"},
				"west": {"uv": [2.25, 0, 1.75, 1.3], "rotation": 90, "texture": "#1"},
				"up": {"uv": [2.75, 0, 7.14562, 2.95045], "rotation": 90, "texture": "#2"},
				"down": {"uv": [2.75, 0, 2.75, 1.3], "texture": "#1"}
			}
		},
		{
			"from": [7.38529, 9.64484, 9.30154],
			"to": [8.57645, 10.2561, 10.89815],
			"rotation": {"angle": 22.5, "axis": "y", "origin": [7.9803, 10.08236, 7.90629]},
			"faces": {
				"north": {"uv": [9.75, 0, 14.14561, 2.95959], "rotation": 180, "texture": "#1"},
				"east": {"uv": [2.25, 0, 1.75, 1.3], "rotation": 270, "texture": "#1"},
				"south": {"uv": [9.75, 0, 14.14561, 2.95959], "rotation": 180, "texture": "#1"},
				"west": {"uv": [2.5, 0, 2, 1.3], "rotation": 90, "texture": "#1"},
				"up": {"uv": [2.75, 0, 2.75, 1.3], "rotation": 180, "texture": "#1"},
				"down": {"uv": [2.75, 0, 2.75, 1.3], "texture": "#1"}
			}
		},
		{
			"from": [7.38529, 9.64484, 4.91254],
			"to": [8.57645, 10.2561, 6.4759],
			"rotation": {"angle": 22.5, "axis": "y", "origin": [7.9803, 10.08236, 7.90629]},
			"faces": {
				"north": {"uv": [9.75, 0, 14.14561, 2.95959], "rotation": 180, "texture": "#1"},
				"east": {"uv": [2.25, 0, 1.75, 1.3], "rotation": 270, "texture": "#1"},
				"south": {"uv": [9.75, 0, 14.14561, 2.95959], "rotation": 180, "texture": "#1"},
				"west": {"uv": [2.5, 0, 2, 1.3], "rotation": 90, "texture": "#1"},
				"up": {"uv": [2.75, 0, 2.75, 1.3], "rotation": 180, "texture": "#1"},
				"down": {"uv": [2.75, 0, 2.75, 1.3], "texture": "#1"}
			}
		},
		{
			"from": [7.38542, 9.64484, 9.26803],
			"to": [8.57658, 10.2561, 10.8979],
			"rotation": {"angle": 0, "axis": "y", "origin": [7.9803, 10.08236, 7.90629]},
			"faces": {
				"north": {"uv": [2.75, 0, 7.14561, 2.95959], "rotation": 180, "texture": "#1"},
				"east": {"uv": [2.25, 0, 1.75, 1.3], "rotation": 270, "texture": "#1"},
				"south": {"uv": [2.75, 0, 7.14561, 2.95959], "rotation": 180, "texture": "#1"},
				"west": {"uv": [2.25, 0, 1.75, 1.3], "rotation": 90, "texture": "#1"},
				"up": {"uv": [2.75, 0, 2.75, 1.3], "rotation": 180, "texture": "#1"},
				"down": {"uv": [2.75, 0, 2.75, 1.3], "texture": "#1"}
			}
		},
		{
			"from": [7.38542, 9.64484, 4.91228],
			"to": [8.57658, 10.2561, 6.4424],
			"rotation": {"angle": 0, "axis": "y", "origin": [7.9803, 10.08236, 7.90629]},
			"faces": {
				"north": {"uv": [2.75, 0, 7.14561, 2.95959], "rotation": 180, "texture": "#1"},
				"east": {"uv": [2.25, 0, 1.75, 1.3], "rotation": 270, "texture": "#1"},
				"south": {"uv": [2.75, 0, 7.14561, 2.95959], "rotation": 180, "texture": "#1"},
				"west": {"uv": [2.25, 0, 1.75, 1.3], "rotation": 90, "texture": "#1"},
				"up": {"uv": [2.75, 0, 2.75, 1.3], "rotation": 180, "texture": "#1"},
				"down": {"uv": [2.75, 0, 2.75, 1.3], "texture": "#1"}
			}
		},
		{
			"from": [7.38542, 10.2561, 6.40853],
			"to": [8.57658, 10.2561, 9.3684],
			"rotation": {"angle": 0, "axis": "y", "origin": [7.9803, 10.08236, 7.90629]},
			"faces": {
				"north": {"uv": [2.75, 0, 7.14561, 2.95959], "rotation": 180, "texture": "#1"},
				"east": {"uv": [2.25, 0, 1.75, 1.3], "rotation": 270, "texture": "#1"},
				"south": {"uv": [2.75, 0, 7.14561, 2.95959], "rotation": 180, "texture": "#1"},
				"west": {"uv": [2.25, 0, 1.75, 1.3], "rotation": 90, "texture": "#1"},
				"up": {"uv": [2.75, 0, 7.14562, 2.95045], "rotation": 90, "texture": "#2"},
				"down": {"uv": [2.75, 0, 2.75, 1.3], "texture": "#1"}
			}
		},
		{
			"from": [10.35459, 10.80859, 7.39469],
			"to": [11.02013, 12.01835, 8.58585],
			"rotation": {"angle": 45, "axis": "y", "origin": [7.86219, 11.24611, 7.98964]},
			"faces": {
				"north": {"uv": [2, 0, 1.75, 1.3], "rotation": 270, "texture": "#1"},
				"east": {"uv": [7.85439, 0, 16, 3.15959], "texture": "#1"},
				"south": {"uv": [2, 0, 1.75, 1.3], "rotation": 90, "texture": "#1"},
				"west": {"uv": [2.5, 0, 2.75, 0.25], "rotation": 180, "texture": "#2"},
				"up": {"uv": [2.5, 0, 2.75, 1.3], "rotation": 90, "texture": "#1"},
				"down": {"uv": [2.5, 0, 2.75, 1.3], "rotation": 90, "texture": "#1"}
			}
		},
		{
			"from": [5.00134, 10.80859, 7.39469],
			"to": [5.66688, 12.01835, 8.58585],
			"rotation": {"angle": 45, "axis": "y", "origin": [7.86219, 11.24611, 7.98964]},
			"faces": {
				"north": {"uv": [2, 0, 1.75, 1.3], "rotation": 270, "texture": "#1"},
				"east": {"uv": [2.5, 0, 3.39561, 0.90959], "texture": "#2"},
				"south": {"uv": [2, 0, 1.75, 1.3], "rotation": 90, "texture": "#1"},
				"west": {"uv": [7.85439, 0, 16, 3.15959], "texture": "#1"},
				"up": {"uv": [2.5, 0, 2.75, 1.3], "rotation": 90, "texture": "#1"},
				"down": {"uv": [2.5, 0, 2.75, 1.3], "rotation": 90, "texture": "#1"}
			}
		},
		{
			"from": [7.38545, 10.80859, 10.20115],
			"to": [8.57661, 12.01835, 10.86668],
			"rotation": {"angle": -22.5, "axis": "y", "origin": [7.9803, 11.24611, 7.87304]},
			"faces": {
				"north": {"uv": [2.5, 0, 2.75, 0.25], "texture": "#2"},
				"east": {"uv": [2, 0, 1.75, 1.3], "rotation": 90, "texture": "#1"},
				"south": {"uv": [0, 0, 8.14561, 3.15959], "texture": "#1"},
				"west": {"uv": [2, 0, 1.75, 1.3], "rotation": 270, "texture": "#1"},
				"up": {"uv": [2.5, 0, 2.75, 1.3], "texture": "#1"},
				"down": {"uv": [2.5, 0, 2.75, 1.3], "rotation": 180, "texture": "#1"}
			}
		},
		{
			"from": [7.38545, 10.80859, 4.88115],
			"to": [8.57661, 12.01835, 5.54668],
			"rotation": {"angle": -22.5, "axis": "y", "origin": [7.9803, 11.24611, 7.87304]},
			"faces": {
				"north": {"uv": [0, 0, 8.14561, 3.15959], "texture": "#1"},
				"east": {"uv": [2, 0, 1.75, 1.3], "rotation": 90, "texture": "#1"},
				"south": {"uv": [2.5, 0, 2.75, 0.25], "rotation": 180, "texture": "#2"},
				"west": {"uv": [2, 0, 1.75, 1.3], "rotation": 270, "texture": "#1"},
				"up": {"uv": [2.5, 0, 2.75, 1.3], "texture": "#1"},
				"down": {"uv": [2.5, 0, 2.75, 1.3], "rotation": 180, "texture": "#1"}
			}
		},
		{
			"from": [10.30667, 10.80859, 7.2779],
			"to": [10.97227, 12.01835, 8.46906],
			"rotation": {"angle": 22.5, "axis": "y", "origin": [7.9803, 11.24611, 7.87304]},
			"faces": {
				"north": {"uv": [2, 0, 1.75, 1.3], "rotation": 270, "texture": "#1"},
				"east": {"uv": [0, 0, 8.14561, 3.15959], "texture": "#1"},
				"south": {"uv": [2, 0, 1.75, 1.3], "rotation": 90, "texture": "#1"},
				"west": {"uv": [2.5, 0, 2.75, 0.25], "rotation": 180, "texture": "#2"},
				"up": {"uv": [2.5, 0, 2.75, 1.3], "rotation": 90, "texture": "#1"},
				"down": {"uv": [2.5, 0, 2.75, 1.3], "rotation": 90, "texture": "#1"}
			}
		},
		{
			"from": [4.95342, 10.80859, 7.2779],
			"to": [5.61896, 12.01835, 8.46906],
			"rotation": {"angle": 22.5, "axis": "y", "origin": [7.9803, 11.24611, 7.87304]},
			"faces": {
				"north": {"uv": [2, 0, 1.75, 1.3], "rotation": 270, "texture": "#1"},
				"east": {"uv": [2.5, 0, 3.39561, 0.90959], "texture": "#2"},
				"south": {"uv": [2, 0, 1.75, 1.3], "rotation": 90, "texture": "#1"},
				"west": {"uv": [0, 0, 8.14561, 3.15959], "texture": "#1"},
				"up": {"uv": [2.5, 0, 2.75, 1.3], "rotation": 90, "texture": "#1"},
				"down": {"uv": [2.5, 0, 2.75, 1.3], "rotation": 90, "texture": "#1"}
			}
		},
		{
			"from": [10.30681, 10.80859, 7.27765],
			"to": [10.9724, 12.01835, 8.46882],
			"rotation": {"angle": 0, "axis": "y", "origin": [7.9803, 11.24611, 7.87304]},
			"faces": {
				"north": {"uv": [2, 0, 1.75, 1.3], "rotation": 270, "texture": "#1"},
				"east": {"uv": [7.85439, 0, 16, 3.15959], "texture": "#1"},
				"south": {"uv": [2, 0, 1.75, 1.3], "rotation": 90, "texture": "#1"},
				"west": {"uv": [2.5, 0, 2.75, 0.25], "rotation": 180, "texture": "#2"},
				"up": {"uv": [2.5, 0, 2.75, 1.3], "rotation": 90, "texture": "#1"},
				"down": {"uv": [2.5, 0, 2.75, 1.3], "rotation": 90, "texture": "#1"}
			}
		},
		{
			"from": [4.95356, 10.80859, 7.27765],
			"to": [5.61915, 12.01835, 8.46882],
			"rotation": {"angle": 0, "axis": "y", "origin": [2.62705, 11.24611, 7.87304]},
			"faces": {
				"north": {"uv": [2, 0, 1.75, 1.3], "rotation": 270, "texture": "#1"},
				"east": {"uv": [2.5, 0, 2.75, 0.25], "texture": "#2"},
				"south": {"uv": [2, 0, 1.75, 1.3], "rotation": 90, "texture": "#1"},
				"west": {"uv": [7.85439, 0, 16, 3.15959], "texture": "#1"},
				"up": {"uv": [2.5, 0, 2.75, 1.3], "rotation": 90, "texture": "#1"},
				"down": {"uv": [2.5, 0, 2.75, 1.3], "rotation": 90, "texture": "#1"}
			}
		},
		{
			"from": [10.30683, 10.80859, 7.27737],
			"to": [10.97237, 12.01835, 8.46853],
			"rotation": {"angle": -22.5, "axis": "y", "origin": [7.9803, 11.24611, 7.87304]},
			"faces": {
				"north": {"uv": [2, 0, 1.75, 1.3], "rotation": 270, "texture": "#1"},
				"east": {"uv": [0, 0, 8.14561, 3.15959], "texture": "#1"},
				"south": {"uv": [2, 0, 1.75, 1.3], "rotation": 90, "texture": "#1"},
				"west": {"uv": [2.5, 0, 2.75, 0.25], "rotation": 180, "texture": "#2"},
				"up": {"uv": [2.5, 0, 2.75, 1.3], "rotation": 90, "texture": "#1"},
				"down": {"uv": [2.5, 0, 2.75, 1.3], "rotation": 90, "texture": "#1"}
			}
		},
		{
			"from": [4.95358, 10.80859, 7.27737],
			"to": [5.61912, 12.01835, 8.46853],
			"rotation": {"angle": -22.5, "axis": "y", "origin": [7.9803, 11.24611, 7.87304]},
			"faces": {
				"north": {"uv": [2, 0, 1.75, 1.3], "rotation": 270, "texture": "#1"},
				"east": {"uv": [2.5, 0, 2.75, 0.25], "texture": "#2"},
				"south": {"uv": [2, 0, 1.75, 1.3], "rotation": 90, "texture": "#1"},
				"west": {"uv": [0, 0, 8.14561, 3.15959], "texture": "#1"},
				"up": {"uv": [2.5, 0, 2.75, 1.3], "rotation": 90, "texture": "#1"},
				"down": {"uv": [2.5, 0, 2.75, 1.3], "rotation": 90, "texture": "#1"}
			}
		},
		{
			"from": [7.38506, 10.80859, 10.19947],
			"to": [8.57624, 12.01835, 10.865],
			"rotation": {"angle": 45, "axis": "y", "origin": [7.9803, 11.24611, 7.87304]},
			"faces": {
				"north": {"uv": [2.5, 0, 2.75, 0.25], "rotation": 180, "texture": "#2"},
				"east": {"uv": [2, 0, 1.75, 1.3], "rotation": 270, "texture": "#1"},
				"south": {"uv": [7.85439, 0, 16, 3.15959], "texture": "#1"},
				"west": {"uv": [2, 0, 1.75, 1.3], "rotation": 90, "texture": "#1"},
				"up": {"uv": [2.5, 0, 2.75, 1.3], "rotation": 180, "texture": "#1"},
				"down": {"uv": [2.5, 0, 2.75, 1.3], "texture": "#1"}
			}
		},
		{
			"from": [7.38506, 10.80859, 4.84622],
			"to": [8.57624, 12.01835, 5.51175],
			"rotation": {"angle": 45, "axis": "y", "origin": [7.9803, 11.24611, 7.87304]},
			"faces": {
				"north": {"uv": [7.85439, 0, 16, 3.15959], "texture": "#1"},
				"east": {"uv": [2, 0, 1.75, 1.3], "rotation": 270, "texture": "#1"},
				"south": {"uv": [2.5, 0, 2.75, 0.25], "texture": "#2"},
				"west": {"uv": [2, 0, 1.75, 1.3], "rotation": 90, "texture": "#1"},
				"up": {"uv": [2.5, 0, 2.75, 1.3], "rotation": 180, "texture": "#1"},
				"down": {"uv": [2.5, 0, 2.75, 1.3], "texture": "#1"}
			}
		},
		{
			"from": [7.38529, 10.80859, 10.19929],
			"to": [8.57645, 12.01835, 10.86482],
			"rotation": {"angle": 22.5, "axis": "y", "origin": [7.9803, 11.24611, 7.87304]},
			"faces": {
				"north": {"uv": [2.5, 0, 2.75, 0.25], "rotation": 180, "texture": "#2"},
				"east": {"uv": [2, 0, 1.75, 1.3], "rotation": 270, "texture": "#1"},
				"south": {"uv": [0, 0, 8.14561, 3.15959], "texture": "#1"},
				"west": {"uv": [2, 0, 1.75, 1.3], "rotation": 90, "texture": "#1"},
				"up": {"uv": [2.5, 0, 2.75, 1.3], "rotation": 180, "texture": "#1"},
				"down": {"uv": [2.5, 0, 2.75, 1.3], "texture": "#1"}
			}
		},
		{
			"from": [7.38529, 10.80859, 4.87929],
			"to": [8.57645, 12.01835, 5.54482],
			"rotation": {"angle": 22.5, "axis": "y", "origin": [7.9803, 11.24611, 7.87304]},
			"faces": {
				"north": {"uv": [0, 0, 8.14561, 3.15959], "texture": "#1"},
				"east": {"uv": [2, 0, 1.75, 1.3], "rotation": 270, "texture": "#1"},
				"south": {"uv": [2.5, 0, 2.75, 0.25], "texture": "#2"},
				"west": {"uv": [2, 0, 1.75, 1.3], "rotation": 90, "texture": "#1"},
				"up": {"uv": [2.5, 0, 2.75, 1.3], "rotation": 180, "texture": "#1"},
				"down": {"uv": [2.5, 0, 2.75, 1.3], "texture": "#1"}
			}
		},
		{
			"from": [7.38542, 10.80859, 10.19903],
			"to": [8.57658, 12.01835, 10.86457],
			"rotation": {"angle": 0, "axis": "y", "origin": [7.9803, 11.24611, 7.87304]},
			"faces": {
				"north": {"uv": [2.5, 0, 2.75, 0.25], "rotation": 180, "texture": "#2"},
				"east": {"uv": [2, 0, 1.75, 1.3], "rotation": 270, "texture": "#1"},
				"south": {"uv": [7.85439, 0, 16, 3.15959], "texture": "#1"},
				"west": {"uv": [2, 0, 1.75, 1.3], "rotation": 90, "texture": "#1"},
				"up": {"uv": [2.5, 0, 2.75, 1.3], "rotation": 180, "texture": "#1"},
				"down": {"uv": [2.5, 0, 2.75, 1.3], "texture": "#1"}
			}
		},
		{
			"from": [7.38542, 10.80859, 4.87903],
			"to": [8.57658, 12.01835, 5.54457],
			"rotation": {"angle": 0, "axis": "y", "origin": [7.9803, 11.24611, 7.87304]},
			"faces": {
				"north": {"uv": [7.85439, 0, 16, 3.15959], "texture": "#1"},
				"east": {"uv": [2, 0, 1.75, 1.3], "rotation": 270, "texture": "#1"},
				"south": {"uv": [2.5, 0, 2.75, 0.25], "texture": "#2"},
				"west": {"uv": [2, 0, 1.75, 1.3], "rotation": 90, "texture": "#1"},
				"up": {"uv": [2.5, 0, 2.75, 1.3], "rotation": 180, "texture": "#1"},
				"down": {"uv": [2.5, 0, 2.75, 1.3], "texture": "#1"}
			}
		},
		{
			"from": [9.4627, 10.80933, 7.49965],
			"to": [10.34756, 10.87583, 8.42876],
			"rotation": {"angle": 45, "axis": "y", "origin": [7.88436, 11.21709, 7.96372]},
			"faces": {
				"north": {"uv": [2, 0, 1.75, 1.3], "rotation": 270, "texture": "#1"},
				"east": {"uv": [2.5, 0, 2.75, 0.25], "texture": "#1"},
				"south": {"uv": [2, 0, 1.75, 1.3], "rotation": 90, "texture": "#1"},
				"west": {"uv": [2.5, 0, 2.75, 0.25], "rotation": 180, "texture": "#2"},
				"up": {"uv": [2.5, 0, 2.75, 1.3], "rotation": 90, "texture": "#2"},
				"down": {"uv": [2.5, 0, 2.75, 1.3], "rotation": 90, "texture": "#1"}
			}
		},
		{
			"from": [5.65291, 10.80933, 7.49965],
			"to": [6.57102, 10.87583, 8.42876],
			"rotation": {"angle": 45, "axis": "y", "origin": [7.88436, 11.21709, 7.96372]},
			"faces": {
				"north": {"uv": [2, 0, 1.75, 1.3], "rotation": 270, "texture": "#1"},
				"east": {"uv": [2.5, 0, 2.75, 0.25], "texture": "#2"},
				"south": {"uv": [2, 0, 1.75, 1.3], "rotation": 90, "texture": "#1"},
				"west": {"uv": [2.5, 0, 2.75, 0.25], "rotation": 180, "texture": "#1"},
				"up": {"uv": [2.5, 0, 2.75, 1.3], "rotation": 90, "texture": "#2"},
				"down": {"uv": [2.5, 0, 2.75, 1.3], "rotation": 90, "texture": "#1"}
			}
		},
		{
			"from": [7.5125, 10.80933, 9.35619],
			"to": [8.44161, 10.87583, 10.20781],
			"rotation": {"angle": -22.5, "axis": "y", "origin": [7.97649, 11.21709, 7.87277]},
			"faces": {
				"north": {"uv": [2.5, 0, 2.75, 0.25], "texture": "#2"},
				"east": {"uv": [2, 0, 1.75, 1.3], "rotation": 90, "texture": "#1"},
				"south": {"uv": [2.5, 0, 2.75, 0.25], "rotation": 180, "texture": "#1"},
				"west": {"uv": [2, 0, 1.75, 1.3], "rotation": 270, "texture": "#1"},
				"up": {"uv": [2.5, 0, 2.75, 1.3], "texture": "#2"},
				"down": {"uv": [2.5, 0, 2.75, 1.3], "rotation": 180, "texture": "#1"}
			}
		},
		{
			"from": [7.5125, 10.80933, 5.53909],
			"to": [8.44161, 10.87583, 6.42396],
			"rotation": {"angle": -22.5, "axis": "y", "origin": [7.97649, 11.21709, 7.87277]},
			"faces": {
				"north": {"uv": [2.5, 0, 2.75, 0.25], "texture": "#1"},
				"east": {"uv": [2, 0, 1.75, 1.3], "rotation": 90, "texture": "#1"},
				"south": {"uv": [2.5, 0, 2.75, 0.25], "rotation": 180, "texture": "#2"},
				"west": {"uv": [2, 0, 1.75, 1.3], "rotation": 270, "texture": "#1"},
				"up": {"uv": [2.5, 0, 2.75, 1.3], "texture": "#2"},
				"down": {"uv": [2.5, 0, 2.75, 1.3], "rotation": 180, "texture": "#1"}
			}
		},
		{
			"from": [9.45856, 10.80933, 7.40856],
			"to": [10.31022, 10.87583, 8.33766],
			"rotation": {"angle": 22.5, "axis": "y", "origin": [7.97649, 11.21709, 7.87277]},
			"faces": {
				"north": {"uv": [2, 0, 1.75, 1.3], "rotation": 270, "texture": "#1"},
				"east": {"uv": [2.5, 0, 2.75, 0.25], "texture": "#1"},
				"south": {"uv": [2, 0, 1.75, 1.3], "rotation": 90, "texture": "#1"},
				"west": {"uv": [2.5, 0, 2.75, 0.25], "rotation": 180, "texture": "#2"},
				"up": {"uv": [2.5, 0, 2.75, 1.3], "rotation": 90, "texture": "#2"},
				"down": {"uv": [2.5, 0, 2.75, 1.3], "rotation": 90, "texture": "#1"}
			}
		},
		{
			"from": [5.61552, 10.80933, 7.40856],
			"to": [6.50039, 10.87583, 8.33766],
			"rotation": {"angle": 22.5, "axis": "y", "origin": [7.97649, 11.21709, 7.87277]},
			"faces": {
				"north": {"uv": [2, 0, 1.75, 1.3], "rotation": 270, "texture": "#1"},
				"east": {"uv": [2.5, 0, 2.75, 0.25], "texture": "#2"},
				"south": {"uv": [2, 0, 1.75, 1.3], "rotation": 90, "texture": "#1"},
				"west": {"uv": [2.5, 0, 2.75, 0.25], "rotation": 180, "texture": "#1"},
				"up": {"uv": [2.5, 0, 2.75, 1.3], "rotation": 90, "texture": "#2"},
				"down": {"uv": [2.5, 0, 2.75, 1.3], "rotation": 90, "texture": "#1"}
			}
		},
		{
			"from": [9.45867, 10.80933, 7.40836],
			"to": [10.31033, 10.87583, 8.33747],
			"rotation": {"angle": 0, "axis": "y", "origin": [7.97649, 11.21709, 7.87277]},
			"faces": {
				"north": {"uv": [2, 0, 1.75, 1.3], "rotation": 270, "texture": "#1"},
				"east": {"uv": [2.5, 0, 2.75, 0.25], "texture": "#1"},
				"south": {"uv": [2, 0, 1.75, 1.3], "rotation": 90, "texture": "#1"},
				"west": {"uv": [2.5, 0, 2.75, 0.25], "rotation": 180, "texture": "#2"},
				"up": {"uv": [2.5, 0, 2.75, 1.3], "rotation": 90, "texture": "#2"},
				"down": {"uv": [2.5, 0, 2.75, 1.3], "rotation": 90, "texture": "#1"}
			}
		},
		{
			"from": [5.61563, 10.80933, 7.40836],
			"to": [6.50055, 10.87583, 8.33747],
			"rotation": {"angle": 0, "axis": "y", "origin": [3.80095, 11.21709, 7.87277]},
			"faces": {
				"north": {"uv": [2, 0, 1.75, 1.3], "rotation": 270, "texture": "#1"},
				"east": {"uv": [2.5, 0, 2.75, 0.25], "texture": "#2"},
				"south": {"uv": [2, 0, 1.75, 1.3], "rotation": 90, "texture": "#1"},
				"west": {"uv": [2.5, 0, 2.75, 0.25], "rotation": 180, "texture": "#1"},
				"up": {"uv": [2.5, 0, 2.75, 1.3], "rotation": 90, "texture": "#2"},
				"down": {"uv": [2.5, 0, 2.75, 1.3], "rotation": 90, "texture": "#1"}
			}
		},
		{
			"from": [9.45869, 10.80933, 7.40815],
			"to": [10.3103, 10.87583, 8.33725],
			"rotation": {"angle": -22.5, "axis": "y", "origin": [7.97649, 11.21709, 7.87277]},
			"faces": {
				"north": {"uv": [2, 0, 1.75, 1.3], "rotation": 270, "texture": "#1"},
				"east": {"uv": [2.5, 0, 2.75, 0.25], "texture": "#1"},
				"south": {"uv": [2, 0, 1.75, 1.3], "rotation": 90, "texture": "#1"},
				"west": {"uv": [2.5, 0, 2.75, 0.25], "rotation": 180, "texture": "#2"},
				"up": {"uv": [2.5, 0, 2.75, 1.3], "rotation": 90, "texture": "#2"},
				"down": {"uv": [2.5, 0, 2.75, 1.3], "rotation": 90, "texture": "#1"}
			}
		},
		{
			"from": [5.61566, 10.80933, 7.40815],
			"to": [6.53377, 10.87583, 8.33725],
			"rotation": {"angle": -22.5, "axis": "y", "origin": [7.97649, 11.21709, 7.87277]},
			"faces": {
				"north": {"uv": [2, 0, 1.75, 1.3], "rotation": 270, "texture": "#1"},
				"east": {"uv": [2.5, 0, 2.75, 0.25], "texture": "#2"},
				"south": {"uv": [2, 0, 1.75, 1.3], "rotation": 90, "texture": "#1"},
				"west": {"uv": [2.5, 0, 2.75, 0.25], "rotation": 180, "texture": "#1"},
				"up": {"uv": [2.5, 0, 2.75, 1.3], "rotation": 90, "texture": "#2"},
				"down": {"uv": [2.5, 0, 2.75, 1.3], "rotation": 90, "texture": "#1"}
			}
		},
		{
			"from": [7.51221, 10.80933, 9.35488],
			"to": [8.44132, 10.87583, 10.2065],
			"rotation": {"angle": 45, "axis": "y", "origin": [7.97649, 11.21709, 7.87277]},
			"faces": {
				"north": {"uv": [2.5, 0, 2.75, 0.25], "rotation": 180, "texture": "#2"},
				"east": {"uv": [2, 0, 1.75, 1.3], "rotation": 270, "texture": "#1"},
				"south": {"uv": [2.5, 0, 2.75, 0.25], "texture": "#1"},
				"west": {"uv": [2, 0, 1.75, 1.3], "rotation": 90, "texture": "#1"},
				"up": {"uv": [2.5, 0, 2.75, 1.3], "rotation": 180, "texture": "#2"},
				"down": {"uv": [2.5, 0, 2.75, 1.3], "texture": "#1"}
			}
		},
		{
			"from": [7.51221, 10.80933, 5.51185],
			"to": [8.44132, 10.87583, 6.39671],
			"rotation": {"angle": 45, "axis": "y", "origin": [7.97649, 11.21709, 7.87277]},
			"faces": {
				"north": {"uv": [2.5, 0, 2.75, 0.25], "rotation": 180, "texture": "#1"},
				"east": {"uv": [2, 0, 1.75, 1.3], "rotation": 270, "texture": "#1"},
				"south": {"uv": [2.5, 0, 2.75, 0.25], "texture": "#2"},
				"west": {"uv": [2, 0, 1.75, 1.3], "rotation": 90, "texture": "#1"},
				"up": {"uv": [2.5, 0, 2.75, 1.3], "rotation": 180, "texture": "#2"},
				"down": {"uv": [2.5, 0, 2.75, 1.3], "texture": "#1"}
			}
		},
		{
			"from": [7.51238, 10.80933, 9.38799],
			"to": [8.44148, 10.87583, 10.20635],
			"rotation": {"angle": 22.5, "axis": "y", "origin": [7.97649, 11.21709, 7.87277]},
			"faces": {
				"north": {"uv": [2.5, 0, 2.75, 0.25], "rotation": 180, "texture": "#2"},
				"east": {"uv": [2, 0, 1.75, 1.3], "rotation": 270, "texture": "#1"},
				"south": {"uv": [2.5, 0, 2.75, 0.25], "texture": "#1"},
				"west": {"uv": [2, 0, 1.75, 1.3], "rotation": 90, "texture": "#1"},
				"up": {"uv": [2.5, 0, 2.75, 1.3], "rotation": 180, "texture": "#2"},
				"down": {"uv": [2.5, 0, 2.75, 1.3], "texture": "#1"}
			}
		},
		{
			"from": [7.51238, 10.80933, 5.53764],
			"to": [8.44148, 10.87583, 6.4225],
			"rotation": {"angle": 22.5, "axis": "y", "origin": [7.97649, 11.21709, 7.87277]},
			"faces": {
				"north": {"uv": [2.5, 0, 2.75, 0.25], "rotation": 180, "texture": "#1"},
				"east": {"uv": [2, 0, 1.75, 1.3], "rotation": 270, "texture": "#1"},
				"south": {"uv": [2.5, 0, 2.75, 0.25], "texture": "#2"},
				"west": {"uv": [2, 0, 1.75, 1.3], "rotation": 90, "texture": "#1"},
				"up": {"uv": [2.5, 0, 2.75, 1.3], "rotation": 180, "texture": "#2"},
				"down": {"uv": [2.5, 0, 2.75, 1.3], "texture": "#1"}
			}
		},
		{
			"from": [7.51249, 10.80933, 9.35454],
			"to": [8.44159, 10.87583, 10.20616],
			"rotation": {"angle": 0, "axis": "y", "origin": [7.97649, 11.21709, 7.87277]},
			"faces": {
				"north": {"uv": [2.5, 0, 2.75, 0.25], "rotation": 180, "texture": "#2"},
				"east": {"uv": [2, 0, 1.75, 1.3], "rotation": 270, "texture": "#1"},
				"south": {"uv": [2.5, 0, 2.75, 0.25], "texture": "#1"},
				"west": {"uv": [2, 0, 1.75, 1.3], "rotation": 90, "texture": "#1"},
				"up": {"uv": [2.5, 0, 2.75, 1.3], "rotation": 180, "texture": "#2"},
				"down": {"uv": [2.5, 0, 2.75, 1.3], "texture": "#1"}
			}
		},
		{
			"from": [7.51249, 10.80933, 5.53744],
			"to": [8.44159, 10.87583, 6.35581],
			"rotation": {"angle": 0, "axis": "y", "origin": [7.97649, 11.21709, 7.87277]},
			"faces": {
				"north": {"uv": [2.5, 0, 2.75, 0.25], "rotation": 180, "texture": "#1"},
				"east": {"uv": [2, 0, 1.75, 1.3], "rotation": 270, "texture": "#1"},
				"south": {"uv": [2.5, 0, 2.75, 0.25], "texture": "#2"},
				"west": {"uv": [2, 0, 1.75, 1.3], "rotation": 90, "texture": "#1"},
				"up": {"uv": [2.5, 0, 2.75, 1.3], "rotation": 180, "texture": "#2"},
				"down": {"uv": [2.5, 0, 2.75, 1.3], "texture": "#1"}
			}
		},
		{
			"from": [3.04447, 7.75224, 7.00058],
			"to": [12.84619, 8.7532, 8.95117],
			"rotation": {"angle": 45, "axis": "y", "origin": [7.94704, 8.35782, 7.97484]},
			"faces": {
				"north": {"uv": [0, 0, 16, 3.0026], "rotation": 90, "texture": "#1"},
				"east": {"uv": [5.4974, 0, 16, 3.71661], "rotation": 90, "texture": "#1"},
				"south": {"uv": [0, 0, 16, 3.0026], "rotation": 90, "texture": "#1"},
				"west": {"uv": [0.5, 0, 1.2526, 1.46661], "rotation": 90, "texture": "#1"},
				"up": {"uv": [0, 0, 16, 2.46661], "rotation": 90, "texture": "#1"},
				"down": {"uv": [0.5, 0, 16, 3.71661], "rotation": 90, "texture": "#1"}
			}
		},
		{
			"from": [6.97294, 7.75224, 3.07549],
			"to": [8.92353, 8.7532, 12.8772],
			"rotation": {"angle": -22.5, "axis": "y", "origin": [7.94704, 8.35782, 7.97484]},
			"faces": {
				"north": {"uv": [0.5, 0, 1.2526, 1.46661], "rotation": 90, "texture": "#1"},
				"east": {"uv": [0, 0, 16, 3.0026], "rotation": 90, "texture": "#1"},
				"south": {"uv": [0.5, 0, 1.2526, 1.46661], "rotation": 90, "texture": "#1"},
				"west": {"uv": [0, 0, 0.7526, 7.36971], "rotation": 90, "texture": "#1"},
				"up": {"uv": [0, 0, 16, 3.71661], "rotation": 90, "texture": "#1"},
				"down": {"uv": [0.5, 0, 16, 3.71661], "rotation": 90, "texture": "#1"}
			}
		},
		{
			"from": [3.04483, 7.75224, 7.00028],
			"to": [12.84655, 8.7532, 8.95087],
			"rotation": {"angle": 22.5, "axis": "y", "origin": [7.94704, 8.35782, 7.97484]},
			"faces": {
				"north": {"uv": [0, 0, 16, 3.0026], "rotation": 90, "texture": "#1"},
				"east": {"uv": [0.5, 0, 1.2526, 1.46661], "rotation": 90, "texture": "#1"},
				"south": {"uv": [0, 0, 16, 3.0026], "rotation": 90, "texture": "#1"},
				"west": {"uv": [0.5, 0, 1.2526, 1.46661], "rotation": 90, "texture": "#1"},
				"up": {"uv": [0, 0, 16, 2.96661], "rotation": 90, "texture": "#1"},
				"down": {"uv": [0.5, 0, 16, 3.71661], "rotation": 90, "texture": "#1"}
			}
		},
		{
			"from": [3.04505, 7.75224, 6.99987],
			"to": [12.84676, 8.7532, 8.95046],
			"rotation": {"angle": 0, "axis": "y", "origin": [7.94704, 8.35782, 7.97484]},
			"faces": {
				"north": {"uv": [0, 0, 16, 3.0026], "rotation": 90, "texture": "#1"},
				"east": {"uv": [3, 0, 13.5026, 3.71661], "rotation": 90, "texture": "#1"},
				"south": {"uv": [0, 0, 16, 3.0026], "rotation": 90, "texture": "#1"},
				"west": {"uv": [0.5, 0, 1.2526, 1.46661], "rotation": 90, "texture": "#1"},
				"up": {"uv": [0, 0, 16, 2.96661], "rotation": 90, "texture": "#1"},
				"down": {"uv": [0.5, 0, 16, 2.96661], "rotation": 90, "texture": "#1"}
			}
		},
		{
			"from": [3.04509, 7.75224, 6.99941],
			"to": [12.8468, 8.7532, 8.95],
			"rotation": {"angle": -22.5, "axis": "y", "origin": [7.94704, 8.35782, 7.97484]},
			"faces": {
				"north": {"uv": [0, 0, 16, 3.0026], "rotation": 90, "texture": "#1"},
				"east": {"uv": [0.5, 0, 1.2526, 1.46661], "rotation": 90, "texture": "#1"},
				"south": {"uv": [0, 0, 16, 3.0026], "rotation": 90, "texture": "#1"},
				"west": {"uv": [0.5, 0, 1.2526, 1.46661], "rotation": 90, "texture": "#1"},
				"up": {"uv": [0, 0, 16, 2.96661], "rotation": 90, "texture": "#1"},
				"down": {"uv": [0.5, 0, 16, 3.71661], "rotation": 90, "texture": "#1"}
			}
		},
		{
			"from": [6.97232, 7.75224, 3.07273],
			"to": [8.92291, 8.7532, 12.87445],
			"rotation": {"angle": 45, "axis": "y", "origin": [7.94704, 8.35782, 7.97484]},
			"faces": {
				"north": {"uv": [0.5, 0, 1.2526, 1.46661], "rotation": 90, "texture": "#1"},
				"east": {"uv": [0, 0, 16, 3.0026], "rotation": 90, "texture": "#1"},
				"south": {"uv": [0.5, 0, 11.0026, 3.71661], "rotation": 90, "texture": "#1"},
				"west": {"uv": [0, 0, 0.7526, 7.36971], "rotation": 90, "texture": "#1"},
				"up": {"uv": [0, 0, 16, 3.71661], "rotation": 90, "texture": "#1"},
				"down": {"uv": [0.5, 0, 16, 3.71661], "rotation": 90, "texture": "#1"}
			}
		},
		{
			"from": [6.97267, 7.75224, 3.07244],
			"to": [8.92326, 8.7532, 12.87416],
			"rotation": {"angle": 22.5, "axis": "y", "origin": [7.94704, 8.35782, 7.97484]},
			"faces": {
				"north": {"uv": [0.5, 0, 1.2526, 1.46661], "rotation": 90, "texture": "#1"},
				"east": {"uv": [0, 0, 16, 3.0026], "rotation": 90, "texture": "#1"},
				"south": {"uv": [0.5, 0, 1.2526, 1.46661], "rotation": 90, "texture": "#1"},
				"west": {"uv": [0, 0, 0.7526, 7.36971], "rotation": 90, "texture": "#1"},
				"up": {"uv": [0, 0, 16, 3.71661], "rotation": 90, "texture": "#1"},
				"down": {"uv": [0.5, 0, 16, 3.71661], "rotation": 90, "texture": "#1"}
			}
		},
		{
			"from": [6.9729, 7.75224, 3.07203],
			"to": [8.92349, 8.7532, 12.87374],
			"rotation": {"angle": 0, "axis": "y", "origin": [7.94704, 8.35782, 7.97484]},
			"faces": {
				"north": {"uv": [0.5, 0, 1.2526, 1.46661], "rotation": 90, "texture": "#1"},
				"east": {"uv": [0, 0, 16, 3.0026], "rotation": 90, "texture": "#1"},
				"south": {"uv": [0.5, 0, 11.0026, 3.71661], "rotation": 90, "texture": "#1"},
				"west": {"uv": [0, 0, 0.7526, 7.36971], "rotation": 90, "texture": "#1"},
				"up": {"uv": [0, 0, 16, 3.71661], "rotation": 90, "texture": "#1"},
				"down": {"uv": [0.5, 0, 16, 3.71661], "rotation": 90, "texture": "#1"}
			}
		},
		{
			"from": [3.31047, 0.87484, 7.00058],
			"to": [13.11219, 1.87581, 8.95117],
			"rotation": {"angle": 45, "axis": "y", "origin": [8.21304, 1.37532, 7.97484]},
			"faces": {
				"north": {"uv": [3.25, 0, 3.25, 1.3], "rotation": 270, "texture": "#1"},
				"east": {"uv": [3.78339, 8.5, 15.25, 13.25261], "texture": "#1"},
				"south": {"uv": [3.25, 0, 3.25, 1.3], "rotation": 90, "texture": "#1"},
				"west": {"uv": [3.78339, 8.5, 15.25, 13.25261], "texture": "#1"},
				"up": {"uv": [3.75, 0, 4.25, 1.3], "rotation": 90, "texture": "#1"},
				"down": {"uv": [5.9, 5.5, 4, 15.0475], "rotation": 90, "texture": "#1"}
			}
		},
		{
			"from": [7.23894, 0.87484, 3.07549],
			"to": [9.18953, 1.87581, 12.8772],
			"rotation": {"angle": -22.5, "axis": "y", "origin": [8.21304, 1.37532, 7.97484]},
			"faces": {
				"north": {"uv": [3.78339, 8.5, 15.25, 13.25261], "texture": "#1"},
				"east": {"uv": [3.25, 0, 3.25, 1.3], "rotation": 90, "texture": "#1"},
				"south": {"uv": [3.78339, 8.5, 15.25, 13.25261], "texture": "#1"},
				"west": {"uv": [3.25, 0, 3.25, 1.3], "rotation": 270, "texture": "#1"},
				"up": {"uv": [3.75, 0, 4.25, 1.3], "texture": "#1"},
				"down": {"uv": [5.9, 5.5, 4, 15.0475], "rotation": 90, "texture": "#1"}
			}
		},
		{
			"from": [3.31083, 0.87484, 7.00028],
			"to": [13.11255, 1.87581, 8.95087],
			"rotation": {"angle": 22.5, "axis": "y", "origin": [8.21304, 1.37532, 7.97484]},
			"faces": {
				"north": {"uv": [3.25, 0, 3.25, 1.3], "rotation": 270, "texture": "#1"},
				"east": {"uv": [3.78339, 8.5, 15.25, 13.25261], "texture": "#1"},
				"south": {"uv": [3.25, 0, 3.25, 1.3], "rotation": 90, "texture": "#1"},
				"west": {"uv": [3.78339, 8.5, 15.25, 13.25261], "texture": "#1"},
				"up": {"uv": [3.75, 0, 4.25, 1.3], "rotation": 90, "texture": "#1"},
				"down": {"uv": [5.9, 5.5, 4, 15.0475], "rotation": 90, "texture": "#1"}
			}
		},
		{
			"from": [3.31105, 0.87484, 6.99987],
			"to": [13.11276, 1.87581, 8.95046],
			"rotation": {"angle": 0, "axis": "y", "origin": [8.21304, 1.37532, 7.97484]},
			"faces": {
				"north": {"uv": [3.25, 0, 3.25, 1.3], "rotation": 270, "texture": "#1"},
				"east": {"uv": [3.78339, 8.5, 15.25, 13.25261], "texture": "#1"},
				"south": {"uv": [3.25, 0, 3.25, 1.3], "rotation": 90, "texture": "#1"},
				"west": {"uv": [3.78339, 8.5, 15.25, 13.25261], "texture": "#1"},
				"up": {"uv": [3.75, 0, 4.25, 1.3], "rotation": 90, "texture": "#1"},
				"down": {"uv": [5.9, 5.5, 4, 15.0475], "rotation": 90, "texture": "#1"}
			}
		},
		{
			"from": [3.31109, 0.87484, 6.99941],
			"to": [13.1128, 1.87581, 8.95],
			"rotation": {"angle": -22.5, "axis": "y", "origin": [8.21304, 1.37532, 7.97484]},
			"faces": {
				"north": {"uv": [3.25, 0, 3.25, 1.3], "rotation": 270, "texture": "#1"},
				"east": {"uv": [3.78339, 8.5, 15.25, 13.25261], "texture": "#1"},
				"south": {"uv": [3.25, 0, 3.25, 1.3], "rotation": 90, "texture": "#1"},
				"west": {"uv": [3.78339, 8.5, 15.25, 13.25261], "texture": "#1"},
				"up": {"uv": [3.75, 0, 4.25, 1.3], "rotation": 90, "texture": "#1"},
				"down": {"uv": [5.9, 5.5, 4, 15.0475], "rotation": 90, "texture": "#1"}
			}
		},
		{
			"from": [7.23832, 0.87484, 3.07273],
			"to": [9.18891, 1.87581, 12.87445],
			"rotation": {"angle": 45, "axis": "y", "origin": [8.21304, 1.37532, 7.97484]},
			"faces": {
				"north": {"uv": [3.78339, 8.5, 15.25, 13.25261], "texture": "#1"},
				"east": {"uv": [3.25, 0, 3.25, 1.3], "rotation": 270, "texture": "#1"},
				"south": {"uv": [3.78339, 8.5, 15.25, 13.25261], "texture": "#1"},
				"west": {"uv": [3.25, 0, 3.25, 1.3], "rotation": 90, "texture": "#1"},
				"up": {"uv": [3.75, 0, 4.25, 1.3], "rotation": 180, "texture": "#1"},
				"down": {"uv": [5.9, 5.5, 4, 15.0475], "rotation": 90, "texture": "#1"}
			}
		},
		{
			"from": [7.23867, 0.87484, 3.07244],
			"to": [9.18926, 1.87581, 12.87416],
			"rotation": {"angle": 22.5, "axis": "y", "origin": [8.21304, 1.37532, 7.97484]},
			"faces": {
				"north": {"uv": [3.78339, 8.5, 15.25, 13.25261], "texture": "#1"},
				"east": {"uv": [3.25, 0, 3.25, 1.3], "rotation": 270, "texture": "#1"},
				"south": {"uv": [3.78339, 8.5, 15.25, 13.25261], "texture": "#1"},
				"west": {"uv": [3.25, 0, 3.25, 1.3], "rotation": 90, "texture": "#1"},
				"up": {"uv": [3.75, 0, 4.25, 1.3], "rotation": 180, "texture": "#1"},
				"down": {"uv": [5.9, 5.5, 4, 15.0475], "rotation": 90, "texture": "#1"}
			}
		},
		{
			"from": [7.2389, 0.87484, 3.07203],
			"to": [9.18949, 1.87581, 12.87374],
			"rotation": {"angle": 0, "axis": "y", "origin": [8.21304, 1.37532, 7.97484]},
			"faces": {
				"north": {"uv": [3.78339, 8.5, 15.25, 13.25261], "texture": "#1"},
				"east": {"uv": [3.25, 0, 3.25, 1.3], "rotation": 270, "texture": "#1"},
				"south": {"uv": [3.78339, 8.5, 15.25, 13.25261], "texture": "#1"},
				"west": {"uv": [3.25, 0, 3.25, 1.3], "rotation": 90, "texture": "#1"},
				"up": {"uv": [3.75, 0, 4.25, 1.3], "rotation": 180, "texture": "#1"},
				"down": {"uv": [5.9, 5.5, 4, 15.0475], "rotation": 90, "texture": "#1"}
			}
		},
		{
			"from": [2.21886, 1.88258, 6.8371],
			"to": [14.02817, 3.08856, 9.18721],
			"rotation": {"angle": 45, "axis": "y", "origin": [8.12558, 2.48557, 8.01089]},
			"faces": {
				"north": {"uv": [3.5, 0, 3.25, 1.3], "rotation": 270, "texture": "#1"},
				"east": {"uv": [1.75, 9.5, 6.517, 12.90675], "rotation": 180, "texture": "#1"},
				"south": {"uv": [3.5, 0, 3.25, 1.3], "rotation": 90, "texture": "#1"},
				"west": {"uv": [1.75, 9.5, 6.517, 12.90675], "rotation": 180, "texture": "#1"},
				"up": {"uv": [4, 0, 4.25, 1.3], "rotation": 90, "texture": "#1"},
				"down": {"uv": [5.9, 5.5, 4, 15.0475], "rotation": 90, "texture": "#1"}
			}
		},
		{
			"from": [6.95195, 1.88258, 2.10807],
			"to": [9.30206, 3.08856, 13.91737],
			"rotation": {"angle": -22.5, "axis": "y", "origin": [8.12558, 2.48557, 8.01089]},
			"faces": {
				"north": {"uv": [1.75, 9.5, 6.517, 12.90675], "rotation": 180, "texture": "#1"},
				"east": {"uv": [3.5, 0, 3.25, 1.3], "rotation": 90, "texture": "#1"},
				"south": {"uv": [1.75, 9.5, 6.517, 12.90675], "rotation": 180, "texture": "#1"},
				"west": {"uv": [3.5, 0, 3.25, 1.3], "rotation": 270, "texture": "#1"},
				"up": {"uv": [4, 0, 4.25, 1.3], "texture": "#1"},
				"down": {"uv": [5.9, 5.5, 4, 15.0475], "rotation": 90, "texture": "#1"}
			}
		},
		{
			"from": [2.21929, 1.88258, 6.83674],
			"to": [14.0286, 3.08856, 9.18685],
			"rotation": {"angle": 22.5, "axis": "y", "origin": [8.12558, 2.48557, 8.01089]},
			"faces": {
				"north": {"uv": [3.5, 0, 3.25, 1.3], "rotation": 270, "texture": "#1"},
				"east": {"uv": [1.75, 9.5, 6.517, 12.90675], "rotation": 180, "texture": "#1"},
				"south": {"uv": [3.5, 0, 3.25, 1.3], "rotation": 90, "texture": "#1"},
				"west": {"uv": [1.75, 9.5, 6.517, 12.90675], "rotation": 180, "texture": "#1"},
				"up": {"uv": [4, 0, 4.25, 1.3], "rotation": 90, "texture": "#1"},
				"down": {"uv": [5.9, 5.5, 4, 15.0475], "rotation": 90, "texture": "#1"}
			}
		},
		{
			"from": [2.21956, 1.88258, 6.83625],
			"to": [14.02885, 3.08856, 9.18636],
			"rotation": {"angle": 0, "axis": "y", "origin": [8.12558, 2.48557, 8.01089]},
			"faces": {
				"north": {"uv": [3.5, 0, 3.25, 1.3], "rotation": 270, "texture": "#1"},
				"east": {"uv": [1.75, 9.5, 6.517, 12.90675], "rotation": 180, "texture": "#1"},
				"south": {"uv": [3.5, 0, 3.25, 1.3], "rotation": 90, "texture": "#1"},
				"west": {"uv": [1.75, 9.5, 6.517, 12.90675], "rotation": 180, "texture": "#1"},
				"up": {"uv": [4, 0, 4.25, 1.3], "rotation": 90, "texture": "#1"},
				"down": {"uv": [5.9, 5.5, 4, 15.0475], "rotation": 90, "texture": "#1"}
			}
		},
		{
			"from": [2.21961, 1.88258, 6.83569],
			"to": [14.0289, 3.08856, 9.1858],
			"rotation": {"angle": -22.5, "axis": "y", "origin": [8.12558, 2.48557, 8.01089]},
			"faces": {
				"north": {"uv": [3.5, 0, 3.25, 1.3], "rotation": 270, "texture": "#1"},
				"east": {"uv": [1.75, 9.5, 6.517, 12.90675], "rotation": 180, "texture": "#1"},
				"south": {"uv": [3.5, 0, 3.25, 1.3], "rotation": 90, "texture": "#1"},
				"west": {"uv": [1.75, 9.5, 6.517, 12.90675], "rotation": 180, "texture": "#1"},
				"up": {"uv": [4, 0, 4.25, 1.3], "rotation": 90, "texture": "#1"},
				"down": {"uv": [5.9, 5.5, 4, 15.0475], "rotation": 90, "texture": "#1"}
			}
		},
		{
			"from": [6.95122, 1.88258, 2.10475],
			"to": [9.30133, 3.08856, 13.91406],
			"rotation": {"angle": 45, "axis": "y", "origin": [8.12558, 2.48557, 8.01089]},
			"faces": {
				"north": {"uv": [1.75, 9.5, 6.517, 12.90675], "rotation": 180, "texture": "#1"},
				"east": {"uv": [3.5, 0, 3.25, 1.3], "rotation": 270, "texture": "#1"},
				"south": {"uv": [1.75, 9.5, 6.517, 12.90675], "rotation": 180, "texture": "#1"},
				"west": {"uv": [3.5, 0, 3.25, 1.3], "rotation": 90, "texture": "#1"},
				"up": {"uv": [4, 0, 4.25, 1.3], "rotation": 180, "texture": "#1"},
				"down": {"uv": [5.9, 5.5, 4, 15.0475], "rotation": 90, "texture": "#1"}
			}
		},
		{
			"from": [6.95164, 1.88258, 2.1044],
			"to": [9.30175, 3.08856, 13.9137],
			"rotation": {"angle": 22.5, "axis": "y", "origin": [8.12558, 2.48557, 8.01089]},
			"faces": {
				"north": {"uv": [1.75, 9.5, 6.517, 12.90675], "rotation": 180, "texture": "#1"},
				"east": {"uv": [3.5, 0, 3.25, 1.3], "rotation": 270, "texture": "#1"},
				"south": {"uv": [1.75, 9.5, 6.517, 12.90675], "rotation": 180, "texture": "#1"},
				"west": {"uv": [3.5, 0, 3.25, 1.3], "rotation": 90, "texture": "#1"},
				"up": {"uv": [4, 0, 4.25, 1.3], "rotation": 180, "texture": "#1"},
				"down": {"uv": [5.9, 5.5, 4, 15.0475], "rotation": 90, "texture": "#1"}
			}
		},
		{
			"from": [6.95189, 1.88258, 2.1039],
			"to": [9.302, 3.08856, 13.91321],
			"rotation": {"angle": 0, "axis": "y", "origin": [8.12558, 2.48557, 8.01089]},
			"faces": {
				"north": {"uv": [1.75, 9.5, 6.517, 12.90675], "rotation": 180, "texture": "#1"},
				"east": {"uv": [3.5, 0, 3.25, 1.3], "rotation": 270, "texture": "#1"},
				"south": {"uv": [1.75, 9.5, 6.517, 12.90675], "rotation": 180, "texture": "#1"},
				"west": {"uv": [3.5, 0, 3.25, 1.3], "rotation": 90, "texture": "#1"},
				"up": {"uv": [4, 0, 4.25, 1.3], "rotation": 180, "texture": "#1"},
				"down": {"uv": [5.9, 5.5, 4, 15.0475], "rotation": 90, "texture": "#1"}
			}
		},
		{
			"from": [1.72926, 5.41088, 6.79864],
			"to": [14.01095, 6.6651, 9.24275],
			"rotation": {"angle": 45, "axis": "y", "origin": [7.87225, 6.10623, 8.01938]},
			"faces": {
				"north": {"uv": [3.80769, 5.48864, 4.75071, 14.72299], "rotation": 270, "texture": "#1"},
				"east": {"uv": [9, 8.31206, 15.83768, 12.00508], "texture": "#1"},
				"south": {"uv": [3.57692, 5.47028, 4.51994, 14.70463], "rotation": 90, "texture": "#1"},
				"west": {"uv": [4.25, 8.31206, 11.08768, 12.00508], "texture": "#1"},
				"up": {"uv": [3.57692, 5.3785, 5.4146, 14.61285], "rotation": 90, "texture": "#1"},
				"down": {"uv": [3.88462, 5.28671, 5.7223, 14.52106], "rotation": 90, "texture": "#1"}
			}
		},
		{
			"from": [6.65167, 5.41088, 1.88044],
			"to": [9.09579, 6.6651, 14.16211],
			"rotation": {"angle": -22.5, "axis": "y", "origin": [7.87225, 6.10623, 8.01938]},
			"faces": {
				"north": {"uv": [4.25, 8.31206, 11.08768, 12.00508], "texture": "#1"},
				"east": {"uv": [4, 5.31206, 4.94302, 14.5464], "rotation": 90, "texture": "#1"},
				"south": {"uv": [0, 8.31206, 6.83768, 12.00508], "texture": "#1"},
				"west": {"uv": [4.07692, 5.22028, 5.01994, 14.45462], "rotation": 270, "texture": "#1"},
				"up": {"uv": [4.38462, 5, 6.2223, 14.23434], "texture": "#1"},
				"down": {"uv": [4.23077, 5.25699, 6.06845, 14.49133], "rotation": 180, "texture": "#1"}
			}
		},
		{
			"from": [1.72972, 5.41088, 6.79826],
			"to": [14.01139, 6.6651, 9.24238],
			"rotation": {"angle": 22.5, "axis": "y", "origin": [7.87225, 6.10623, 8.01938]},
			"faces": {
				"north": {"uv": [5.55769, 5.98864, 6.50071, 15.22298], "rotation": 270, "texture": "#1"},
				"east": {"uv": [0, 8.31206, 6.83768, 12.00508], "texture": "#1"},
				"south": {"uv": [5.32692, 5.97028, 6.26994, 15.20462], "rotation": 90, "texture": "#1"},
				"west": {"uv": [9.16232, 6.06206, 16, 7.50508], "texture": "#1"},
				"up": {"uv": [5.32692, 6.02535, 7.1646, 15.25969], "rotation": 90, "texture": "#1"},
				"down": {"uv": [5.48077, 6.00699, 7.31845, 15.24133], "rotation": 90, "texture": "#1"}
			}
		},
		{
			"from": [6.05248, 5.41088, 6.79775],
			"to": [14.01165, 6.6651, 9.24186],
			"rotation": {"angle": 0, "axis": "y", "origin": [7.87225, 6.10623, 8.01938]},
			"faces": {
				"north": {"uv": [4.05769, 5.73864, 5.00071, 14.97298], "rotation": 270, "texture": "#1"},
				"east": {"uv": [9.16232, 6.06206, 16, 7.50508], "texture": "#1"},
				"south": {"uv": [4.07692, 5.72028, 5.01994, 14.95462], "rotation": 90, "texture": "#1"},
				"west": {"uv": [3, 4.06206, 9.83768, 6.00508], "texture": "#1"},
				"up": {"uv": [0.25, 6.27535, 8.4146, 9.50969], "rotation": 90, "texture": "#1"},
				"down": {"uv": [3.98077, 5.75699, 5.81845, 14.99133], "rotation": 90, "texture": "#1"}
			}
		},
		{
			"from": [1.72998, 5.41088, 6.79775],
			"to": [10.68665, 6.6651, 9.24186],
			"rotation": {"angle": 0, "axis": "y", "origin": [7.87225, 6.10623, 8.01938]},
			"faces": {
				"north": {"uv": [4.05769, 5.73864, 5.00071, 14.97298], "rotation": 270, "texture": "#1"},
				"east": {"uv": [9.16232, 6.06206, 16, 7.50508], "texture": "#1"},
				"south": {"uv": [4.07692, 5.72028, 5.01994, 14.95462], "rotation": 90, "texture": "#1"},
				"west": {"uv": [3, 4.06206, 9.83768, 6.00508], "texture": "#1"},
				"up": {"uv": [5.32692, 0.5, 9.75, 6.98434], "rotation": 90, "texture": "#1"},
				"down": {"uv": [3.98077, 5.75699, 5.81845, 14.99133], "rotation": 90, "texture": "#1"}
			}
		},
		{
			"from": [1.73004, 5.41088, 6.79716],
			"to": [14.01171, 6.6651, 9.24127],
			"rotation": {"angle": -22.5, "axis": "y", "origin": [7.87225, 6.10623, 8.01938]},
			"faces": {
				"north": {"uv": [4.55769, 5.73864, 5.50071, 14.97298], "rotation": 270, "texture": "#1"},
				"east": {"uv": [3, 4.06206, 9.83768, 6.00508], "texture": "#1"},
				"south": {"uv": [4.32692, 5.72028, 5.26994, 14.95462], "rotation": 90, "texture": "#1"},
				"west": {"uv": [4.25, 8.31206, 11.08768, 12.00508], "texture": "#1"},
				"up": {"uv": [11.82692, 4.77535, 15.25, 14.00969], "rotation": 90, "texture": "#1"},
				"down": {"uv": [4.48077, 5.75699, 6.31845, 14.99133], "rotation": 90, "texture": "#1"}
			}
		},
		{
			"from": [6.6509, 5.41088, 1.877],
			"to": [9.09502, 6.6651, 14.15867],
			"rotation": {"angle": 45, "axis": "y", "origin": [7.87225, 6.10623, 8.01938]},
			"faces": {
				"north": {"uv": [9, 8.31206, 15.83768, 12.00508], "texture": "#1"},
				"east": {"uv": [3.75, 5.56206, 4.69302, 14.7964], "rotation": 270, "texture": "#1"},
				"south": {"uv": [0, 8.31206, 6.83768, 12.00508], "texture": "#1"},
				"west": {"uv": [3.82692, 5.47028, 4.76994, 14.70462], "rotation": 90, "texture": "#1"},
				"up": {"uv": [3.82692, 5.52535, 5.6646, 14.75969], "rotation": 180, "texture": "#1"},
				"down": {"uv": [3.98077, 5.50699, 5.81845, 14.74133], "texture": "#1"}
			}
		},
		{
			"from": [6.65135, 5.41088, 1.87663],
			"to": [9.09547, 6.6651, 14.1583],
			"rotation": {"angle": 22.5, "axis": "y", "origin": [7.87225, 6.10623, 8.01938]},
			"faces": {
				"north": {"uv": [0, 8.31206, 6.83768, 12.00508], "texture": "#1"},
				"east": {"uv": [3.25, 6.76566, 4.19302, 16], "rotation": 270, "texture": "#1"},
				"south": {"uv": [4.25, 8.31206, 11.08768, 12.00508], "texture": "#1"},
				"west": {"uv": [3.32692, 6.67388, 4.26994, 15.90822], "rotation": 90, "texture": "#1"},
				"up": {"uv": [13.32692, 5.22895, 15.1646, 14.46329], "rotation": 180, "texture": "#1"},
				"down": {"uv": [3.48077, 6.71059, 5.31845, 15.94493], "texture": "#1"}
			}
		},
		{
			"from": [6.65162, 5.41088, 1.87611],
			"to": [9.09574, 6.6651, 14.15778],
			"rotation": {"angle": 0, "axis": "y", "origin": [7.87225, 6.10623, 8.01938]},
			"faces": {
				"north": {"uv": [4.25, 8.31206, 11.08768, 12.00508], "texture": "#1"},
				"east": {"uv": [3.75, 6.31206, 4.69302, 15.5464], "rotation": 270, "texture": "#1"},
				"south": {"uv": [9, 8.31206, 15.83768, 12.00508], "texture": "#1"},
				"west": {"uv": [3.82692, 6.22028, 4.76994, 15.45462], "rotation": 90, "texture": "#1"},
				"up": {"uv": [0.32692, 6.27535, 2.1646, 15.50969], "rotation": 180, "texture": "#1"},
				"down": {"uv": [3.98077, 6.25699, 5.81845, 15.49133], "texture": "#1"}
			}
		},
		{
			"from": [1.96201, 2.81912, 6.79864],
			"to": [14.2437, 4.07334, 9.24275],
			"rotation": {"angle": 45, "axis": "y", "origin": [8.105, 3.44623, 8.01938]},
			"faces": {
				"north": {"uv": [3.25, 0.25, 4.25, 1], "rotation": 270, "texture": "#1"},
				"east": {"uv": [4.25, 8.31206, 11.08768, 12.00508], "texture": "#1"},
				"south": {"uv": [3.25, 0.25, 4.25, 1], "rotation": 90, "texture": "#1"},
				"west": {"uv": [9, 8.31206, 15.83768, 12.00508], "texture": "#1"},
				"up": {"uv": [3.25, 0.25, 4.25, 1], "rotation": 90, "texture": "#1"},
				"down": {"uv": [5.9, 5.5, 4, 15.0475], "rotation": 90, "texture": "#1"}
			}
		},
		{
			"from": [6.88442, 2.81912, 1.88044],
			"to": [9.32854, 4.07334, 14.16211],
			"rotation": {"angle": -22.5, "axis": "y", "origin": [8.105, 3.44623, 8.01938]},
			"faces": {
				"north": {"uv": [4.25, 8.31206, 11.08768, 12.00508], "texture": "#1"},
				"east": {"uv": [3.25, 0.25, 4.25, 1], "rotation": 90, "texture": "#1"},
				"south": {"uv": [4.25, 8.31206, 11.08768, 12.00508], "texture": "#1"},
				"west": {"uv": [3.25, 0.25, 4.25, 1], "rotation": 270, "texture": "#1"},
				"up": {"uv": [3.25, 0.25, 4.25, 1], "texture": "#1"},
				"down": {"uv": [5.9, 5.5, 4, 15.0475], "rotation": 90, "texture": "#1"}
			}
		},
		{
			"from": [1.96247, 2.81912, 6.79826],
			"to": [14.24414, 4.07334, 9.24238],
			"rotation": {"angle": 22.5, "axis": "y", "origin": [8.105, 3.44623, 8.01938]},
			"faces": {
				"north": {"uv": [3.25, 0.25, 4.25, 1], "rotation": 270, "texture": "#1"},
				"east": {"uv": [4.25, 8.31206, 11.08768, 12.00508], "texture": "#1"},
				"south": {"uv": [3.25, 0.25, 4.25, 1], "rotation": 90, "texture": "#1"},
				"west": {"uv": [4.25, 8.31206, 11.08768, 12.00508], "texture": "#1"},
				"up": {"uv": [3.25, 0.25, 4.25, 1], "rotation": 90, "texture": "#1"},
				"down": {"uv": [5.9, 5.5, 4, 15.0475], "rotation": 90, "texture": "#1"}
			}
		},
		{
			"from": [1.96273, 2.81912, 6.79775],
			"to": [14.2444, 4.07334, 9.24186],
			"rotation": {"angle": 0, "axis": "y", "origin": [8.105, 3.44623, 8.01938]},
			"faces": {
				"north": {"uv": [3.25, 0.25, 4.25, 1], "rotation": 270, "texture": "#1"},
				"east": {"uv": [9, 8.31206, 15.83768, 12.00508], "texture": "#1"},
				"south": {"uv": [3.25, 0.25, 4.25, 1], "rotation": 90, "texture": "#1"},
				"west": {"uv": [4.25, 8.31206, 11.08768, 12.00508], "texture": "#1"},
				"up": {"uv": [3.25, 0.25, 4.25, 1], "rotation": 90, "texture": "#1"},
				"down": {"uv": [5.9, 5.5, 4, 15.0475], "rotation": 90, "texture": "#1"}
			}
		},
		{
			"from": [1.96279, 2.81912, 6.79716],
			"to": [14.24446, 4.07334, 9.24127],
			"rotation": {"angle": -22.5, "axis": "y", "origin": [8.105, 3.44623, 8.01938]},
			"faces": {
				"north": {"uv": [3.25, 0.25, 4.25, 1], "rotation": 270, "texture": "#1"},
				"east": {"uv": [4.25, 8.31206, 11.08768, 12.00508], "texture": "#1"},
				"south": {"uv": [3.25, 0.25, 4.25, 1], "rotation": 90, "texture": "#1"},
				"west": {"uv": [9, 8.31206, 15.83768, 12.00508], "texture": "#1"},
				"up": {"uv": [3.25, 0.25, 4.25, 1], "rotation": 90, "texture": "#1"},
				"down": {"uv": [5.9, 5.5, 4, 15.0475], "rotation": 90, "texture": "#1"}
			}
		},
		{
			"from": [6.88365, 2.81912, 1.877],
			"to": [9.32777, 4.07334, 14.15867],
			"rotation": {"angle": 45, "axis": "y", "origin": [8.105, 3.44623, 8.01938]},
			"faces": {
				"north": {"uv": [4.25, 8.31206, 11.08768, 12.00508], "texture": "#1"},
				"east": {"uv": [3.25, 0.25, 4.25, 1], "rotation": 270, "texture": "#1"},
				"south": {"uv": [4.25, 8.31206, 11.08768, 12.00508], "texture": "#1"},
				"west": {"uv": [3.25, 0.25, 4.25, 1], "rotation": 90, "texture": "#1"},
				"up": {"uv": [3.25, 0.25, 4.25, 1], "rotation": 180, "texture": "#1"},
				"down": {"uv": [5.9, 5.5, 4, 15.0475], "rotation": 90, "texture": "#1"}
			}
		},
		{
			"from": [6.8841, 2.81912, 1.87663],
			"to": [9.32822, 4.07334, 14.1583],
			"rotation": {"angle": 22.5, "axis": "y", "origin": [8.105, 3.44623, 8.01938]},
			"faces": {
				"north": {"uv": [4.25, 8.31206, 11.08768, 12.00508], "texture": "#1"},
				"east": {"uv": [3.25, 0.25, 4.25, 1], "rotation": 270, "texture": "#1"},
				"south": {"uv": [9, 8.31206, 15.83768, 12.00508], "texture": "#1"},
				"west": {"uv": [3.25, 0.25, 4.25, 1], "rotation": 90, "texture": "#1"},
				"up": {"uv": [3.25, 0.25, 4.25, 1], "rotation": 180, "texture": "#1"},
				"down": {"uv": [5.9, 5.5, 4, 15.0475], "rotation": 90, "texture": "#1"}
			}
		},
		{
			"from": [6.88437, 2.81912, 1.87611],
			"to": [9.32849, 4.07334, 14.15778],
			"rotation": {"angle": 0, "axis": "y", "origin": [8.105, 3.44623, 8.01938]},
			"faces": {
				"north": {"uv": [9, 8.31206, 15.83768, 12.00508], "texture": "#1"},
				"east": {"uv": [3.25, 0.25, 4.25, 1], "rotation": 270, "texture": "#1"},
				"south": {"uv": [4.25, 8.31206, 11.08768, 12.00508], "texture": "#1"},
				"west": {"uv": [3.25, 0.25, 4.25, 1], "rotation": 90, "texture": "#1"},
				"up": {"uv": [3.25, 0.25, 4.25, 1], "rotation": 180, "texture": "#1"},
				"down": {"uv": [5.9, 5.5, 4, 15.0475], "rotation": 90, "texture": "#1"}
			}
		},
		{
			"from": [1.98611, 6.53758, 6.8371],
			"to": [13.79542, 7.74356, 9.18721],
			"rotation": {"angle": 45, "axis": "y", "origin": [7.89283, 7.14057, 8.01089]},
			"faces": {
				"north": {"uv": [0.25, 0.25, 1.25, 1.25], "rotation": 270, "texture": "#1"},
				"east": {"uv": [2.25, 2.25, 8.75, 8.25261], "texture": "#1"},
				"south": {"uv": [0.25, 0.25, 1.25, 1.25], "rotation": 90, "texture": "#1"},
				"west": {"uv": [0.25, 2.25, 6.75, 7.00261], "texture": "#1"},
				"up": {"uv": [0.25, 0.25, 1.25, 1.25], "rotation": 90, "texture": "#1"},
				"down": {"uv": [0.25, 0.25, 1.25, 1.25], "rotation": 90, "texture": "#1"}
			}
		},
		{
			"from": [6.7192, 6.53758, 2.10807],
			"to": [9.06931, 7.74356, 13.91737],
			"rotation": {"angle": -22.5, "axis": "y", "origin": [7.89283, 7.14057, 8.01089]},
			"faces": {
				"north": {"uv": [8.75, 2.25, 15.25, 8.00261], "texture": "#1"},
				"east": {"uv": [0.25, 0.25, 1.25, 1.25], "rotation": 90, "texture": "#1"},
				"south": {"uv": [0, 3, 6.5, 7.75261], "texture": "#1"},
				"west": {"uv": [0.25, 1.75, 1.25, 2.75], "texture": "#1"},
				"up": {"uv": [0.25, 0.25, 1.25, 1.25], "texture": "#1"},
				"down": {"uv": [0.25, 0.25, 1.25, 1.25], "rotation": 180, "texture": "#1"}
			}
		},
		{
			"from": [1.98654, 6.53758, 6.83674],
			"to": [13.79585, 7.74356, 9.18685],
			"rotation": {"angle": 22.5, "axis": "y", "origin": [7.89283, 7.14057, 8.01089]},
			"faces": {
				"north": {"uv": [0.25, 0.25, 1.25, 1.25], "rotation": 270, "texture": "#1"},
				"east": {"uv": [0, 3, 6.5, 7.75261], "texture": "#1"},
				"south": {"uv": [0.25, 0.25, 1.25, 1.25], "rotation": 90, "texture": "#1"},
				"west": {"uv": [8.75, 2.25, 15.25, 8.00261], "texture": "#1"},
				"up": {"uv": [0.25, 0.25, 1.25, 1.25], "rotation": 90, "texture": "#1"},
				"down": {"uv": [0.25, 0.25, 1.25, 1.25], "rotation": 90, "texture": "#1"}
			}
		},
		{
			"from": [1.98681, 6.53758, 6.83625],
			"to": [13.7961, 7.74356, 9.18636],
			"rotation": {"angle": 0, "axis": "y", "origin": [7.89283, 7.14057, 8.01089]},
			"faces": {
				"north": {"uv": [0.25, 0.25, 1.25, 1.25], "rotation": 270, "texture": "#1"},
				"east": {"uv": [8.75, 2.25, 15.25, 8.00261], "texture": "#1"},
				"south": {"uv": [0.25, 0.25, 1.25, 1.25], "rotation": 90, "texture": "#1"},
				"west": {"uv": [2.25, 2.25, 10.5, 6.00261], "texture": "#1"},
				"up": {"uv": [0.25, 0.25, 1.25, 1.25], "rotation": 90, "texture": "#1"},
				"down": {"uv": [0.25, 0.25, 1.25, 1.25], "rotation": 90, "texture": "#1"}
			}
		},
		{
			"from": [1.98686, 6.53758, 6.83569],
			"to": [13.79615, 7.74356, 9.1858],
			"rotation": {"angle": -22.5, "axis": "y", "origin": [7.89283, 7.14057, 8.01089]},
			"faces": {
				"north": {"uv": [0.25, 0.25, 1.25, 1.25], "rotation": 270, "texture": "#1"},
				"east": {"uv": [2.25, 2.25, 10.5, 6.00261], "texture": "#1"},
				"south": {"uv": [0.25, 0.25, 1.25, 1.25], "rotation": 90, "texture": "#1"},
				"west": {"uv": [0, 3.5, 8, 10.00261], "texture": "#1"},
				"up": {"uv": [0.25, 0.25, 1.25, 1.25], "rotation": 90, "texture": "#1"},
				"down": {"uv": [0.25, 0.25, 1.25, 1.25], "rotation": 90, "texture": "#1"}
			}
		},
		{
			"from": [6.71847, 6.53758, 2.10475],
			"to": [9.06858, 7.74356, 13.91406],
			"rotation": {"angle": 45, "axis": "y", "origin": [7.89283, 7.14057, 8.01089]},
			"faces": {
				"north": {"uv": [8.75, 2.25, 15.25, 8.00261], "texture": "#1"},
				"east": {"uv": [0.25, 0.25, 1.25, 1.25], "rotation": 270, "texture": "#1"},
				"south": {"uv": [0, 3, 2, 6.75261], "texture": "#1"},
				"west": {"uv": [0.25, 1.75, 1.25, 2.75], "texture": "#1"},
				"up": {"uv": [0.25, 0.25, 1.25, 1.25], "rotation": 180, "texture": "#1"},
				"down": {"uv": [0.25, 0.25, 1.25, 1.25], "texture": "#1"}
			}
		},
		{
			"from": [6.71889, 6.53758, 2.1044],
			"to": [9.069, 7.74356, 13.9137],
			"rotation": {"angle": 22.5, "axis": "y", "origin": [7.89283, 7.14057, 8.01089]},
			"faces": {
				"north": {"uv": [2.25, 2.25, 8.75, 8.25261], "texture": "#1"},
				"east": {"uv": [0.25, 0.25, 1.25, 1.25], "rotation": 270, "texture": "#1"},
				"south": {"uv": [8.75, 2.25, 15.25, 8.00261], "texture": "#1"},
				"west": {"uv": [0.25, 1.75, 1.25, 2.75], "texture": "#1"},
				"up": {"uv": [0.25, 0.25, 1.25, 1.25], "rotation": 180, "texture": "#1"},
				"down": {"uv": [0.25, 0.25, 1.25, 1.25], "texture": "#1"}
			}
		},
		{
			"from": [6.71914, 6.53758, 2.1039],
			"to": [9.06925, 7.74356, 13.91321],
			"rotation": {"angle": 0, "axis": "y", "origin": [7.89283, 7.14057, 8.01089]},
			"faces": {
				"north": {"uv": [0, 2, 6.5, 7.75261], "texture": "#1"},
				"east": {"uv": [0.25, 0.25, 1.25, 1.25], "rotation": 270, "texture": "#1"},
				"south": {"uv": [1.75, 3.25, 8.25, 9.00261], "texture": "#1"},
				"west": {"uv": [0.25, 1.75, 1.25, 2.75], "texture": "#1"},
				"up": {"uv": [0.25, 0.25, 1.25, 1.25], "rotation": 180, "texture": "#1"},
				"down": {"uv": [0.25, 0.25, 1.25, 1.25], "texture": "#1"}
			}
		},
		{
			"from": [4.01404, 0.14378, 7.10595],
			"to": [12.52182, 1.0126, 8.79904],
			"rotation": {"angle": 45, "axis": "y", "origin": [8.26942, 0.65017, 7.95159]},
			"faces": {
				"north": {"uv": [3.25, 0.25, 3.25, 1.3], "rotation": 270, "texture": "#1"},
				"east": {"uv": [7.25, 10.75, 14.023, 14.15325], "texture": "#1"},
				"south": {"uv": [3.25, 0.25, 3.25, 1.3], "rotation": 90, "texture": "#1"},
				"west": {"uv": [7.25, 10.75, 14.023, 14.15325], "texture": "#1"},
				"up": {"uv": [4, 0.25, 4, 1.3], "rotation": 90, "texture": "#1"},
				"down": {"uv": [5.9, 5.5, 4, 15.0475], "rotation": 90, "texture": "#1"}
			}
		},
		{
			"from": [7.4239, 0.14378, 3.69902],
			"to": [9.11699, 1.0126, 12.20679],
			"rotation": {"angle": -22.5, "axis": "y", "origin": [8.26942, 0.65017, 7.95159]},
			"faces": {
				"north": {"uv": [5.75, 10.75, 12.523, 14.15325], "texture": "#1"},
				"east": {"uv": [0, 7.5, 0.65325, 13.89682], "rotation": 90, "texture": "#1"},
				"south": {"uv": [5.75, 10.75, 12.523, 14.15325], "texture": "#1"},
				"west": {"uv": [3.25, 0.25, 3.25, 1.3], "rotation": 270, "texture": "#1"},
				"up": {"uv": [4, 0.25, 4, 1.3], "texture": "#1"},
				"down": {"uv": [5.9, 5.5, 4, 15.0475], "rotation": 90, "texture": "#1"}
			}
		},
		{
			"from": [4.01435, 0.14378, 7.10569],
			"to": [12.52213, 1.0126, 8.79878],
			"rotation": {"angle": 22.5, "axis": "y", "origin": [8.26942, 0.65017, 7.95159]},
			"faces": {
				"north": {"uv": [3.25, 0.25, 3.25, 1.3], "rotation": 270, "texture": "#1"},
				"east": {"uv": [5.75, 10.75, 12.523, 14.15325], "texture": "#1"},
				"south": {"uv": [3.25, 0.25, 3.25, 1.3], "rotation": 90, "texture": "#1"},
				"west": {"uv": [5.75, 10.75, 12.523, 14.15325], "texture": "#1"},
				"up": {"uv": [4, 0.25, 4, 1.3], "rotation": 90, "texture": "#1"},
				"down": {"uv": [5.9, 5.5, 4, 15.0475], "rotation": 90, "texture": "#1"}
			}
		},
		{
			"from": [4.01454, 0.14378, 7.10533],
			"to": [12.52232, 1.0126, 8.79842],
			"rotation": {"angle": 0, "axis": "y", "origin": [8.26942, 0.65017, 7.95159]},
			"faces": {
				"north": {"uv": [3.25, 0.25, 3.25, 1.3], "rotation": 270, "texture": "#1"},
				"east": {"uv": [7.25, 10.75, 14.023, 14.15325], "texture": "#1"},
				"south": {"uv": [3.25, 0.25, 3.25, 1.3], "rotation": 90, "texture": "#1"},
				"west": {"uv": [7.25, 10.75, 14.023, 14.15325], "texture": "#1"},
				"up": {"uv": [4, 0.25, 4, 1.3], "rotation": 90, "texture": "#1"},
				"down": {"uv": [5.9, 5.5, 4, 15.0475], "rotation": 90, "texture": "#1"}
			}
		},
		{
			"from": [4.01458, 0.14378, 7.10494],
			"to": [12.52235, 1.0126, 8.79803],
			"rotation": {"angle": -22.5, "axis": "y", "origin": [8.26942, 0.65017, 7.95159]},
			"faces": {
				"north": {"uv": [3.25, 0.25, 3.25, 1.3], "rotation": 270, "texture": "#1"},
				"east": {"uv": [5.75, 10.75, 12.523, 14.15325], "texture": "#1"},
				"south": {"uv": [3.25, 0.25, 3.25, 1.3], "rotation": 90, "texture": "#1"},
				"west": {"uv": [5.75, 10.75, 12.523, 14.15325], "texture": "#1"},
				"up": {"uv": [4, 0.25, 4, 1.3], "rotation": 90, "texture": "#1"},
				"down": {"uv": [5.9, 5.5, 4, 15.0475], "rotation": 90, "texture": "#1"}
			}
		},
		{
			"from": [7.42337, 0.14378, 3.69662],
			"to": [9.11646, 1.0126, 12.20441],
			"rotation": {"angle": 45, "axis": "y", "origin": [8.26942, 0.65017, 7.95159]},
			"faces": {
				"north": {"uv": [7.25, 10.75, 14.023, 14.15325], "texture": "#1"},
				"east": {"uv": [0, 7.5, 0.65325, 13.89683], "rotation": 270, "texture": "#1"},
				"south": {"uv": [7.25, 10.75, 14.023, 14.15325], "texture": "#1"},
				"west": {"uv": [3.25, 0.25, 3.25, 1.3], "rotation": 90, "texture": "#1"},
				"up": {"uv": [4, 0.25, 4, 1.3], "rotation": 180, "texture": "#1"},
				"down": {"uv": [5.9, 5.5, 4, 15.0475], "rotation": 90, "texture": "#1"}
			}
		},
		{
			"from": [7.42367, 0.14378, 3.69637],
			"to": [9.11676, 1.0126, 12.20414],
			"rotation": {"angle": 22.5, "axis": "y", "origin": [8.26942, 0.65017, 7.95159]},
			"faces": {
				"north": {"uv": [5.75, 10.75, 12.523, 14.15325], "texture": "#1"},
				"east": {"uv": [0, 7.5, 0.65325, 13.89682], "rotation": 270, "texture": "#1"},
				"south": {"uv": [5.75, 10.75, 12.523, 14.15325], "texture": "#1"},
				"west": {"uv": [3.25, 0.25, 3.25, 1.3], "rotation": 90, "texture": "#1"},
				"up": {"uv": [4, 0.25, 4, 1.3], "rotation": 180, "texture": "#1"},
				"down": {"uv": [5.9, 5.5, 4, 15.0475], "rotation": 90, "texture": "#1"}
			}
		},
		{
			"from": [7.42386, 0.14378, 3.69601],
			"to": [9.11695, 1.0126, 12.20378],
			"rotation": {"angle": 0, "axis": "y", "origin": [8.26942, 0.65017, 7.95159]},
			"faces": {
				"north": {"uv": [7.25, 10.75, 14.023, 14.15325], "texture": "#1"},
				"east": {"uv": [0, 7.5, 0.65325, 13.89682], "rotation": 270, "texture": "#1"},
				"south": {"uv": [7.25, 10.75, 14.023, 14.15325], "texture": "#1"},
				"west": {"uv": [3.25, 0.25, 3.25, 1.3], "rotation": 90, "texture": "#1"},
				"up": {"uv": [4, 0.25, 4, 1.3], "rotation": 180, "texture": "#1"},
				"down": {"uv": [5.9, 5.5, 4, 15.0475], "rotation": 90, "texture": "#1"}
			}
		},
		{
			"from": [3.71479, 8.76218, 7.10595],
			"to": [12.22257, 9.631, 8.79904],
			"rotation": {"angle": 45, "axis": "y", "origin": [7.97017, 9.29517, 7.95159]},
			"faces": {
				"north": {"uv": [1.75, 0, 1.75, 1.3], "rotation": 270, "texture": "#1"},
				"east": {"uv": [8.75, 0, 16, 3.15325], "texture": "#1"},
				"south": {"uv": [1.75, 0, 1.75, 1.3], "rotation": 90, "texture": "#1"},
				"west": {"uv": [8.75, 0, 16, 3.15325], "texture": "#1"},
				"up": {"uv": [2.75, 0, 2.75, 1.3], "rotation": 90, "texture": "#1"},
				"down": {"uv": [2.75, 0, 2.75, 1.3], "rotation": 90, "texture": "#1"}
			}
		},
		{
			"from": [7.12465, 8.76218, 3.69902],
			"to": [8.81774, 9.631, 12.20679],
			"rotation": {"angle": -22.5, "axis": "y", "origin": [7.97017, 9.29517, 7.95159]},
			"faces": {
				"north": {"uv": [0, 0, 16, 3.15325], "texture": "#1"},
				"east": {"uv": [2, 0, 2.65325, 6.39682], "rotation": 90, "texture": "#1"},
				"south": {"uv": [0, 0, 7.25, 3], "rotation": 180, "texture": "#1"},
				"west": {"uv": [1.75, 0, 1.75, 1.3], "rotation": 270, "texture": "#1"},
				"up": {"uv": [0, 0, 7.25, 3.15325], "texture": "#1"},
				"down": {"uv": [2.75, 0, 2.75, 1.3], "rotation": 180, "texture": "#1"}
			}
		},
		{
			"from": [3.7151, 8.76218, 7.10569],
			"to": [12.22288, 9.631, 8.79878],
			"rotation": {"angle": 22.5, "axis": "y", "origin": [7.97017, 9.29517, 7.95159]},
			"faces": {
				"north": {"uv": [1.75, 0, 1.75, 1.3], "rotation": 270, "texture": "#1"},
				"east": {"uv": [0, 0, 7.25, 3.15325], "texture": "#1"},
				"south": {"uv": [1.75, 0, 1.75, 1.3], "rotation": 90, "texture": "#1"},
				"west": {"uv": [0, 0, 7.25, 3], "rotation": 180, "texture": "#1"},
				"up": {"uv": [2.75, 0, 2.75, 1.3], "rotation": 90, "texture": "#1"},
				"down": {"uv": [2.75, 0, 2.75, 1.3], "rotation": 90, "texture": "#1"}
			}
		},
		{
			"from": [3.71529, 8.76218, 7.10533],
			"to": [12.22307, 9.631, 8.79842],
			"rotation": {"angle": 0, "axis": "y", "origin": [7.97017, 9.29517, 7.95159]},
			"faces": {
				"north": {"uv": [1.75, 0, 1.75, 1.3], "rotation": 270, "texture": "#1"},
				"east": {"uv": [8.75, 0, 16, 3.15325], "texture": "#1"},
				"south": {"uv": [1.75, 0, 1.75, 1.3], "rotation": 90, "texture": "#1"},
				"west": {"uv": [8.75, 0, 16, 3.15325], "texture": "#1"},
				"up": {"uv": [2.75, 0, 2.75, 1.3], "rotation": 90, "texture": "#1"},
				"down": {"uv": [2.75, 0, 2.75, 1.3], "rotation": 90, "texture": "#1"}
			}
		},
		{
			"from": [3.71533, 8.76218, 7.10494],
			"to": [12.2231, 9.631, 8.79803],
			"rotation": {"angle": -22.5, "axis": "y", "origin": [7.97017, 9.29517, 7.95159]},
			"faces": {
				"north": {"uv": [1.75, 0, 1.75, 1.3], "rotation": 270, "texture": "#1"},
				"east": {"uv": [2.75, 0, 4.023, 0.65325], "texture": "#1"},
				"south": {"uv": [1.75, 0, 1.75, 1.3], "rotation": 90, "texture": "#1"},
				"west": {"uv": [0, 0, 7.25, 3.15325], "texture": "#1"},
				"up": {"uv": [2.75, 0, 2.75, 1.3], "rotation": 90, "texture": "#1"},
				"down": {"uv": [2.75, 0, 2.75, 1.3], "rotation": 90, "texture": "#1"}
			}
		},
		{
			"from": [7.12412, 8.76218, 3.69662],
			"to": [8.81721, 9.631, 12.20441],
			"rotation": {"angle": 45, "axis": "y", "origin": [7.97017, 9.29517, 7.95159]},
			"faces": {
				"north": {"uv": [8.75, 0, 16, 3.15325], "texture": "#1"},
				"east": {"uv": [2, 0, 2.65325, 6.39683], "rotation": 270, "texture": "#1"},
				"south": {"uv": [8.75, 0, 16, 3.15325], "texture": "#1"},
				"west": {"uv": [1.75, 0, 1.75, 1.3], "rotation": 90, "texture": "#1"},
				"up": {"uv": [2.75, 0, 2.75, 1.3], "rotation": 180, "texture": "#1"},
				"down": {"uv": [2.75, 0, 2.75, 1.3], "texture": "#1"}
			}
		},
		{
			"from": [7.12442, 8.76218, 3.69637],
			"to": [8.81751, 9.631, 12.20414],
			"rotation": {"angle": 22.5, "axis": "y", "origin": [7.97017, 9.29517, 7.95159]},
			"faces": {
				"north": {"uv": [0, 0, 7.25, 3.15325], "texture": "#1"},
				"east": {"uv": [2, 0, 2.65325, 6.39682], "rotation": 270, "texture": "#1"},
				"south": {"uv": [0, 0, 7.25, 3], "rotation": 180, "texture": "#1"},
				"west": {"uv": [1.75, 0, 1.75, 1.3], "rotation": 90, "texture": "#1"},
				"up": {"uv": [2.75, 0, 2.75, 1.3], "rotation": 180, "texture": "#1"},
				"down": {"uv": [2.75, 0, 2.75, 1.3], "texture": "#1"}
			}
		},
		{
			"from": [7.12461, 8.76218, 3.69601],
			"to": [8.8177, 9.631, 12.20378],
			"rotation": {"angle": 0, "axis": "y", "origin": [7.97017, 9.29517, 7.95159]},
			"faces": {
				"north": {"uv": [8.75, 0, 16, 3.15325], "texture": "#1"},
				"east": {"uv": [2, 0, 2.65325, 6.39682], "rotation": 270, "texture": "#1"},
				"south": {"uv": [8.75, 0, 16, 3.15325], "texture": "#1"},
				"west": {"uv": [1.75, 0, 1.75, 1.3], "rotation": 90, "texture": "#1"},
				"up": {"uv": [2.75, 0, 2.75, 1.3], "rotation": 180, "texture": "#1"},
				"down": {"uv": [2.75, 0, 2.75, 1.3], "texture": "#1"}
			}
		},
		{
			"from": [1.39511, 4.08822, 6.34152],
			"to": [14.09329, 5.38497, 8.86852],
			"rotation": {"angle": 45, "axis": "y", "origin": [8.34436, 4.4041, 7.60502]},
			"faces": {
				"north": {"uv": [3.25, 0.5, 3.25, 1], "rotation": 270, "texture": "#1"},
				"east": {"uv": [4.25, 8.31206, 11.08768, 12.00508], "texture": "#1"},
				"south": {"uv": [4, 0.5, 3.25, 1], "rotation": 90, "texture": "#1"},
				"west": {"uv": [4.25, 8.31206, 11.08768, 12.00508], "texture": "#1"},
				"up": {"uv": [5.9, 5.5, 4, 15.0475], "rotation": 90, "texture": "#1"},
				"down": {"uv": [5.9, 5.5, 4, 15.0475], "rotation": 90, "texture": "#1"}
			}
		},
		{
			"from": [6.88712, 4.08822, 1.72579],
			"to": [9.41412, 5.38497, 14.42397],
			"rotation": {"angle": -22.5, "axis": "y", "origin": [8.15062, 4.4041, 7.47555]},
			"faces": {
				"north": {"uv": [9, 8.31206, 15.83768, 12.00508], "texture": "#1"},
				"east": {"uv": [4, 0.5, 3.25, 1], "rotation": 90, "texture": "#1"},
				"south": {"uv": [4.25, 8.31206, 11.08768, 12.00508], "texture": "#1"},
				"west": {"uv": [4, 0.5, 3.25, 1], "rotation": 270, "texture": "#1"},
				"up": {"uv": [5.9, 5.5, 4, 15.0475], "rotation": 90, "texture": "#1"},
				"down": {"uv": [5.9, 5.5, 4, 15.0475], "rotation": 90, "texture": "#1"}
			}
		},
		{
			"from": [1.52458, 4.08822, 6.53526],
			"to": [14.22275, 5.38497, 9.06226],
			"rotation": {"angle": 22.5, "axis": "y", "origin": [8.47383, 4.4041, 7.79876]},
			"faces": {
				"north": {"uv": [3.25, 0.5, 3.25, 1], "rotation": 270, "texture": "#1"},
				"east": {"uv": [4.25, 8.31206, 11.08768, 12.00508], "texture": "#1"},
				"south": {"uv": [4, 0.5, 3.25, 1], "rotation": 90, "texture": "#1"},
				"west": {"uv": [4.25, 8.31206, 11.08768, 12.00508], "texture": "#1"},
				"up": {"uv": [5.9, 5.5, 4, 15.0475], "rotation": 90, "texture": "#1"},
				"down": {"uv": [5.9, 5.5, 4, 15.0475], "rotation": 90, "texture": "#1"}
			}
		},
		{
			"from": [5.22754, 4.08822, 6.7638],
			"to": [14.26821, 5.38497, 9.2908],
			"rotation": {"angle": 0, "axis": "y", "origin": [8.51929, 4.4041, 8.0273]},
			"faces": {
				"north": {"uv": [3.25, 0.5, 3.25, 1], "rotation": 270, "texture": "#1"},
				"east": {"uv": [4.25, 8.31206, 11.08768, 12.00508], "texture": "#1"},
				"south": {"uv": [4, 0.5, 3.25, 1], "rotation": 90, "texture": "#1"},
				"west": {"uv": [3, 5.31206, 9.83768, 9.00508], "texture": "#1"},
				"up": {"uv": [16, 5.75, 9.5, 15.2975], "rotation": 90, "texture": "#1"},
				"down": {"uv": [5.9, 5.5, 4, 15.0475], "rotation": 90, "texture": "#1"}
			}
		},
		{
			"from": [1.57004, 4.08822, 6.7638],
			"to": [10.61071, 5.38497, 9.2908],
			"rotation": {"angle": 0, "axis": "y", "origin": [8.51929, 4.4041, 8.0273]},
			"faces": {
				"north": {"uv": [3.25, 0.5, 3.25, 1], "rotation": 270, "texture": "#1"},
				"east": {"uv": [4.25, 8.31206, 11.08768, 12.00508], "texture": "#1"},
				"south": {"uv": [4, 0.5, 3.25, 1], "rotation": 90, "texture": "#1"},
				"west": {"uv": [3, 5.31206, 9.83768, 9.00508], "texture": "#1"},
				"up": {"uv": [12.5, 0.25, 8.25, 6.2975], "rotation": 90, "texture": "#1"},
				"down": {"uv": [5.9, 5.5, 4, 15.0475], "rotation": 90, "texture": "#1"}
			}
		},
		{
			"from": [1.52458, 4.08822, 6.99234],
			"to": [7.90525, 5.38497, 9.51934],
			"rotation": {"angle": -22.5, "axis": "y", "origin": [8.47383, 4.4041, 8.25584]},
			"faces": {
				"north": {"uv": [3.25, 0.5, 3.25, 1], "rotation": 270, "texture": "#1"},
				"east": {"uv": [3, 5.31206, 9.83768, 9.00508], "texture": "#1"},
				"south": {"uv": [4, 0.5, 3.25, 1], "rotation": 90, "texture": "#1"},
				"west": {"uv": [4.25, 8.31206, 11.08768, 12.00508], "texture": "#1"},
				"up": {"uv": [9.65, 5.5, 3.75, 12.2975], "rotation": 90, "texture": "#1"},
				"down": {"uv": [5.9, 5.5, 4, 15.0475], "rotation": 90, "texture": "#1"}
			}
		},
		{
			"from": [4.84958, 4.08822, 6.99234],
			"to": [14.22275, 5.38497, 9.51934],
			"rotation": {"angle": -22.5, "axis": "y", "origin": [8.47383, 4.4041, 8.25584]},
			"faces": {
				"north": {"uv": [3.25, 0.5, 3.25, 1], "rotation": 270, "texture": "#1"},
				"east": {"uv": [3, 5.31206, 9.83768, 9.00508], "texture": "#1"},
				"south": {"uv": [4, 0.5, 3.25, 1], "rotation": 90, "texture": "#1"},
				"west": {"uv": [4.25, 8.31206, 11.08768, 12.00508], "texture": "#1"},
				"up": {"uv": [9.65, 5.5, 3.75, 12.2975], "rotation": 90, "texture": "#1"},
				"down": {"uv": [5.9, 5.5, 4, 15.0475], "rotation": 90, "texture": "#1"}
			}
		},
		{
			"from": [7.08086, 4.08822, 1.50034],
			"to": [9.60786, 5.38497, 14.19852],
			"rotation": {"angle": 45, "axis": "y", "origin": [8.34436, 4.4041, 8.44959]},
			"faces": {
				"north": {"uv": [9, 8.31206, 15.83768, 12.00508], "texture": "#1"},
				"east": {"uv": [4, 0.5, 3.25, 1], "rotation": 270, "texture": "#1"},
				"south": {"uv": [4.25, 8.31206, 11.08768, 12.00508], "texture": "#1"},
				"west": {"uv": [4, 0.5, 3.25, 1], "rotation": 90, "texture": "#1"},
				"up": {"uv": [5.9, 5.5, 4, 15.0475], "rotation": 90, "texture": "#1"},
				"down": {"uv": [5.9, 5.5, 4, 15.0475], "rotation": 90, "texture": "#1"}
			}
		},
		{
			"from": [6.88712, 4.08822, 1.62979],
			"to": [9.41412, 5.38497, 14.32797],
			"rotation": {"angle": 22.5, "axis": "y", "origin": [8.15062, 4.4041, 8.57904]},
			"faces": {
				"north": {"uv": [4.25, 8.31206, 11.08768, 12.00508], "texture": "#1"},
				"east": {"uv": [4, 0.5, 3.25, 1], "rotation": 270, "texture": "#1"},
				"south": {"uv": [4.25, 8.31206, 11.08768, 12.00508], "texture": "#1"},
				"west": {"uv": [4, 0.5, 3.25, 1], "rotation": 90, "texture": "#1"},
				"up": {"uv": [5.9, 5.5, 4, 15.0475], "rotation": 90, "texture": "#1"},
				"down": {"uv": [5.9, 5.5, 4, 15.0475], "rotation": 90, "texture": "#1"}
			}
		},
		{
			"from": [6.65858, 4.08822, 1.67525],
			"to": [9.18558, 5.38497, 14.37343],
			"rotation": {"angle": 0, "axis": "y", "origin": [-2.18592, 16.09147, 1.67525]},
			"faces": {
				"north": {"uv": [4.25, 8.31206, 11.08768, 12.00508], "texture": "#1"},
				"east": {"uv": [4, 0.5, 3.25, 1], "rotation": 270, "texture": "#1"},
				"south": {"uv": [9, 8.31206, 15.83768, 12.00508], "texture": "#1"},
				"west": {"uv": [4, 0.5, 3.25, 1], "rotation": 90, "texture": "#1"},
				"up": {"uv": [5.9, 5.5, 4, 15.0475], "rotation": 90, "texture": "#1"},
				"down": {"uv": [5.9, 5.5, 4, 15.0475], "rotation": 90, "texture": "#1"}
			}
		}
	],
	"gui_light": "front",
	"display": {
		"thirdperson_righthand": {
			"rotation": [55, 0, 0],
			"translation": [0, 6, 5]
		},
		"thirdperson_lefthand": {
			"rotation": [55, 0, 0],
			"translation": [0, 6, 5]
		},
		"firstperson_righthand": {
			"rotation": [0, 3, -4],
			"translation": [3, 6, 0]
		},
		"firstperson_lefthand": {
			"rotation": [0, 3, -4],
			"translation": [3, 6, 0.5]
		},
		"ground": {
			"translation": [0, 10.25, 0]
		},
		"gui": {
			"rotation": [15, 117, 0],
			"translation": [0, 4.5, 0],
			"scale": [1.36, 1.36, 1.36]
		},
		"head": {
			"translation": [0, 14.25, 0]
		},
		"fixed": {
			"rotation": [1, 0, 0],
			"translation": [-16.5, 22.5, -25.25],
			"scale": [4, 4, 4]
		}
	},
	"groups": [
		{
			"name": "group",
			"origin": [8, 8, 8],
			"color": 0,
			"children": [
				{
					"name": "group",
					"origin": [8.43668, 4.84646, 9.25],
					"color": 0,
					"children": [0, 1, 2, 3, 4, 5, 6, 7, 8, 9, 10, 11, 12, 13, 14, 15]
				},
				{
					"name": "group",
					"origin": [8.43668, 4.84646, 9.25],
					"color": 0,
					"children": [16, 17, 18, 19, 20, 21, 22, 23, 24, 25, 26, 27, 28, 29, 30, 31, 32, 33, 34, 35, 36]
				},
				{
					"name": "group",
					"origin": [8.43668, 4.84646, 9.25],
					"color": 0,
					"children": [37, 38, 39, 40, 41, 42, 43, 44, 45, 46, 47, 48, 49, 50, 51, 52]
				},
				{
					"name": "group",
					"origin": [8.43668, 4.84646, 9.25],
					"color": 0,
					"children": [53, 54, 55, 56, 57, 58, 59, 60, 61, 62, 63, 64, 65, 66, 67, 68]
				},
				{
					"name": "group",
					"origin": [8.43668, 4.84646, 9.25],
					"color": 0,
					"children": [69, 70, 71, 72, 73, 74, 75, 76]
				},
				{
					"name": "group",
					"origin": [8.43668, 4.84646, 9.25],
					"color": 0,
					"children": [77, 78, 79, 80, 81, 82, 83, 84]
				},
				{
					"name": "group",
					"origin": [8.43668, 4.84646, 9.25],
					"color": 0,
					"children": [85, 86, 87, 88, 89, 90, 91, 92]
				},
				{
					"name": "group",
					"origin": [8.43668, 4.84646, 9.25],
					"color": 0,
					"children": [93, 94, 95, 96, 97, 98, 99, 100, 101]
				},
				{
					"name": "group",
					"origin": [8.43668, 4.84646, 9.25],
					"color": 0,
					"children": [102, 103, 104, 105, 106, 107, 108, 109]
				},
				{
					"name": "group",
					"origin": [8.43668, 4.84646, 9.25],
					"color": 0,
					"children": [110, 111, 112, 113, 114, 115, 116, 117]
				},
				{
					"name": "group",
					"origin": [8.43668, 4.84646, 9.25],
					"color": 0,
					"children": [118, 119, 120, 121, 122, 123, 124, 125]
				},
				{
					"name": "group",
					"origin": [8.43668, 4.84646, 9.25],
					"color": 0,
					"children": [126, 127, 128, 129, 130, 131, 132, 133]
				},
				{
					"name": "group",
					"origin": [8.43668, 4.84646, 9.25],
					"color": 0,
					"children": [134, 135, 136, 137, 138, 139, 140, 141, 142, 143]
				}
			]
		}
	]
}