{
	"parent": "hr_otakara",
	"texture_size": [128, 128],
	"textures": {
		"2": "item/collection_4"
	},
	"elements": [
		{
			"from": [5.84861, 8.46771, 6.72079],
			"to": [6.03611, 8.65521, 7.27921],
			"rotation": {"angle": 0, "axis": "y", "origin": [4.16111, 8.74896, 7]},
			"faces": {
				"north": {"uv": [3.39814, 3.45195, 6.21595, 6.23263], "texture": "#2"},
				"east": {"uv": [3.39814, 3.45195, 6.21595, 6.23263], "texture": "#2"},
				"south": {"uv": [3.39814, 3.45195, 6.21595, 6.23263], "texture": "#2"},
				"west": {"uv": [3.39814, 3.45195, 6.21595, 6.23263], "texture": "#2"},
				"up": {"uv": [3.39814, 3.45195, 6.21595, 6.23263], "texture": "#2"},
				"down": {"uv": [3.39814, 3.45195, 6.21595, 6.23263], "texture": "#2"}
			}
		},
		{
			"from": [3.8819, 8.46771, 5.125],
			"to": [4.44032, 8.65521, 5.3125],
			"rotation": {"angle": -45, "axis": "y", "origin": [4.16111, 8.74896, 7]},
			"faces": {
				"north": {"uv": [3.39814, 3.45195, 6.21595, 6.23263], "texture": "#2"},
				"east": {"uv": [3.39814, 3.45195, 6.21595, 6.23263], "texture": "#2"},
				"south": {"uv": [3.39814, 3.45195, 6.21595, 6.23263], "texture": "#2"},
				"west": {"uv": [3.39814, 3.45195, 6.21595, 6.23263], "texture": "#2"},
				"up": {"uv": [3.39814, 3.45195, 6.21595, 6.23263], "texture": "#2"},
				"down": {"uv": [3.39814, 3.45195, 6.21595, 6.23263], "texture": "#2"}
			}
		},
		{
			"from": [3.8819, 8.46771, 5.125],
			"to": [4.44032, 8.65521, 5.3125],
			"rotation": {"angle": 0, "axis": "y", "origin": [4.16111, 8.74896, 7]},
			"faces": {
				"north": {"uv": [3.39814, 3.45195, 6.21595, 6.23263], "texture": "#2"},
				"east": {"uv": [3.39814, 3.45195, 6.21595, 6.23263], "texture": "#2"},
				"south": {"uv": [3.39814, 3.45195, 6.21595, 6.23263], "texture": "#2"},
				"west": {"uv": [3.39814, 3.45195, 6.21595, 6.23263], "texture": "#2"},
				"up": {"uv": [3.39814, 3.45195, 6.21595, 6.23263], "texture": "#2"},
				"down": {"uv": [3.39814, 3.45195, 6.21595, 6.23263], "texture": "#2"}
			}
		},
		{
			"from": [3.8819, 8.46771, 5.125],
			"to": [4.44032, 8.65521, 5.3125],
			"rotation": {"angle": 45, "axis": "y", "origin": [4.16111, 8.74896, 7]},
			"faces": {
				"north": {"uv": [3.39814, 3.45195, 6.21595, 6.23263], "texture": "#2"},
				"east": {"uv": [3.39814, 3.45195, 6.21595, 6.23263], "texture": "#2"},
				"south": {"uv": [3.39814, 3.45195, 6.21595, 6.23263], "texture": "#2"},
				"west": {"uv": [3.39814, 3.45195, 6.21595, 6.23263], "texture": "#2"},
				"up": {"uv": [3.39814, 3.45195, 6.21595, 6.23263], "texture": "#2"},
				"down": {"uv": [3.39814, 3.45195, 6.21595, 6.23263], "texture": "#2"}
			}
		},
		{
			"from": [2.28611, 8.46771, 6.72079],
			"to": [2.47361, 8.65521, 7.27921],
			"rotation": {"angle": 0, "axis": "y", "origin": [4.16111, 8.74896, 7]},
			"faces": {
				"north": {"uv": [3.39814, 3.45195, 6.21595, 6.23263], "texture": "#2"},
				"east": {"uv": [3.39814, 3.45195, 6.21595, 6.23263], "texture": "#2"},
				"south": {"uv": [3.39814, 3.45195, 6.21595, 6.23263], "texture": "#2"},
				"west": {"uv": [3.39814, 3.45195, 6.21595, 6.23263], "texture": "#2"},
				"up": {"uv": [3.39814, 3.45195, 6.21595, 6.23263], "texture": "#2"},
				"down": {"uv": [3.39814, 3.45195, 6.21595, 6.23263], "texture": "#2"}
			}
		},
		{
			"from": [3.8819, 8.46771, 8.6875],
			"to": [4.44032, 8.65521, 8.875],
			"rotation": {"angle": -45, "axis": "y", "origin": [4.16111, 8.74896, 7]},
			"faces": {
				"north": {"uv": [3.39814, 5.04091, 5.81341, 5.43815], "texture": "#2"},
				"east": {"uv": [3.39814, 5.04091, 4.60577, 5.43815], "texture": "#2"},
				"south": {"uv": [3.39814, 5.04091, 5.81341, 5.43815], "texture": "#2"},
				"west": {"uv": [3.39814, 5.04091, 4.60577, 5.43815], "texture": "#2"},
				"up": {"uv": [3.39814, 5.04091, 5.81341, 5.43815], "texture": "#2"},
				"down": {"uv": [3.39814, 5.04091, 5.81341, 5.43815], "texture": "#2"}
			}
		},
		{
			"from": [3.8819, 8.46771, 8.6875],
			"to": [4.44032, 8.65521, 8.875],
			"rotation": {"angle": 0, "axis": "y", "origin": [4.16111, 8.74896, 7]},
			"faces": {
				"north": {"uv": [3.39814, 3.45195, 6.21595, 6.23263], "texture": "#2"},
				"east": {"uv": [3.39814, 3.45195, 6.21595, 6.23263], "texture": "#2"},
				"south": {"uv": [3.39814, 3.45195, 6.21595, 6.23263], "texture": "#2"},
				"west": {"uv": [3.39814, 3.45195, 6.21595, 6.23263], "texture": "#2"},
				"up": {"uv": [3.39814, 3.45195, 6.21595, 6.23263], "texture": "#2"},
				"down": {"uv": [3.39814, 3.45195, 6.21595, 6.23263], "texture": "#2"}
			}
		},
		{
			"from": [3.8819, 8.46771, 8.6875],
			"to": [4.44032, 8.65521, 8.875],
			"rotation": {"angle": 45, "axis": "y", "origin": [4.16111, 8.74896, 7]},
			"faces": {
				"north": {"uv": [3.39814, 3.45195, 6.21595, 6.23263], "texture": "#2"},
				"east": {"uv": [3.39814, 3.45195, 6.21595, 6.23263], "texture": "#2"},
				"south": {"uv": [3.39814, 3.45195, 6.21595, 6.23263], "texture": "#2"},
				"west": {"uv": [3.39814, 3.45195, 6.21595, 6.23263], "texture": "#2"},
				"up": {"uv": [3.39814, 3.45195, 6.21595, 6.23263], "texture": "#2"},
				"down": {"uv": [3.39814, 3.45195, 6.21595, 6.23263], "texture": "#2"}
			}
		},
		{
			"from": [4.0694, 8.65521, 8.6875],
			"to": [4.25282, 8.84271, 8.875],
			"rotation": {"angle": -45, "axis": "y", "origin": [4.16111, 8.93646, 7]},
			"faces": {
				"north": {"uv": [4.00195, 5.63677, 4.4045, 6.03401], "texture": "#2"},
				"east": {"uv": [4.00195, 5.63677, 4.4045, 6.03401], "texture": "#2"},
				"south": {"uv": [4.00195, 5.63677, 4.4045, 6.03401], "texture": "#2"},
				"west": {"uv": [4.00195, 5.63677, 4.4045, 6.03401], "texture": "#2"},
				"up": {"uv": [4.00195, 5.63677, 4.4045, 6.03401], "texture": "#2"},
				"down": {"uv": [4.00195, 5.63677, 4.4045, 6.03401], "texture": "#2"}
			}
		},
		{
			"from": [2.71552, 8.84271, 8.06543],
			"to": [3.09052, 9.21771, 8.44043],
			"rotation": {"angle": 0, "axis": "y", "origin": [2.90302, 9.03021, 8.39356]},
			"faces": {
				"north": {"uv": [3.19686, 3.25333, 6.41722, 6.43125], "texture": "#2"},
				"east": {"uv": [3.19686, 3.25333, 6.41722, 6.43125], "texture": "#2"},
				"south": {"uv": [3.19686, 3.25333, 6.41722, 6.43125], "texture": "#2"},
				"west": {"uv": [3.19686, 3.25333, 6.41722, 6.43125], "texture": "#2"},
				"up": {"uv": [3.19686, 3.25333, 6.41722, 6.43125], "texture": "#2"},
				"down": {"uv": [3.19686, 3.25333, 6.41722, 6.43125], "texture": "#2"}
			}
		},
		{
			"from": [2.28611, 8.65521, 6.90829],
			"to": [2.47361, 8.84271, 7.09171],
			"rotation": {"angle": 0, "axis": "y", "origin": [4.16111, 8.93646, 7]},
			"faces": {
				"north": {"uv": [3.39814, 3.45195, 6.21595, 6.23263], "texture": "#2"},
				"east": {"uv": [3.39814, 3.45195, 6.21595, 6.23263], "texture": "#2"},
				"south": {"uv": [3.39814, 3.45195, 6.21595, 6.23263], "texture": "#2"},
				"west": {"uv": [3.39814, 3.45195, 6.21595, 6.23263], "texture": "#2"},
				"up": {"uv": [3.39814, 3.45195, 6.21595, 6.23263], "texture": "#2"},
				"down": {"uv": [3.39814, 3.45195, 6.21595, 6.23263], "texture": "#2"}
			}
		},
		{
			"from": [2.28611, 8.84271, 6.76767],
			"to": [2.66111, 9.21771, 7.14267],
			"rotation": {"angle": 45, "axis": "y", "origin": [2.47361, 9.03021, 7.09579]},
			"faces": {
				"north": {"uv": [3.19686, 3.25333, 6.41722, 6.43125], "texture": "#2"},
				"east": {"uv": [3.19686, 3.25333, 6.41722, 6.43125], "texture": "#2"},
				"south": {"uv": [3.19686, 3.25333, 6.41722, 6.43125], "texture": "#2"},
				"west": {"uv": [3.19686, 3.25333, 6.41722, 6.43125], "texture": "#2"},
				"up": {"uv": [3.19686, 3.25333, 6.41722, 6.43125], "texture": "#2"},
				"down": {"uv": [3.19686, 3.25333, 6.41722, 6.43125], "texture": "#2"}
			}
		},
		{
			"from": [4.0694, 8.65521, 5.125],
			"to": [4.25282, 8.84271, 5.3125],
			"rotation": {"angle": 45, "axis": "y", "origin": [4.16111, 8.93646, 7]},
			"faces": {
				"north": {"uv": [3.39814, 3.45195, 6.21595, 6.23263], "texture": "#2"},
				"east": {"uv": [3.39814, 3.45195, 6.21595, 6.23263], "texture": "#2"},
				"south": {"uv": [3.39814, 3.45195, 6.21595, 6.23263], "texture": "#2"},
				"west": {"uv": [3.39814, 3.45195, 6.21595, 6.23263], "texture": "#2"},
				"up": {"uv": [3.39814, 3.45195, 6.21595, 6.23263], "texture": "#2"},
				"down": {"uv": [3.39814, 3.45195, 6.21595, 6.23263], "texture": "#2"}
			}
		},
		{
			"from": [2.70748, 8.84271, 5.55152],
			"to": [3.08248, 9.21771, 5.92652],
			"rotation": {"angle": 0, "axis": "y", "origin": [3.0356, 9.03021, 5.73902]},
			"faces": {
				"north": {"uv": [3.19686, 3.25333, 6.41722, 6.43125], "texture": "#2"},
				"east": {"uv": [3.19686, 3.25333, 6.41722, 6.43125], "texture": "#2"},
				"south": {"uv": [3.19686, 3.25333, 6.41722, 6.43125], "texture": "#2"},
				"west": {"uv": [3.19686, 3.25333, 6.41722, 6.43125], "texture": "#2"},
				"up": {"uv": [3.19686, 3.25333, 6.41722, 6.43125], "texture": "#2"},
				"down": {"uv": [3.19686, 3.25333, 6.41722, 6.43125], "texture": "#2"}
			}
		},
		{
			"from": [4.0694, 8.65521, 5.125],
			"to": [4.25282, 8.84271, 5.3125],
			"rotation": {"angle": 0, "axis": "y", "origin": [4.16111, 8.93646, 7]},
			"faces": {
				"north": {"uv": [3.39814, 3.45195, 6.21595, 6.23263], "texture": "#2"},
				"east": {"uv": [3.39814, 3.45195, 6.21595, 6.23263], "texture": "#2"},
				"south": {"uv": [3.39814, 3.45195, 6.21595, 6.23263], "texture": "#2"},
				"west": {"uv": [3.39814, 3.45195, 6.21595, 6.23263], "texture": "#2"},
				"up": {"uv": [3.39814, 3.45195, 6.21595, 6.23263], "texture": "#2"},
				"down": {"uv": [3.39814, 3.45195, 6.21595, 6.23263], "texture": "#2"}
			}
		},
		{
			"from": [4.0694, 8.84271, 4.98438],
			"to": [4.4444, 9.21771, 5.35938],
			"rotation": {"angle": 45, "axis": "y", "origin": [4.2569, 9.03021, 5.3125]},
			"faces": {
				"north": {"uv": [3.19686, 3.25333, 6.41722, 6.43125], "texture": "#2"},
				"east": {"uv": [3.19686, 3.25333, 6.41722, 6.43125], "texture": "#2"},
				"south": {"uv": [3.19686, 3.25333, 6.41722, 6.43125], "texture": "#2"},
				"west": {"uv": [3.19686, 3.25333, 6.41722, 6.43125], "texture": "#2"},
				"up": {"uv": [3.19686, 3.25333, 6.41722, 6.43125], "texture": "#2"},
				"down": {"uv": [3.19686, 3.25333, 6.41722, 6.43125], "texture": "#2"}
			}
		},
		{
			"from": [4.0694, 8.65521, 5.125],
			"to": [4.25282, 8.84271, 5.3125],
			"rotation": {"angle": -45, "axis": "y", "origin": [4.16111, 8.93646, 7]},
			"faces": {
				"north": {"uv": [3.39814, 3.45195, 6.21595, 6.23263], "texture": "#2"},
				"east": {"uv": [3.39814, 3.45195, 6.21595, 6.23263], "texture": "#2"},
				"south": {"uv": [3.39814, 3.45195, 6.21595, 6.23263], "texture": "#2"},
				"west": {"uv": [3.39814, 3.45195, 6.21595, 6.23263], "texture": "#2"},
				"up": {"uv": [3.39814, 3.45195, 6.21595, 6.23263], "texture": "#2"},
				"down": {"uv": [3.39814, 3.45195, 6.21595, 6.23263], "texture": "#2"}
			}
		},
		{
			"from": [5.23459, 8.84271, 5.54637],
			"to": [5.60959, 9.21771, 5.92137],
			"rotation": {"angle": 0, "axis": "y", "origin": [5.42209, 9.03021, 5.87449]},
			"faces": {
				"north": {"uv": [3.19686, 3.25333, 6.41722, 6.43125], "texture": "#2"},
				"east": {"uv": [3.19686, 3.25333, 6.41722, 6.43125], "texture": "#2"},
				"south": {"uv": [3.19686, 3.25333, 6.41722, 6.43125], "texture": "#2"},
				"west": {"uv": [3.19686, 3.25333, 6.41722, 6.43125], "texture": "#2"},
				"up": {"uv": [3.19686, 3.25333, 6.41722, 6.43125], "texture": "#2"},
				"down": {"uv": [3.19686, 3.25333, 6.41722, 6.43125], "texture": "#2"}
			}
		},
		{
			"from": [5.84861, 8.65521, 6.90829],
			"to": [6.03611, 8.84271, 7.09171],
			"rotation": {"angle": 0, "axis": "y", "origin": [4.16111, 8.93646, 7]},
			"faces": {
				"north": {"uv": [3.39814, 3.45195, 6.21595, 6.23263], "texture": "#2"},
				"east": {"uv": [3.39814, 3.45195, 6.21595, 6.23263], "texture": "#2"},
				"south": {"uv": [3.39814, 3.45195, 6.21595, 6.23263], "texture": "#2"},
				"west": {"uv": [3.39814, 3.45195, 6.21595, 6.23263], "texture": "#2"},
				"up": {"uv": [3.39814, 3.45195, 6.21595, 6.23263], "texture": "#2"},
				"down": {"uv": [3.39814, 3.45195, 6.21595, 6.23263], "texture": "#2"}
			}
		},
		{
			"from": [5.84861, 8.84271, 6.76767],
			"to": [6.22361, 9.21771, 7.14267],
			"rotation": {"angle": 45, "axis": "y", "origin": [6.03611, 9.03021, 7.09579]},
			"faces": {
				"north": {"uv": [3.19686, 3.25333, 6.41722, 6.43125], "texture": "#2"},
				"east": {"uv": [3.19686, 3.25333, 6.41722, 6.43125], "texture": "#2"},
				"south": {"uv": [3.19686, 3.25333, 6.41722, 6.43125], "texture": "#2"},
				"west": {"uv": [3.19686, 3.25333, 6.41722, 6.43125], "texture": "#2"},
				"up": {"uv": [3.19686, 3.25333, 6.41722, 6.43125], "texture": "#2"},
				"down": {"uv": [3.19686, 3.25333, 6.41722, 6.43125], "texture": "#2"}
			}
		},
		{
			"from": [4.0694, 8.65521, 8.6875],
			"to": [4.25282, 8.84271, 8.875],
			"rotation": {"angle": 45, "axis": "y", "origin": [4.16111, 8.93646, 7]},
			"faces": {
				"north": {"uv": [3.39814, 3.45195, 6.21595, 6.23263], "texture": "#2"},
				"east": {"uv": [3.39814, 3.45195, 6.21595, 6.23263], "texture": "#2"},
				"south": {"uv": [3.39814, 3.45195, 6.21595, 6.23263], "texture": "#2"},
				"west": {"uv": [3.39814, 3.45195, 6.21595, 6.23263], "texture": "#2"},
				"up": {"uv": [3.39814, 3.45195, 6.21595, 6.23263], "texture": "#2"},
				"down": {"uv": [3.39814, 3.45195, 6.21595, 6.23263], "texture": "#2"}
			}
		},
		{
			"from": [5.22654, 8.84271, 8.07059],
			"to": [5.60154, 9.21771, 8.44559],
			"rotation": {"angle": 0, "axis": "y", "origin": [5.55467, 9.03021, 8.25809]},
			"faces": {
				"north": {"uv": [3.19686, 3.25333, 6.41722, 6.43125], "texture": "#2"},
				"east": {"uv": [3.19686, 3.25333, 6.41722, 6.43125], "texture": "#2"},
				"south": {"uv": [3.19686, 3.25333, 6.41722, 6.43125], "texture": "#2"},
				"west": {"uv": [3.19686, 3.25333, 6.41722, 6.43125], "texture": "#2"},
				"up": {"uv": [3.19686, 3.25333, 6.41722, 6.43125], "texture": "#2"},
				"down": {"uv": [3.19686, 3.25333, 6.41722, 6.43125], "texture": "#2"}
			}
		},
		{
			"from": [4.0694, 8.65521, 8.6875],
			"to": [4.25282, 8.84271, 8.875],
			"rotation": {"angle": 0, "axis": "y", "origin": [4.16111, 8.93646, 7]},
			"faces": {
				"north": {"uv": [3.39814, 3.45195, 6.21595, 6.23263], "texture": "#2"},
				"east": {"uv": [3.39814, 3.45195, 6.21595, 6.23263], "texture": "#2"},
				"south": {"uv": [3.39814, 3.45195, 6.21595, 6.23263], "texture": "#2"},
				"west": {"uv": [3.39814, 3.45195, 6.21595, 6.23263], "texture": "#2"},
				"up": {"uv": [3.39814, 3.45195, 6.21595, 6.23263], "texture": "#2"},
				"down": {"uv": [3.39814, 3.45195, 6.21595, 6.23263], "texture": "#2"}
			}
		},
		{
			"from": [4.0694, 8.84271, 8.54688],
			"to": [4.4444, 9.21771, 8.92188],
			"rotation": {"angle": 45, "axis": "y", "origin": [4.2569, 9.03021, 8.875]},
			"faces": {
				"north": {"uv": [3.19686, 3.25333, 6.41722, 6.43125], "texture": "#2"},
				"east": {"uv": [3.19686, 3.25333, 6.41722, 6.43125], "texture": "#2"},
				"south": {"uv": [3.19686, 3.25333, 6.41722, 6.43125], "texture": "#2"},
				"west": {"uv": [3.19686, 3.25333, 6.41722, 6.43125], "texture": "#2"},
				"up": {"uv": [3.19686, 3.25333, 6.41722, 6.43125], "texture": "#2"},
				"down": {"uv": [3.19686, 3.25333, 6.41722, 6.43125], "texture": "#2"}
			}
		},
		{
			"from": [3.60065, 8.09271, 8.6875],
			"to": [4.72157, 8.46771, 8.875],
			"rotation": {"angle": 0, "axis": "y", "origin": [4.16111, 8.56146, 7]},
			"faces": {
				"north": {"uv": [3.39814, 3.45195, 6.21595, 6.23263], "texture": "#2"},
				"east": {"uv": [3.39814, 3.45195, 6.21595, 6.23263], "texture": "#2"},
				"south": {"uv": [3.39814, 3.45195, 6.21595, 6.23263], "texture": "#2"},
				"west": {"uv": [3.39814, 3.45195, 6.21595, 6.23263], "texture": "#2"},
				"up": {"uv": [3.39814, 3.45195, 6.21595, 6.23263], "texture": "#2"},
				"down": {"uv": [3.39814, 3.45195, 6.21595, 6.23263], "texture": "#2"}
			}
		},
		{
			"from": [3.60065, 8.09271, 8.6875],
			"to": [4.72157, 8.46771, 8.875],
			"rotation": {"angle": -45, "axis": "y", "origin": [4.16111, 8.56146, 7]},
			"faces": {
				"north": {"uv": [3.39814, 5.04091, 6.21595, 6.23263], "texture": "#2"},
				"east": {"uv": [3.39814, 5.04091, 3.80068, 6.23263], "texture": "#2"},
				"south": {"uv": [3.39814, 5.04091, 6.21595, 6.23263], "texture": "#2"},
				"west": {"uv": [3.39814, 5.04091, 3.80068, 6.23263], "texture": "#2"},
				"up": {"uv": [3.39814, 5.83539, 6.21595, 6.23263], "texture": "#2"},
				"down": {"uv": [3.39814, 5.83539, 6.21595, 6.23263], "texture": "#2"}
			}
		},
		{
			"from": [2.28611, 8.09271, 6.43954],
			"to": [2.47361, 8.46771, 7.56046],
			"rotation": {"angle": 0, "axis": "y", "origin": [4.16111, 8.56146, 7]},
			"faces": {
				"north": {"uv": [3.39814, 3.45195, 6.21595, 6.23263], "texture": "#2"},
				"east": {"uv": [3.39814, 3.45195, 6.21595, 6.23263], "texture": "#2"},
				"south": {"uv": [3.39814, 3.45195, 6.21595, 6.23263], "texture": "#2"},
				"west": {"uv": [3.39814, 3.45195, 6.21595, 6.23263], "texture": "#2"},
				"up": {"uv": [3.39814, 3.45195, 6.21595, 6.23263], "texture": "#2"},
				"down": {"uv": [3.39814, 3.45195, 6.21595, 6.23263], "texture": "#2"}
			}
		},
		{
			"from": [5.84861, 8.09271, 6.43954],
			"to": [6.03611, 8.46771, 7.56046],
			"rotation": {"angle": 0, "axis": "y", "origin": [4.16111, 8.56146, 7]},
			"faces": {
				"north": {"uv": [3.39814, 3.45195, 6.21595, 6.23263], "texture": "#2"},
				"east": {"uv": [3.39814, 3.45195, 6.21595, 6.23263], "texture": "#2"},
				"south": {"uv": [3.39814, 3.45195, 6.21595, 6.23263], "texture": "#2"},
				"west": {"uv": [3.39814, 3.45195, 6.21595, 6.23263], "texture": "#2"},
				"up": {"uv": [3.39814, 3.45195, 6.21595, 6.23263], "texture": "#2"},
				"down": {"uv": [3.39814, 3.45195, 6.21595, 6.23263], "texture": "#2"}
			}
		},
		{
			"from": [3.60065, 8.09271, 8.6875],
			"to": [4.72157, 8.46771, 8.875],
			"rotation": {"angle": 45, "axis": "y", "origin": [4.16111, 8.56146, 7]},
			"faces": {
				"north": {"uv": [3.39814, 3.45195, 6.21595, 6.23263], "texture": "#2"},
				"east": {"uv": [3.39814, 3.45195, 6.21595, 6.23263], "texture": "#2"},
				"south": {"uv": [3.39814, 3.45195, 6.21595, 6.23263], "texture": "#2"},
				"west": {"uv": [3.39814, 3.45195, 6.21595, 6.23263], "texture": "#2"},
				"up": {"uv": [3.39814, 3.45195, 6.21595, 6.23263], "texture": "#2"},
				"down": {"uv": [3.39814, 3.45195, 6.21595, 6.23263], "texture": "#2"}
			}
		},
		{
			"from": [3.60065, 8.09271, 5.125],
			"to": [4.72157, 8.46771, 5.3125],
			"rotation": {"angle": -45, "axis": "y", "origin": [4.16111, 8.56146, 7]},
			"faces": {
				"north": {"uv": [3.39814, 3.45195, 6.21595, 6.23263], "texture": "#2"},
				"east": {"uv": [3.39814, 3.45195, 6.21595, 6.23263], "texture": "#2"},
				"south": {"uv": [3.39814, 3.45195, 6.21595, 6.23263], "texture": "#2"},
				"west": {"uv": [3.39814, 3.45195, 6.21595, 6.23263], "texture": "#2"},
				"up": {"uv": [3.39814, 3.45195, 6.21595, 6.23263], "texture": "#2"},
				"down": {"uv": [3.39814, 3.45195, 6.21595, 6.23263], "texture": "#2"}
			}
		},
		{
			"from": [3.60065, 8.09271, 5.125],
			"to": [4.72157, 8.46771, 5.3125],
			"rotation": {"angle": 0, "axis": "y", "origin": [4.16111, 8.56146, 7]},
			"faces": {
				"north": {"uv": [3.39814, 3.45195, 6.21595, 6.23263], "texture": "#2"},
				"east": {"uv": [3.39814, 3.45195, 6.21595, 6.23263], "texture": "#2"},
				"south": {"uv": [3.39814, 3.45195, 6.21595, 6.23263], "texture": "#2"},
				"west": {"uv": [3.39814, 3.45195, 6.21595, 6.23263], "texture": "#2"},
				"up": {"uv": [3.39814, 3.45195, 6.21595, 6.23263], "texture": "#2"},
				"down": {"uv": [3.39814, 3.45195, 6.21595, 6.23263], "texture": "#2"}
			}
		},
		{
			"from": [3.60065, 8.09271, 5.125],
			"to": [4.72157, 8.46771, 5.3125],
			"rotation": {"angle": 45, "axis": "y", "origin": [4.16111, 8.56146, 7]},
			"faces": {
				"north": {"uv": [3.39814, 3.45195, 6.21595, 6.23263], "texture": "#2"},
				"east": {"uv": [3.39814, 3.45195, 6.21595, 6.23263], "texture": "#2"},
				"south": {"uv": [3.39814, 3.45195, 6.21595, 6.23263], "texture": "#2"},
				"west": {"uv": [3.39814, 3.45195, 6.21595, 6.23263], "texture": "#2"},
				"up": {"uv": [3.39814, 3.45195, 6.21595, 6.23263], "texture": "#2"},
				"down": {"uv": [3.39814, 3.45195, 6.21595, 6.23263], "texture": "#2"}
			}
		},
		{
			"from": [3.78815, 7.53021, 5.125],
			"to": [4.53407, 7.90521, 5.3125],
			"rotation": {"angle": -45, "axis": "y", "origin": [4.16111, 8.18646, 7]},
			"faces": {
				"north": {"uv": [3.39814, 3.45195, 6.21595, 6.23263], "texture": "#2"},
				"east": {"uv": [3.39814, 3.45195, 6.21595, 6.23263], "texture": "#2"},
				"south": {"uv": [3.39814, 3.45195, 6.21595, 6.23263], "texture": "#2"},
				"west": {"uv": [3.39814, 3.45195, 6.21595, 6.23263], "texture": "#2"},
				"up": {"uv": [3.39814, 3.45195, 6.21595, 6.23263], "texture": "#2"},
				"down": {"uv": [3.39814, 3.45195, 6.21595, 6.23263], "texture": "#2"}
			}
		},
		{
			"from": [3.78815, 7.53021, 5.125],
			"to": [4.53407, 7.90521, 5.3125],
			"rotation": {"angle": -22.5, "axis": "y", "origin": [4.16111, 8.18646, 7]},
			"faces": {
				"north": {"uv": [3.39814, 3.45195, 6.21595, 6.23263], "texture": "#2"},
				"east": {"uv": [3.39814, 3.45195, 6.21595, 6.23263], "texture": "#2"},
				"south": {"uv": [3.39814, 3.45195, 6.21595, 6.23263], "texture": "#2"},
				"west": {"uv": [3.39814, 3.45195, 6.21595, 6.23263], "texture": "#2"},
				"up": {"uv": [3.39814, 3.45195, 6.21595, 6.23263], "texture": "#2"},
				"down": {"uv": [3.39814, 3.45195, 6.21595, 6.23263], "texture": "#2"}
			}
		},
		{
			"from": [3.78815, 7.53021, 5.125],
			"to": [4.53407, 7.90521, 5.3125],
			"rotation": {"angle": 0, "axis": "y", "origin": [4.16111, 8.18646, 7]},
			"faces": {
				"north": {"uv": [3.39814, 3.45195, 6.21595, 6.23263], "texture": "#2"},
				"east": {"uv": [3.39814, 3.45195, 6.21595, 6.23263], "texture": "#2"},
				"south": {"uv": [3.39814, 3.45195, 6.21595, 6.23263], "texture": "#2"},
				"west": {"uv": [3.39814, 3.45195, 6.21595, 6.23263], "texture": "#2"},
				"up": {"uv": [3.39814, 3.45195, 6.21595, 6.23263], "texture": "#2"},
				"down": {"uv": [3.39814, 3.45195, 6.21595, 6.23263], "texture": "#2"}
			}
		},
		{
			"from": [3.78815, 7.53021, 5.125],
			"to": [4.53407, 7.90521, 5.3125],
			"rotation": {"angle": 22.5, "axis": "y", "origin": [4.16111, 8.18646, 7]},
			"faces": {
				"north": {"uv": [3.39814, 3.45195, 6.21595, 6.23263], "texture": "#2"},
				"east": {"uv": [3.39814, 3.45195, 6.21595, 6.23263], "texture": "#2"},
				"south": {"uv": [3.39814, 3.45195, 6.21595, 6.23263], "texture": "#2"},
				"west": {"uv": [3.39814, 3.45195, 6.21595, 6.23263], "texture": "#2"},
				"up": {"uv": [3.39814, 3.45195, 6.21595, 6.23263], "texture": "#2"},
				"down": {"uv": [3.39814, 3.45195, 6.21595, 6.23263], "texture": "#2"}
			}
		},
		{
			"from": [3.78815, 7.53021, 5.125],
			"to": [4.53407, 7.90521, 5.3125],
			"rotation": {"angle": 45, "axis": "y", "origin": [4.16111, 8.18646, 7]},
			"faces": {
				"north": {"uv": [3.39814, 3.45195, 6.21595, 6.23263], "texture": "#2"},
				"east": {"uv": [3.39814, 3.45195, 6.21595, 6.23263], "texture": "#2"},
				"south": {"uv": [3.39814, 3.45195, 6.21595, 6.23263], "texture": "#2"},
				"west": {"uv": [3.39814, 3.45195, 6.21595, 6.23263], "texture": "#2"},
				"up": {"uv": [3.39814, 3.45195, 6.21595, 6.23263], "texture": "#2"},
				"down": {"uv": [3.39814, 3.45195, 6.21595, 6.23263], "texture": "#2"}
			}
		},
		{
			"from": [3.78815, 7.53021, 8.6875],
			"to": [4.53407, 7.90521, 8.875],
			"rotation": {"angle": -45, "axis": "y", "origin": [4.16111, 8.18646, 7]},
			"faces": {
				"north": {"uv": [3.39814, 3.45195, 6.21595, 6.23263], "texture": "#2"},
				"east": {"uv": [3.39814, 3.45195, 6.21595, 6.23263], "texture": "#2"},
				"south": {"uv": [3.39814, 3.45195, 6.21595, 6.23263], "texture": "#2"},
				"west": {"uv": [3.39814, 3.45195, 6.21595, 6.23263], "texture": "#2"},
				"up": {"uv": [3.39814, 3.45195, 6.21595, 6.23263], "texture": "#2"},
				"down": {"uv": [3.39814, 3.45195, 6.21595, 6.23263], "texture": "#2"}
			}
		},
		{
			"from": [3.78815, 7.53021, 8.6875],
			"to": [4.53407, 7.90521, 8.875],
			"rotation": {"angle": -22.5, "axis": "y", "origin": [4.16111, 8.18646, 7]},
			"faces": {
				"north": {"uv": [3.39814, 3.45195, 6.21595, 6.23263], "texture": "#2"},
				"east": {"uv": [3.39814, 3.45195, 6.21595, 6.23263], "texture": "#2"},
				"south": {"uv": [3.39814, 3.45195, 6.21595, 6.23263], "texture": "#2"},
				"west": {"uv": [3.39814, 3.45195, 6.21595, 6.23263], "texture": "#2"},
				"up": {"uv": [3.39814, 3.45195, 6.21595, 6.23263], "texture": "#2"},
				"down": {"uv": [3.39814, 3.45195, 6.21595, 6.23263], "texture": "#2"}
			}
		},
		{
			"from": [3.78815, 7.53021, 8.6875],
			"to": [4.53407, 7.90521, 8.875],
			"rotation": {"angle": 0, "axis": "y", "origin": [4.16111, 8.18646, 7]},
			"faces": {
				"north": {"uv": [3.39814, 3.45195, 6.21595, 6.23263], "texture": "#2"},
				"east": {"uv": [3.39814, 3.45195, 6.21595, 6.23263], "texture": "#2"},
				"south": {"uv": [3.39814, 3.45195, 6.21595, 6.23263], "texture": "#2"},
				"west": {"uv": [3.39814, 3.45195, 6.21595, 6.23263], "texture": "#2"},
				"up": {"uv": [3.39814, 3.45195, 6.21595, 6.23263], "texture": "#2"},
				"down": {"uv": [3.39814, 3.45195, 6.21595, 6.23263], "texture": "#2"}
			}
		},
		{
			"from": [3.78815, 7.53021, 8.6875],
			"to": [4.53407, 7.90521, 8.875],
			"rotation": {"angle": 22.5, "axis": "y", "origin": [4.16111, 8.18646, 7]},
			"faces": {
				"north": {"uv": [3.39814, 3.45195, 6.21595, 6.23263], "texture": "#2"},
				"east": {"uv": [3.39814, 3.45195, 6.21595, 6.23263], "texture": "#2"},
				"south": {"uv": [3.39814, 3.45195, 6.21595, 6.23263], "texture": "#2"},
				"west": {"uv": [3.39814, 3.45195, 6.21595, 6.23263], "texture": "#2"},
				"up": {"uv": [3.39814, 3.45195, 6.21595, 6.23263], "texture": "#2"},
				"down": {"uv": [3.39814, 3.45195, 6.21595, 6.23263], "texture": "#2"}
			}
		},
		{
			"from": [3.78815, 7.53021, 8.6875],
			"to": [4.53407, 7.90521, 8.875],
			"rotation": {"angle": 45, "axis": "y", "origin": [4.16111, 8.18646, 7]},
			"faces": {
				"north": {"uv": [3.39814, 3.45195, 6.21595, 6.23263], "texture": "#2"},
				"east": {"uv": [3.39814, 3.45195, 6.21595, 6.23263], "texture": "#2"},
				"south": {"uv": [3.39814, 3.45195, 6.21595, 6.23263], "texture": "#2"},
				"west": {"uv": [3.39814, 3.45195, 6.21595, 6.23263], "texture": "#2"},
				"up": {"uv": [3.39814, 3.45195, 6.21595, 6.23263], "texture": "#2"},
				"down": {"uv": [3.39814, 3.45195, 6.21595, 6.23263], "texture": "#2"}
			}
		},
		{
			"from": [2.28611, 7.53021, 6.62704],
			"to": [2.47361, 7.90521, 7.37296],
			"rotation": {"angle": -22.5, "axis": "y", "origin": [4.16111, 8.18646, 7]},
			"faces": {
				"north": {"uv": [3.39814, 3.45195, 6.21595, 6.23263], "texture": "#2"},
				"east": {"uv": [3.39814, 3.45195, 6.21595, 6.23263], "texture": "#2"},
				"south": {"uv": [3.39814, 3.45195, 6.21595, 6.23263], "texture": "#2"},
				"west": {"uv": [3.39814, 3.45195, 6.21595, 6.23263], "texture": "#2"},
				"up": {"uv": [3.39814, 3.45195, 6.21595, 6.23263], "texture": "#2"},
				"down": {"uv": [3.39814, 3.45195, 6.21595, 6.23263], "texture": "#2"}
			}
		},
		{
			"from": [2.28611, 7.53021, 6.62704],
			"to": [2.47361, 7.90521, 7.37296],
			"rotation": {"angle": 0, "axis": "y", "origin": [4.16111, 8.18646, 7]},
			"faces": {
				"north": {"uv": [3.39814, 3.45195, 6.21595, 6.23263], "texture": "#2"},
				"east": {"uv": [3.39814, 3.45195, 6.21595, 6.23263], "texture": "#2"},
				"south": {"uv": [3.39814, 3.45195, 6.21595, 6.23263], "texture": "#2"},
				"west": {"uv": [3.39814, 3.45195, 6.21595, 6.23263], "texture": "#2"},
				"up": {"uv": [3.39814, 3.45195, 6.21595, 6.23263], "texture": "#2"},
				"down": {"uv": [3.39814, 3.45195, 6.21595, 6.23263], "texture": "#2"}
			}
		},
		{
			"from": [2.28611, 7.53021, 6.62704],
			"to": [2.47361, 7.90521, 7.37296],
			"rotation": {"angle": 22.5, "axis": "y", "origin": [4.16111, 8.18646, 7]},
			"faces": {
				"north": {"uv": [3.39814, 3.45195, 6.21595, 6.23263], "texture": "#2"},
				"east": {"uv": [3.39814, 3.45195, 6.21595, 6.23263], "texture": "#2"},
				"south": {"uv": [3.39814, 3.45195, 6.21595, 6.23263], "texture": "#2"},
				"west": {"uv": [3.39814, 3.45195, 6.21595, 6.23263], "texture": "#2"},
				"up": {"uv": [3.39814, 3.45195, 6.21595, 6.23263], "texture": "#2"},
				"down": {"uv": [3.39814, 3.45195, 6.21595, 6.23263], "texture": "#2"}
			}
		},
		{
			"from": [5.84861, 7.53021, 6.62704],
			"to": [6.03611, 7.90521, 7.37296],
			"rotation": {"angle": -22.5, "axis": "y", "origin": [4.16111, 8.18646, 7]},
			"faces": {
				"north": {"uv": [3.39814, 3.45195, 6.21595, 6.23263], "texture": "#2"},
				"east": {"uv": [3.39814, 3.45195, 6.21595, 6.23263], "texture": "#2"},
				"south": {"uv": [3.39814, 3.45195, 6.21595, 6.23263], "texture": "#2"},
				"west": {"uv": [3.39814, 3.45195, 6.21595, 6.23263], "texture": "#2"},
				"up": {"uv": [3.39814, 3.45195, 6.21595, 6.23263], "texture": "#2"},
				"down": {"uv": [3.39814, 3.45195, 6.21595, 6.23263], "texture": "#2"}
			}
		},
		{
			"from": [5.84861, 7.53021, 6.62704],
			"to": [6.03611, 7.90521, 7.37296],
			"rotation": {"angle": 0, "axis": "y", "origin": [4.16111, 8.18646, 7]},
			"faces": {
				"north": {"uv": [3.39814, 3.45195, 6.21595, 6.23263], "texture": "#2"},
				"east": {"uv": [3.39814, 3.45195, 6.21595, 6.23263], "texture": "#2"},
				"south": {"uv": [3.39814, 3.45195, 6.21595, 6.23263], "texture": "#2"},
				"west": {"uv": [3.39814, 3.45195, 6.21595, 6.23263], "texture": "#2"},
				"up": {"uv": [3.39814, 3.45195, 6.21595, 6.23263], "texture": "#2"},
				"down": {"uv": [3.39814, 3.45195, 6.21595, 6.23263], "texture": "#2"}
			}
		},
		{
			"from": [5.71302, 7.53021, 5.94538],
			"to": [5.90052, 7.90521, 6.69131],
			"rotation": {"angle": 22.5, "axis": "y", "origin": [5.80677, 8.09271, 6.31835]},
			"faces": {
				"north": {"uv": [3.39814, 3.45195, 6.21595, 6.23263], "texture": "#2"},
				"east": {"uv": [3.39814, 3.45195, 6.21595, 6.23263], "texture": "#2"},
				"south": {"uv": [3.39814, 3.45195, 6.21595, 6.23263], "texture": "#2"},
				"west": {"uv": [3.39814, 3.45195, 6.21595, 6.23263], "texture": "#2"},
				"up": {"uv": [3.39814, 3.45195, 6.21595, 6.23263], "texture": "#2"},
				"down": {"uv": [3.39814, 3.45195, 6.21595, 6.23263], "texture": "#2"}
			}
		},
		{
			"from": [3.7695, 7.34271, 5.03125],
			"to": [4.55272, 7.53021, 5.21875],
			"rotation": {"angle": -45, "axis": "y", "origin": [4.16111, 7.43646, 7]},
			"faces": {
				"north": {"uv": [0.17778, 6.62987, 2.99559, 9.41056], "texture": "#2"},
				"east": {"uv": [0.17778, 6.62987, 2.99559, 9.41056], "texture": "#2"},
				"south": {"uv": [0.17778, 6.62987, 2.99559, 9.41056], "texture": "#2"},
				"west": {"uv": [0.17778, 6.62987, 2.99559, 9.41056], "texture": "#2"},
				"up": {"uv": [0.17778, 6.62987, 2.99559, 9.41056], "texture": "#2"},
				"down": {"uv": [0.17778, 6.62987, 2.99559, 9.41056], "texture": "#2"}
			}
		},
		{
			"from": [3.7695, 7.34271, 5.03125],
			"to": [4.55272, 7.53021, 5.21875],
			"rotation": {"angle": -22.5, "axis": "y", "origin": [4.16111, 7.43646, 7]},
			"faces": {
				"north": {"uv": [0.17778, 6.62987, 2.99559, 9.41056], "texture": "#2"},
				"east": {"uv": [0.17778, 6.62987, 2.99559, 9.41056], "texture": "#2"},
				"south": {"uv": [0.17778, 6.62987, 2.99559, 9.41056], "texture": "#2"},
				"west": {"uv": [0.17778, 6.62987, 2.99559, 9.41056], "texture": "#2"},
				"up": {"uv": [0.17778, 6.62987, 2.99559, 9.41056], "texture": "#2"},
				"down": {"uv": [0.17778, 6.62987, 2.99559, 9.41056], "texture": "#2"}
			}
		},
		{
			"from": [3.7695, 7.34271, 5.03125],
			"to": [4.55272, 7.53021, 5.21875],
			"rotation": {"angle": 0, "axis": "y", "origin": [4.16111, 7.43646, 7]},
			"faces": {
				"north": {"uv": [0.17778, 6.62987, 2.99559, 9.41056], "texture": "#2"},
				"east": {"uv": [0.17778, 6.62987, 2.99559, 9.41056], "texture": "#2"},
				"south": {"uv": [0.17778, 6.62987, 2.99559, 9.41056], "texture": "#2"},
				"west": {"uv": [0.17778, 6.62987, 2.99559, 9.41056], "texture": "#2"},
				"up": {"uv": [0.17778, 6.62987, 2.99559, 9.41056], "texture": "#2"},
				"down": {"uv": [0.17778, 6.62987, 2.99559, 9.41056], "texture": "#2"}
			}
		},
		{
			"from": [3.7695, 7.34271, 5.03125],
			"to": [4.55272, 7.53021, 5.21875],
			"rotation": {"angle": 22.5, "axis": "y", "origin": [4.16111, 7.43646, 7]},
			"faces": {
				"north": {"uv": [0.17778, 6.62987, 2.99559, 9.41056], "texture": "#2"},
				"east": {"uv": [0.17778, 6.62987, 2.99559, 9.41056], "texture": "#2"},
				"south": {"uv": [0.17778, 6.62987, 2.99559, 9.41056], "texture": "#2"},
				"west": {"uv": [0.17778, 6.62987, 2.99559, 9.41056], "texture": "#2"},
				"up": {"uv": [0.17778, 6.62987, 2.99559, 9.41056], "texture": "#2"},
				"down": {"uv": [0.17778, 6.62987, 2.99559, 9.41056], "texture": "#2"}
			}
		},
		{
			"from": [3.7695, 7.34271, 5.03125],
			"to": [4.55272, 7.53021, 5.21875],
			"rotation": {"angle": 45, "axis": "y", "origin": [4.16111, 7.43646, 7]},
			"faces": {
				"north": {"uv": [0.17778, 6.62987, 2.99559, 9.41056], "texture": "#2"},
				"east": {"uv": [0.17778, 6.62987, 2.99559, 9.41056], "texture": "#2"},
				"south": {"uv": [0.17778, 6.62987, 2.99559, 9.41056], "texture": "#2"},
				"west": {"uv": [0.17778, 6.62987, 2.99559, 9.41056], "texture": "#2"},
				"up": {"uv": [0.17778, 6.62987, 2.99559, 9.41056], "texture": "#2"},
				"down": {"uv": [0.17778, 6.62987, 2.99559, 9.41056], "texture": "#2"}
			}
		},
		{
			"from": [3.7695, 7.34271, 8.78125],
			"to": [4.55272, 7.53021, 8.96875],
			"rotation": {"angle": -45, "axis": "y", "origin": [4.16111, 7.43646, 7]},
			"faces": {
				"north": {"uv": [0.17778, 6.62987, 2.99559, 9.41056], "texture": "#2"},
				"east": {"uv": [0.17778, 6.62987, 2.99559, 9.41056], "texture": "#2"},
				"south": {"uv": [0.17778, 6.62987, 2.99559, 9.41056], "texture": "#2"},
				"west": {"uv": [0.17778, 6.62987, 2.99559, 9.41056], "texture": "#2"},
				"up": {"uv": [0.17778, 6.62987, 2.99559, 9.41056], "texture": "#2"},
				"down": {"uv": [0.17778, 6.62987, 2.99559, 9.41056], "texture": "#2"}
			}
		},
		{
			"from": [3.7695, 7.34271, 8.78125],
			"to": [4.55272, 7.53021, 8.96875],
			"rotation": {"angle": -22.5, "axis": "y", "origin": [4.16111, 7.43646, 7]},
			"faces": {
				"north": {"uv": [0.17778, 6.62987, 2.99559, 9.41056], "texture": "#2"},
				"east": {"uv": [0.17778, 6.62987, 2.99559, 9.41056], "texture": "#2"},
				"south": {"uv": [0.17778, 6.62987, 2.99559, 9.41056], "texture": "#2"},
				"west": {"uv": [0.17778, 6.62987, 2.99559, 9.41056], "texture": "#2"},
				"up": {"uv": [0.17778, 6.62987, 2.99559, 9.41056], "texture": "#2"},
				"down": {"uv": [0.17778, 6.62987, 2.99559, 9.41056], "texture": "#2"}
			}
		},
		{
			"from": [3.7695, 7.34271, 8.78125],
			"to": [4.55272, 7.53021, 8.96875],
			"rotation": {"angle": 0, "axis": "y", "origin": [4.16111, 7.43646, 7]},
			"faces": {
				"north": {"uv": [0.17778, 6.62987, 2.99559, 9.41056], "texture": "#2"},
				"east": {"uv": [0.17778, 6.62987, 2.99559, 9.41056], "texture": "#2"},
				"south": {"uv": [0.17778, 6.62987, 2.99559, 9.41056], "texture": "#2"},
				"west": {"uv": [0.17778, 6.62987, 2.99559, 9.41056], "texture": "#2"},
				"up": {"uv": [0.17778, 6.62987, 2.99559, 9.41056], "texture": "#2"},
				"down": {"uv": [0.17778, 6.62987, 2.99559, 9.41056], "texture": "#2"}
			}
		},
		{
			"from": [3.7695, 7.34271, 8.78125],
			"to": [4.55272, 7.53021, 8.96875],
			"rotation": {"angle": 22.5, "axis": "y", "origin": [4.16111, 7.43646, 7]},
			"faces": {
				"north": {"uv": [0.17778, 6.62987, 2.99559, 9.41056], "texture": "#2"},
				"east": {"uv": [0.17778, 6.62987, 2.99559, 9.41056], "texture": "#2"},
				"south": {"uv": [0.17778, 6.62987, 2.99559, 9.41056], "texture": "#2"},
				"west": {"uv": [0.17778, 6.62987, 2.99559, 9.41056], "texture": "#2"},
				"up": {"uv": [0.17778, 6.62987, 2.99559, 9.41056], "texture": "#2"},
				"down": {"uv": [0.17778, 6.62987, 2.99559, 9.41056], "texture": "#2"}
			}
		},
		{
			"from": [3.7695, 7.34271, 8.78125],
			"to": [4.55272, 7.53021, 8.96875],
			"rotation": {"angle": 45, "axis": "y", "origin": [4.16111, 7.43646, 7]},
			"faces": {
				"north": {"uv": [0.17778, 6.62987, 2.99559, 9.41056], "texture": "#2"},
				"east": {"uv": [0.17778, 6.62987, 2.99559, 9.41056], "texture": "#2"},
				"south": {"uv": [0.17778, 6.62987, 2.99559, 9.41056], "texture": "#2"},
				"west": {"uv": [0.17778, 6.62987, 2.99559, 9.41056], "texture": "#2"},
				"up": {"uv": [0.17778, 6.62987, 2.99559, 9.41056], "texture": "#2"},
				"down": {"uv": [0.17778, 6.62987, 2.99559, 9.41056], "texture": "#2"}
			}
		},
		{
			"from": [2.19236, 7.34271, 6.60839],
			"to": [2.37986, 7.53021, 7.39161],
			"rotation": {"angle": -22.5, "axis": "y", "origin": [4.16111, 7.43646, 7]},
			"faces": {
				"north": {"uv": [0.17778, 6.62987, 2.99559, 9.41056], "texture": "#2"},
				"east": {"uv": [0.17778, 6.62987, 2.99559, 9.41056], "texture": "#2"},
				"south": {"uv": [0.17778, 6.62987, 2.99559, 9.41056], "texture": "#2"},
				"west": {"uv": [0.17778, 6.62987, 2.99559, 9.41056], "texture": "#2"},
				"up": {"uv": [0.17778, 6.62987, 2.99559, 9.41056], "texture": "#2"},
				"down": {"uv": [0.17778, 6.62987, 2.99559, 9.41056], "texture": "#2"}
			}
		},
		{
			"from": [2.19236, 7.34271, 6.60839],
			"to": [2.37986, 7.53021, 7.39161],
			"rotation": {"angle": 0, "axis": "y", "origin": [4.16111, 7.43646, 7]},
			"faces": {
				"north": {"uv": [0.17778, 6.62987, 2.99559, 9.41056], "texture": "#2"},
				"east": {"uv": [0.17778, 6.62987, 2.99559, 9.41056], "texture": "#2"},
				"south": {"uv": [0.17778, 6.62987, 2.99559, 9.41056], "texture": "#2"},
				"west": {"uv": [0.17778, 6.62987, 2.99559, 9.41056], "texture": "#2"},
				"up": {"uv": [0.17778, 6.62987, 2.99559, 9.41056], "texture": "#2"},
				"down": {"uv": [0.17778, 6.62987, 2.99559, 9.41056], "texture": "#2"}
			}
		},
		{
			"from": [2.19236, 7.34271, 6.60839],
			"to": [2.37986, 7.53021, 7.39161],
			"rotation": {"angle": 22.5, "axis": "y", "origin": [4.16111, 7.43646, 7]},
			"faces": {
				"north": {"uv": [0.17778, 6.62987, 2.99559, 9.41056], "texture": "#2"},
				"east": {"uv": [0.17778, 6.62987, 2.99559, 9.41056], "texture": "#2"},
				"south": {"uv": [0.17778, 6.62987, 2.99559, 9.41056], "texture": "#2"},
				"west": {"uv": [0.17778, 6.62987, 2.99559, 9.41056], "texture": "#2"},
				"up": {"uv": [0.17778, 6.62987, 2.99559, 9.41056], "texture": "#2"},
				"down": {"uv": [0.17778, 6.62987, 2.99559, 9.41056], "texture": "#2"}
			}
		},
		{
			"from": [5.94236, 7.34271, 6.60839],
			"to": [6.12986, 7.53021, 7.39161],
			"rotation": {"angle": -22.5, "axis": "y", "origin": [4.16111, 7.43646, 7]},
			"faces": {
				"north": {"uv": [0.17778, 6.62987, 2.99559, 9.41056], "texture": "#2"},
				"east": {"uv": [0.17778, 6.62987, 2.99559, 9.41056], "texture": "#2"},
				"south": {"uv": [0.17778, 6.62987, 2.99559, 9.41056], "texture": "#2"},
				"west": {"uv": [0.17778, 6.62987, 2.99559, 9.41056], "texture": "#2"},
				"up": {"uv": [0.17778, 6.62987, 2.99559, 9.41056], "texture": "#2"},
				"down": {"uv": [0.17778, 6.62987, 2.99559, 9.41056], "texture": "#2"}
			}
		},
		{
			"from": [5.94236, 7.34271, 6.60839],
			"to": [6.12986, 7.53021, 7.39161],
			"rotation": {"angle": 0, "axis": "y", "origin": [4.16111, 7.43646, 7]},
			"faces": {
				"north": {"uv": [0.17778, 6.62987, 2.99559, 9.41056], "texture": "#2"},
				"east": {"uv": [0.17778, 6.62987, 2.99559, 9.41056], "texture": "#2"},
				"south": {"uv": [0.17778, 6.62987, 2.99559, 9.41056], "texture": "#2"},
				"west": {"uv": [0.17778, 6.62987, 2.99559, 9.41056], "texture": "#2"},
				"up": {"uv": [0.17778, 6.62987, 2.99559, 9.41056], "texture": "#2"},
				"down": {"uv": [0.17778, 6.62987, 2.99559, 9.41056], "texture": "#2"}
			}
		},
		{
			"from": [5.94236, 7.34271, 6.60839],
			"to": [6.12986, 7.53021, 7.39161],
			"rotation": {"angle": 22.5, "axis": "y", "origin": [4.16111, 7.43646, 7]},
			"faces": {
				"north": {"uv": [0.17778, 6.62987, 2.99559, 9.41056], "texture": "#2"},
				"east": {"uv": [0.17778, 6.62987, 2.99559, 9.41056], "texture": "#2"},
				"south": {"uv": [0.17778, 6.62987, 2.99559, 9.41056], "texture": "#2"},
				"west": {"uv": [0.17778, 6.62987, 2.99559, 9.41056], "texture": "#2"},
				"up": {"uv": [0.17778, 6.62987, 2.99559, 9.41056], "texture": "#2"},
				"down": {"uv": [0.17778, 6.62987, 2.99559, 9.41056], "texture": "#2"}
			}
		},
		{
			"from": [3.7695, 7.90521, 5.03125],
			"to": [4.55272, 8.09271, 5.21875],
			"rotation": {"angle": -45, "axis": "y", "origin": [4.16111, 7.99896, 7]},
			"faces": {
				"north": {"uv": [0.17778, 6.62987, 2.99559, 9.41056], "texture": "#2"},
				"east": {"uv": [0.17778, 6.62987, 2.99559, 9.41056], "texture": "#2"},
				"south": {"uv": [0.17778, 6.62987, 2.99559, 9.41056], "texture": "#2"},
				"west": {"uv": [0.17778, 6.62987, 2.99559, 9.41056], "texture": "#2"},
				"up": {"uv": [0.17778, 6.62987, 2.99559, 9.41056], "texture": "#2"},
				"down": {"uv": [0.17778, 6.62987, 2.99559, 9.41056], "texture": "#2"}
			}
		},
		{
			"from": [3.7695, 7.90521, 5.03125],
			"to": [4.55272, 8.09271, 5.21875],
			"rotation": {"angle": -22.5, "axis": "y", "origin": [4.16111, 7.99896, 7]},
			"faces": {
				"north": {"uv": [0.17778, 6.62987, 2.99559, 9.41056], "texture": "#2"},
				"east": {"uv": [0.17778, 6.62987, 2.99559, 9.41056], "texture": "#2"},
				"south": {"uv": [0.17778, 6.62987, 2.99559, 9.41056], "texture": "#2"},
				"west": {"uv": [0.17778, 6.62987, 2.99559, 9.41056], "texture": "#2"},
				"up": {"uv": [0.17778, 6.62987, 2.99559, 9.41056], "texture": "#2"},
				"down": {"uv": [0.17778, 6.62987, 2.99559, 9.41056], "texture": "#2"}
			}
		},
		{
			"from": [3.7695, 7.90521, 5.03125],
			"to": [4.55272, 8.09271, 5.21875],
			"rotation": {"angle": 0, "axis": "y", "origin": [4.16111, 7.99896, 7]},
			"faces": {
				"north": {"uv": [0.17778, 6.62987, 2.99559, 9.41056], "texture": "#2"},
				"east": {"uv": [0.17778, 6.62987, 2.99559, 9.41056], "texture": "#2"},
				"south": {"uv": [0.17778, 6.62987, 2.99559, 9.41056], "texture": "#2"},
				"west": {"uv": [0.17778, 6.62987, 2.99559, 9.41056], "texture": "#2"},
				"up": {"uv": [0.17778, 6.62987, 2.99559, 9.41056], "texture": "#2"},
				"down": {"uv": [0.17778, 6.62987, 2.99559, 9.41056], "texture": "#2"}
			}
		},
		{
			"from": [3.7695, 7.90521, 5.03125],
			"to": [4.55272, 8.09271, 5.21875],
			"rotation": {"angle": 22.5, "axis": "y", "origin": [4.16111, 7.99896, 7]},
			"faces": {
				"north": {"uv": [0.17778, 6.62987, 2.99559, 9.41056], "texture": "#2"},
				"east": {"uv": [0.17778, 6.62987, 2.99559, 9.41056], "texture": "#2"},
				"south": {"uv": [0.17778, 6.62987, 2.99559, 9.41056], "texture": "#2"},
				"west": {"uv": [0.17778, 6.62987, 2.99559, 9.41056], "texture": "#2"},
				"up": {"uv": [0.17778, 6.62987, 2.99559, 9.41056], "texture": "#2"},
				"down": {"uv": [0.17778, 6.62987, 2.99559, 9.41056], "texture": "#2"}
			}
		},
		{
			"from": [3.7695, 7.90521, 5.03125],
			"to": [4.55272, 8.09271, 5.21875],
			"rotation": {"angle": 45, "axis": "y", "origin": [4.16111, 7.99896, 7]},
			"faces": {
				"north": {"uv": [0.17778, 6.62987, 2.99559, 9.41056], "texture": "#2"},
				"east": {"uv": [0.17778, 6.62987, 2.99559, 9.41056], "texture": "#2"},
				"south": {"uv": [0.17778, 6.62987, 2.99559, 9.41056], "texture": "#2"},
				"west": {"uv": [0.17778, 6.62987, 2.99559, 9.41056], "texture": "#2"},
				"up": {"uv": [0.17778, 6.62987, 2.99559, 9.41056], "texture": "#2"},
				"down": {"uv": [0.17778, 6.62987, 2.99559, 9.41056], "texture": "#2"}
			}
		},
		{
			"from": [3.7695, 7.90521, 8.78125],
			"to": [4.55272, 8.09271, 8.96875],
			"rotation": {"angle": -45, "axis": "y", "origin": [4.16111, 7.99896, 7]},
			"faces": {
				"north": {"uv": [0.17778, 6.62987, 2.99559, 9.41056], "texture": "#2"},
				"east": {"uv": [0.17778, 6.62987, 2.99559, 9.41056], "texture": "#2"},
				"south": {"uv": [0.17778, 6.62987, 2.99559, 9.41056], "texture": "#2"},
				"west": {"uv": [0.17778, 6.62987, 2.99559, 9.41056], "texture": "#2"},
				"up": {"uv": [0.17778, 6.62987, 2.99559, 9.41056], "texture": "#2"},
				"down": {"uv": [0.17778, 6.62987, 2.99559, 9.41056], "texture": "#2"}
			}
		},
		{
			"from": [3.7695, 7.90521, 8.78125],
			"to": [4.55272, 8.09271, 8.96875],
			"rotation": {"angle": -22.5, "axis": "y", "origin": [4.16111, 7.99896, 7]},
			"faces": {
				"north": {"uv": [0.17778, 6.62987, 2.99559, 9.41056], "texture": "#2"},
				"east": {"uv": [0.17778, 6.62987, 2.99559, 9.41056], "texture": "#2"},
				"south": {"uv": [0.17778, 6.62987, 2.99559, 9.41056], "texture": "#2"},
				"west": {"uv": [0.17778, 6.62987, 2.99559, 9.41056], "texture": "#2"},
				"up": {"uv": [0.17778, 6.62987, 2.99559, 9.41056], "texture": "#2"},
				"down": {"uv": [0.17778, 6.62987, 2.99559, 9.41056], "texture": "#2"}
			}
		},
		{
			"from": [3.7695, 7.90521, 8.78125],
			"to": [4.55272, 8.09271, 8.96875],
			"rotation": {"angle": 0, "axis": "y", "origin": [4.16111, 7.99896, 7]},
			"faces": {
				"north": {"uv": [0.17778, 6.62987, 2.99559, 9.41056], "texture": "#2"},
				"east": {"uv": [0.17778, 6.62987, 2.99559, 9.41056], "texture": "#2"},
				"south": {"uv": [0.17778, 6.62987, 2.99559, 9.41056], "texture": "#2"},
				"west": {"uv": [0.17778, 6.62987, 2.99559, 9.41056], "texture": "#2"},
				"up": {"uv": [0.17778, 6.62987, 2.99559, 9.41056], "texture": "#2"},
				"down": {"uv": [0.17778, 6.62987, 2.99559, 9.41056], "texture": "#2"}
			}
		},
		{
			"from": [3.7695, 7.90521, 8.78125],
			"to": [4.55272, 8.09271, 8.96875],
			"rotation": {"angle": 22.5, "axis": "y", "origin": [4.16111, 7.99896, 7]},
			"faces": {
				"north": {"uv": [0.17778, 6.62987, 2.99559, 9.41056], "texture": "#2"},
				"east": {"uv": [0.17778, 6.62987, 2.99559, 9.41056], "texture": "#2"},
				"south": {"uv": [0.17778, 6.62987, 2.99559, 9.41056], "texture": "#2"},
				"west": {"uv": [0.17778, 6.62987, 2.99559, 9.41056], "texture": "#2"},
				"up": {"uv": [0.17778, 6.62987, 2.99559, 9.41056], "texture": "#2"},
				"down": {"uv": [0.17778, 6.62987, 2.99559, 9.41056], "texture": "#2"}
			}
		},
		{
			"from": [3.7695, 7.90521, 8.78125],
			"to": [4.55272, 8.09271, 8.96875],
			"rotation": {"angle": 45, "axis": "y", "origin": [4.16111, 7.99896, 7]},
			"faces": {
				"north": {"uv": [0.17778, 6.62987, 2.99559, 9.41056], "texture": "#2"},
				"east": {"uv": [0.17778, 6.62987, 2.99559, 9.41056], "texture": "#2"},
				"south": {"uv": [0.17778, 6.62987, 2.99559, 9.41056], "texture": "#2"},
				"west": {"uv": [0.17778, 6.62987, 2.99559, 9.41056], "texture": "#2"},
				"up": {"uv": [0.17778, 6.62987, 2.99559, 9.41056], "texture": "#2"},
				"down": {"uv": [0.17778, 6.62987, 2.99559, 9.41056], "texture": "#2"}
			}
		},
		{
			"from": [2.19236, 7.90521, 6.60839],
			"to": [2.37986, 8.09271, 7.39161],
			"rotation": {"angle": -22.5, "axis": "y", "origin": [4.16111, 7.99896, 7]},
			"faces": {
				"north": {"uv": [0.17778, 6.62987, 2.99559, 9.41056], "texture": "#2"},
				"east": {"uv": [0.17778, 6.62987, 2.99559, 9.41056], "texture": "#2"},
				"south": {"uv": [0.17778, 6.62987, 2.99559, 9.41056], "texture": "#2"},
				"west": {"uv": [0.17778, 6.62987, 2.99559, 9.41056], "texture": "#2"},
				"up": {"uv": [0.17778, 6.62987, 2.99559, 9.41056], "texture": "#2"},
				"down": {"uv": [0.17778, 6.62987, 2.99559, 9.41056], "texture": "#2"}
			}
		},
		{
			"from": [2.19236, 7.90521, 6.60839],
			"to": [2.37986, 8.09271, 7.39161],
			"rotation": {"angle": 0, "axis": "y", "origin": [4.16111, 7.99896, 7]},
			"faces": {
				"north": {"uv": [0.17778, 6.62987, 2.99559, 9.41056], "texture": "#2"},
				"east": {"uv": [0.17778, 6.62987, 2.99559, 9.41056], "texture": "#2"},
				"south": {"uv": [0.17778, 6.62987, 2.99559, 9.41056], "texture": "#2"},
				"west": {"uv": [0.17778, 6.62987, 2.99559, 9.41056], "texture": "#2"},
				"up": {"uv": [0.17778, 6.62987, 2.99559, 9.41056], "texture": "#2"},
				"down": {"uv": [0.17778, 6.62987, 2.99559, 9.41056], "texture": "#2"}
			}
		},
		{
			"from": [2.19236, 7.90521, 6.60839],
			"to": [2.37986, 8.09271, 7.39161],
			"rotation": {"angle": 22.5, "axis": "y", "origin": [4.16111, 7.99896, 7]},
			"faces": {
				"north": {"uv": [0.17778, 6.62987, 2.99559, 9.41056], "texture": "#2"},
				"east": {"uv": [0.17778, 6.62987, 2.99559, 9.41056], "texture": "#2"},
				"south": {"uv": [0.17778, 6.62987, 2.99559, 9.41056], "texture": "#2"},
				"west": {"uv": [0.17778, 6.62987, 2.99559, 9.41056], "texture": "#2"},
				"up": {"uv": [0.17778, 6.62987, 2.99559, 9.41056], "texture": "#2"},
				"down": {"uv": [0.17778, 6.62987, 2.99559, 9.41056], "texture": "#2"}
			}
		},
		{
			"from": [5.94236, 7.90521, 6.60839],
			"to": [6.12986, 8.09271, 7.39161],
			"rotation": {"angle": -22.5, "axis": "y", "origin": [4.16111, 7.99896, 7]},
			"faces": {
				"north": {"uv": [0.17778, 6.62987, 2.99559, 9.41056], "texture": "#2"},
				"east": {"uv": [0.17778, 6.62987, 2.99559, 9.41056], "texture": "#2"},
				"south": {"uv": [0.17778, 6.62987, 2.99559, 9.41056], "texture": "#2"},
				"west": {"uv": [0.17778, 6.62987, 2.99559, 9.41056], "texture": "#2"},
				"up": {"uv": [0.17778, 6.62987, 2.99559, 9.41056], "texture": "#2"},
				"down": {"uv": [0.17778, 6.62987, 2.99559, 9.41056], "texture": "#2"}
			}
		},
		{
			"from": [5.94236, 7.90521, 6.60839],
			"to": [6.12986, 8.09271, 7.39161],
			"rotation": {"angle": 0, "axis": "y", "origin": [4.16111, 7.99896, 7]},
			"faces": {
				"north": {"uv": [0.17778, 6.62987, 2.99559, 9.41056], "texture": "#2"},
				"east": {"uv": [0.17778, 6.62987, 2.99559, 9.41056], "texture": "#2"},
				"south": {"uv": [0.17778, 6.62987, 2.99559, 9.41056], "texture": "#2"},
				"west": {"uv": [0.17778, 6.62987, 2.99559, 9.41056], "texture": "#2"},
				"up": {"uv": [0.17778, 6.62987, 2.99559, 9.41056], "texture": "#2"},
				"down": {"uv": [0.17778, 6.62987, 2.99559, 9.41056], "texture": "#2"}
			}
		},
		{
			"from": [5.94236, 7.90521, 6.60839],
			"to": [6.12986, 8.09271, 7.39161],
			"rotation": {"angle": 22.5, "axis": "y", "origin": [4.16111, 7.99896, 7]},
			"faces": {
				"north": {"uv": [0.17778, 6.62987, 2.99559, 9.41056], "texture": "#2"},
				"east": {"uv": [0.17778, 6.62987, 2.99559, 9.41056], "texture": "#2"},
				"south": {"uv": [0.17778, 6.62987, 2.99559, 9.41056], "texture": "#2"},
				"west": {"uv": [0.17778, 6.62987, 2.99559, 9.41056], "texture": "#2"},
				"up": {"uv": [0.17778, 6.62987, 2.99559, 9.41056], "texture": "#2"},
				"down": {"uv": [0.17778, 6.62987, 2.99559, 9.41056], "texture": "#2"}
			}
		},
		{
			"from": [4.05075, 7.62396, 5.03125],
			"to": [4.27147, 7.81146, 5.21875],
			"rotation": {"angle": -45, "axis": "y", "origin": [4.16111, 7.71771, 7]},
			"faces": {
				"north": {"uv": [3.39814, 6.62987, 6.21595, 9.41056], "texture": "#2"},
				"east": {"uv": [3.39814, 6.62987, 6.21595, 9.41056], "texture": "#2"},
				"south": {"uv": [3.39814, 6.62987, 6.21595, 9.41056], "texture": "#2"},
				"west": {"uv": [3.39814, 6.62987, 6.21595, 9.41056], "texture": "#2"},
				"up": {"uv": [3.39814, 6.62987, 6.21595, 9.41056], "texture": "#2"},
				"down": {"uv": [3.39814, 6.62987, 6.21595, 9.41056], "texture": "#2"}
			}
		},
		{
			"from": [4.05075, 7.62396, 5.03125],
			"to": [4.27147, 7.81146, 5.21875],
			"rotation": {"angle": -22.5, "axis": "y", "origin": [4.16111, 7.71771, 7]},
			"faces": {
				"north": {"uv": [3.39814, 6.62987, 6.21595, 9.41056], "texture": "#2"},
				"east": {"uv": [3.39814, 6.62987, 6.21595, 9.41056], "texture": "#2"},
				"south": {"uv": [3.39814, 6.62987, 6.21595, 9.41056], "texture": "#2"},
				"west": {"uv": [3.39814, 6.62987, 6.21595, 9.41056], "texture": "#2"},
				"up": {"uv": [3.39814, 6.62987, 6.21595, 9.41056], "texture": "#2"},
				"down": {"uv": [3.39814, 6.62987, 6.21595, 9.41056], "texture": "#2"}
			}
		},
		{
			"from": [4.05075, 7.62396, 5.03125],
			"to": [4.27147, 7.81146, 5.21875],
			"rotation": {"angle": 0, "axis": "y", "origin": [4.16111, 7.71771, 7]},
			"faces": {
				"north": {"uv": [3.39814, 6.62987, 6.21595, 9.41056], "texture": "#2"},
				"east": {"uv": [3.39814, 6.62987, 6.21595, 9.41056], "texture": "#2"},
				"south": {"uv": [3.39814, 6.62987, 6.21595, 9.41056], "texture": "#2"},
				"west": {"uv": [3.39814, 6.62987, 6.21595, 9.41056], "texture": "#2"},
				"up": {"uv": [3.39814, 6.62987, 6.21595, 9.41056], "texture": "#2"},
				"down": {"uv": [3.39814, 6.62987, 6.21595, 9.41056], "texture": "#2"}
			}
		},
		{
			"from": [4.05075, 7.62396, 5.03125],
			"to": [4.27147, 7.81146, 5.21875],
			"rotation": {"angle": 22.5, "axis": "y", "origin": [4.16111, 7.71771, 7]},
			"faces": {
				"north": {"uv": [3.39814, 6.62987, 6.21595, 9.41056], "texture": "#2"},
				"east": {"uv": [3.39814, 6.62987, 6.21595, 9.41056], "texture": "#2"},
				"south": {"uv": [3.39814, 6.62987, 6.21595, 9.41056], "texture": "#2"},
				"west": {"uv": [3.39814, 6.62987, 6.21595, 9.41056], "texture": "#2"},
				"up": {"uv": [3.39814, 6.62987, 6.21595, 9.41056], "texture": "#2"},
				"down": {"uv": [3.39814, 6.62987, 6.21595, 9.41056], "texture": "#2"}
			}
		},
		{
			"from": [4.05075, 7.62396, 5.03125],
			"to": [4.27147, 7.81146, 5.21875],
			"rotation": {"angle": 45, "axis": "y", "origin": [4.16111, 7.71771, 7]},
			"faces": {
				"north": {"uv": [3.39814, 6.62987, 6.21595, 9.41056], "texture": "#2"},
				"east": {"uv": [3.39814, 6.62987, 6.21595, 9.41056], "texture": "#2"},
				"south": {"uv": [3.39814, 6.62987, 6.21595, 9.41056], "texture": "#2"},
				"west": {"uv": [3.39814, 6.62987, 6.21595, 9.41056], "texture": "#2"},
				"up": {"uv": [3.39814, 6.62987, 6.21595, 9.41056], "texture": "#2"},
				"down": {"uv": [3.39814, 6.62987, 6.21595, 9.41056], "texture": "#2"}
			}
		},
		{
			"from": [4.05075, 7.62396, 8.78125],
			"to": [4.27147, 7.81146, 8.96875],
			"rotation": {"angle": -45, "axis": "y", "origin": [4.16111, 7.71771, 7]},
			"faces": {
				"north": {"uv": [3.39814, 6.62987, 6.21595, 9.41056], "texture": "#2"},
				"east": {"uv": [3.39814, 6.62987, 6.21595, 9.41056], "texture": "#2"},
				"south": {"uv": [3.39814, 6.62987, 6.21595, 9.41056], "texture": "#2"},
				"west": {"uv": [3.39814, 6.62987, 6.21595, 9.41056], "texture": "#2"},
				"up": {"uv": [3.39814, 6.62987, 6.21595, 9.41056], "texture": "#2"},
				"down": {"uv": [3.39814, 6.62987, 6.21595, 9.41056], "texture": "#2"}
			}
		},
		{
			"from": [4.05075, 7.62396, 8.78125],
			"to": [4.27147, 7.81146, 8.96875],
			"rotation": {"angle": -22.5, "axis": "y", "origin": [4.16111, 7.71771, 7]},
			"faces": {
				"north": {"uv": [3.39814, 6.62987, 6.21595, 9.41056], "texture": "#2"},
				"east": {"uv": [3.39814, 6.62987, 6.21595, 9.41056], "texture": "#2"},
				"south": {"uv": [3.39814, 6.62987, 6.21595, 9.41056], "texture": "#2"},
				"west": {"uv": [3.39814, 6.62987, 6.21595, 9.41056], "texture": "#2"},
				"up": {"uv": [3.39814, 6.62987, 6.21595, 9.41056], "texture": "#2"},
				"down": {"uv": [3.39814, 6.62987, 6.21595, 9.41056], "texture": "#2"}
			}
		},
		{
			"from": [4.05075, 7.62396, 8.78125],
			"to": [4.27147, 7.81146, 8.96875],
			"rotation": {"angle": 0, "axis": "y", "origin": [4.16111, 7.71771, 7]},
			"faces": {
				"north": {"uv": [3.39814, 6.62987, 6.21595, 9.41056], "texture": "#2"},
				"east": {"uv": [3.39814, 6.62987, 6.21595, 9.41056], "texture": "#2"},
				"south": {"uv": [3.39814, 6.62987, 6.21595, 9.41056], "texture": "#2"},
				"west": {"uv": [3.39814, 6.62987, 6.21595, 9.41056], "texture": "#2"},
				"up": {"uv": [3.39814, 6.62987, 6.21595, 9.41056], "texture": "#2"},
				"down": {"uv": [3.39814, 6.62987, 6.21595, 9.41056], "texture": "#2"}
			}
		},
		{
			"from": [4.05075, 7.62396, 8.78125],
			"to": [4.27147, 7.81146, 8.96875],
			"rotation": {"angle": 22.5, "axis": "y", "origin": [4.16111, 7.71771, 7]},
			"faces": {
				"north": {"uv": [3.39814, 6.62987, 6.21595, 9.41056], "texture": "#2"},
				"east": {"uv": [3.39814, 6.62987, 6.21595, 9.41056], "texture": "#2"},
				"south": {"uv": [3.39814, 6.62987, 6.21595, 9.41056], "texture": "#2"},
				"west": {"uv": [3.39814, 6.62987, 6.21595, 9.41056], "texture": "#2"},
				"up": {"uv": [3.39814, 6.62987, 6.21595, 9.41056], "texture": "#2"},
				"down": {"uv": [3.39814, 6.62987, 6.21595, 9.41056], "texture": "#2"}
			}
		},
		{
			"from": [4.05075, 7.62396, 8.78125],
			"to": [4.27147, 7.81146, 8.96875],
			"rotation": {"angle": 45, "axis": "y", "origin": [4.16111, 7.71771, 7]},
			"faces": {
				"north": {"uv": [3.39814, 6.62987, 6.21595, 9.41056], "texture": "#2"},
				"east": {"uv": [3.39814, 6.62987, 6.21595, 9.41056], "texture": "#2"},
				"south": {"uv": [3.39814, 6.62987, 6.21595, 9.41056], "texture": "#2"},
				"west": {"uv": [3.39814, 6.62987, 6.21595, 9.41056], "texture": "#2"},
				"up": {"uv": [3.39814, 6.62987, 6.21595, 9.41056], "texture": "#2"},
				"down": {"uv": [3.39814, 6.62987, 6.21595, 9.41056], "texture": "#2"}
			}
		},
		{
			"from": [2.19236, 7.62396, 6.88964],
			"to": [2.37986, 7.81146, 7.11036],
			"rotation": {"angle": -22.5, "axis": "y", "origin": [4.16111, 7.71771, 7]},
			"faces": {
				"north": {"uv": [3.39814, 6.62987, 6.21595, 9.41056], "texture": "#2"},
				"east": {"uv": [3.39814, 6.62987, 6.21595, 9.41056], "texture": "#2"},
				"south": {"uv": [3.39814, 6.62987, 6.21595, 9.41056], "texture": "#2"},
				"west": {"uv": [3.39814, 6.62987, 6.21595, 9.41056], "texture": "#2"},
				"up": {"uv": [3.39814, 6.62987, 6.21595, 9.41056], "texture": "#2"},
				"down": {"uv": [3.39814, 6.62987, 6.21595, 9.41056], "texture": "#2"}
			}
		},
		{
			"from": [2.19236, 7.62396, 6.88964],
			"to": [2.37986, 7.81146, 7.11036],
			"rotation": {"angle": 0, "axis": "y", "origin": [4.16111, 7.71771, 7]},
			"faces": {
				"north": {"uv": [3.39814, 6.62987, 6.21595, 9.41056], "texture": "#2"},
				"east": {"uv": [3.39814, 6.62987, 6.21595, 9.41056], "texture": "#2"},
				"south": {"uv": [3.39814, 6.62987, 6.21595, 9.41056], "texture": "#2"},
				"west": {"uv": [3.39814, 6.62987, 6.21595, 9.41056], "texture": "#2"},
				"up": {"uv": [3.39814, 6.62987, 6.21595, 9.41056], "texture": "#2"},
				"down": {"uv": [3.39814, 6.62987, 6.21595, 9.41056], "texture": "#2"}
			}
		},
		{
			"from": [2.19236, 7.62396, 6.88964],
			"to": [2.37986, 7.81146, 7.11036],
			"rotation": {"angle": 22.5, "axis": "y", "origin": [4.16111, 7.71771, 7]},
			"faces": {
				"north": {"uv": [3.39814, 6.62987, 6.21595, 9.41056], "texture": "#2"},
				"east": {"uv": [3.39814, 6.62987, 6.21595, 9.41056], "texture": "#2"},
				"south": {"uv": [3.39814, 6.62987, 6.21595, 9.41056], "texture": "#2"},
				"west": {"uv": [3.39814, 6.62987, 6.21595, 9.41056], "texture": "#2"},
				"up": {"uv": [3.39814, 6.62987, 6.21595, 9.41056], "texture": "#2"},
				"down": {"uv": [3.39814, 6.62987, 6.21595, 9.41056], "texture": "#2"}
			}
		},
		{
			"from": [5.94236, 7.62396, 6.88964],
			"to": [6.12986, 7.81146, 7.11036],
			"rotation": {"angle": -22.5, "axis": "y", "origin": [4.16111, 7.71771, 7]},
			"faces": {
				"north": {"uv": [3.39814, 6.62987, 6.21595, 9.41056], "texture": "#2"},
				"east": {"uv": [3.39814, 6.62987, 6.21595, 9.41056], "texture": "#2"},
				"south": {"uv": [3.39814, 6.62987, 6.21595, 9.41056], "texture": "#2"},
				"west": {"uv": [3.39814, 6.62987, 6.21595, 9.41056], "texture": "#2"},
				"up": {"uv": [3.39814, 6.62987, 6.21595, 9.41056], "texture": "#2"},
				"down": {"uv": [3.39814, 6.62987, 6.21595, 9.41056], "texture": "#2"}
			}
		},
		{
			"from": [5.94236, 7.62396, 6.88964],
			"to": [6.12986, 7.81146, 7.11036],
			"rotation": {"angle": 0, "axis": "y", "origin": [4.16111, 7.71771, 7]},
			"faces": {
				"north": {"uv": [3.39814, 6.62987, 6.21595, 9.41056], "texture": "#2"},
				"east": {"uv": [3.39814, 6.62987, 6.21595, 9.41056], "texture": "#2"},
				"south": {"uv": [3.39814, 6.62987, 6.21595, 9.41056], "texture": "#2"},
				"west": {"uv": [3.39814, 6.62987, 6.21595, 9.41056], "texture": "#2"},
				"up": {"uv": [3.39814, 6.62987, 6.21595, 9.41056], "texture": "#2"},
				"down": {"uv": [3.39814, 6.62987, 6.21595, 9.41056], "texture": "#2"}
			}
		},
		{
			"from": [5.94236, 7.62396, 6.88964],
			"to": [6.12986, 7.81146, 7.11036],
			"rotation": {"angle": 22.5, "axis": "y", "origin": [4.16111, 7.71771, 7]},
			"faces": {
				"north": {"uv": [3.39814, 6.62987, 6.21595, 9.41056], "texture": "#2"},
				"east": {"uv": [3.39814, 6.62987, 6.21595, 9.41056], "texture": "#2"},
				"south": {"uv": [3.39814, 6.62987, 6.21595, 9.41056], "texture": "#2"},
				"west": {"uv": [3.39814, 6.62987, 6.21595, 9.41056], "texture": "#2"},
				"up": {"uv": [3.39814, 6.62987, 6.21595, 9.41056], "texture": "#2"},
				"down": {"uv": [3.39814, 6.62987, 6.21595, 9.41056], "texture": "#2"}
			}
		},
		{
			"from": [4.00388, 8.13958, 5.03125],
			"to": [4.31834, 8.42083, 5.21875],
			"rotation": {"angle": -45, "axis": "y", "origin": [4.16111, 8.28021, 7]},
			"faces": {
				"north": {"uv": [0.17778, 3.45195, 2.99559, 6.23263], "texture": "#2"},
				"east": {"uv": [0.17778, 3.45195, 2.99559, 6.23263], "texture": "#2"},
				"south": {"uv": [0.17778, 3.45195, 2.99559, 6.23263], "texture": "#2"},
				"west": {"uv": [0.17778, 3.45195, 2.99559, 6.23263], "texture": "#2"},
				"up": {"uv": [0.17778, 3.45195, 2.99559, 6.23263], "texture": "#2"},
				"down": {"uv": [0.17778, 3.45195, 2.99559, 6.23263], "texture": "#2"}
			}
		},
		{
			"from": [4.37888, 8.13958, 5.03125],
			"to": [4.50584, 8.23333, 5.21875],
			"rotation": {"angle": -45, "axis": "y", "origin": [4.16111, 8.28021, 7]},
			"faces": {
				"north": {"uv": [3.39814, 6.62987, 6.21595, 9.41056], "texture": "#2"},
				"east": {"uv": [3.39814, 6.62987, 6.21595, 9.41056], "texture": "#2"},
				"south": {"uv": [3.39814, 6.62987, 6.21595, 9.41056], "texture": "#2"},
				"west": {"uv": [3.39814, 6.62987, 6.21595, 9.41056], "texture": "#2"},
				"up": {"uv": [3.39814, 6.62987, 6.21595, 9.41056], "texture": "#2"},
				"down": {"uv": [3.39814, 6.62987, 6.21595, 9.41056], "texture": "#2"}
			}
		},
		{
			"from": [3.81638, 8.13958, 5.03125],
			"to": [3.94334, 8.23333, 5.21875],
			"rotation": {"angle": -45, "axis": "y", "origin": [4.16111, 8.28021, 7]},
			"faces": {
				"north": {"uv": [3.39814, 6.62987, 6.21595, 9.41056], "texture": "#2"},
				"east": {"uv": [3.39814, 6.62987, 6.21595, 9.41056], "texture": "#2"},
				"south": {"uv": [3.39814, 6.62987, 6.21595, 9.41056], "texture": "#2"},
				"west": {"uv": [3.39814, 6.62987, 6.21595, 9.41056], "texture": "#2"},
				"up": {"uv": [3.39814, 6.62987, 6.21595, 9.41056], "texture": "#2"},
				"down": {"uv": [3.39814, 6.62987, 6.21595, 9.41056], "texture": "#2"}
			}
		},
		{
			"from": [4.00388, 8.13958, 5.03125],
			"to": [4.31834, 8.42083, 5.21875],
			"rotation": {"angle": 0, "axis": "y", "origin": [4.16111, 8.28021, 7]},
			"faces": {
				"north": {"uv": [0.17778, 3.45195, 2.99559, 6.23263], "texture": "#2"},
				"east": {"uv": [0.17778, 3.45195, 2.99559, 6.23263], "texture": "#2"},
				"south": {"uv": [0.17778, 3.45195, 2.99559, 6.23263], "texture": "#2"},
				"west": {"uv": [0.17778, 3.45195, 2.99559, 6.23263], "texture": "#2"},
				"up": {"uv": [0.17778, 3.45195, 2.99559, 6.23263], "texture": "#2"},
				"down": {"uv": [0.17778, 3.45195, 2.99559, 6.23263], "texture": "#2"}
			}
		},
		{
			"from": [4.37888, 8.13958, 5.03125],
			"to": [4.50584, 8.23333, 5.21875],
			"rotation": {"angle": 0, "axis": "y", "origin": [4.16111, 8.28021, 7]},
			"faces": {
				"north": {"uv": [3.39814, 6.62987, 6.21595, 9.41056], "texture": "#2"},
				"east": {"uv": [3.39814, 6.62987, 6.21595, 9.41056], "texture": "#2"},
				"south": {"uv": [3.39814, 6.62987, 6.21595, 9.41056], "texture": "#2"},
				"west": {"uv": [3.39814, 6.62987, 6.21595, 9.41056], "texture": "#2"},
				"up": {"uv": [3.39814, 6.62987, 6.21595, 9.41056], "texture": "#2"},
				"down": {"uv": [3.39814, 6.62987, 6.21595, 9.41056], "texture": "#2"}
			}
		},
		{
			"from": [3.81638, 8.13958, 5.03125],
			"to": [3.94334, 8.23333, 5.21875],
			"rotation": {"angle": 0, "axis": "y", "origin": [4.16111, 8.28021, 7]},
			"faces": {
				"north": {"uv": [3.39814, 6.62987, 6.21595, 9.41056], "texture": "#2"},
				"east": {"uv": [3.39814, 6.62987, 6.21595, 9.41056], "texture": "#2"},
				"south": {"uv": [3.39814, 6.62987, 6.21595, 9.41056], "texture": "#2"},
				"west": {"uv": [3.39814, 6.62987, 6.21595, 9.41056], "texture": "#2"},
				"up": {"uv": [3.39814, 6.62987, 6.21595, 9.41056], "texture": "#2"},
				"down": {"uv": [3.39814, 6.62987, 6.21595, 9.41056], "texture": "#2"}
			}
		},
		{
			"from": [4.00388, 8.13958, 5.03125],
			"to": [4.31834, 8.42083, 5.21875],
			"rotation": {"angle": 45, "axis": "y", "origin": [4.16111, 8.28021, 7]},
			"faces": {
				"north": {"uv": [0.17778, 3.45195, 2.99559, 6.23263], "texture": "#2"},
				"east": {"uv": [0.17778, 3.45195, 2.99559, 6.23263], "texture": "#2"},
				"south": {"uv": [0.17778, 3.45195, 2.99559, 6.23263], "texture": "#2"},
				"west": {"uv": [0.17778, 3.45195, 2.99559, 6.23263], "texture": "#2"},
				"up": {"uv": [0.17778, 3.45195, 2.99559, 6.23263], "texture": "#2"},
				"down": {"uv": [0.17778, 3.45195, 2.99559, 6.23263], "texture": "#2"}
			}
		},
		{
			"from": [4.37888, 8.13958, 5.03125],
			"to": [4.50584, 8.23333, 5.21875],
			"rotation": {"angle": 45, "axis": "y", "origin": [4.16111, 8.28021, 7]},
			"faces": {
				"north": {"uv": [3.39814, 6.62987, 6.21595, 9.41056], "texture": "#2"},
				"east": {"uv": [3.39814, 6.62987, 6.21595, 9.41056], "texture": "#2"},
				"south": {"uv": [3.39814, 6.62987, 6.21595, 9.41056], "texture": "#2"},
				"west": {"uv": [3.39814, 6.62987, 6.21595, 9.41056], "texture": "#2"},
				"up": {"uv": [3.39814, 6.62987, 6.21595, 9.41056], "texture": "#2"},
				"down": {"uv": [3.39814, 6.62987, 6.21595, 9.41056], "texture": "#2"}
			}
		},
		{
			"from": [3.81638, 8.13958, 5.03125],
			"to": [3.94334, 8.23333, 5.21875],
			"rotation": {"angle": 45, "axis": "y", "origin": [4.16111, 8.28021, 7]},
			"faces": {
				"north": {"uv": [3.39814, 6.62987, 6.21595, 9.41056], "texture": "#2"},
				"east": {"uv": [3.39814, 6.62987, 6.21595, 9.41056], "texture": "#2"},
				"south": {"uv": [3.39814, 6.62987, 6.21595, 9.41056], "texture": "#2"},
				"west": {"uv": [3.39814, 6.62987, 6.21595, 9.41056], "texture": "#2"},
				"up": {"uv": [3.39814, 6.62987, 6.21595, 9.41056], "texture": "#2"},
				"down": {"uv": [3.39814, 6.62987, 6.21595, 9.41056], "texture": "#2"}
			}
		},
		{
			"from": [4.00388, 8.13958, 8.78125],
			"to": [4.31834, 8.42083, 8.96875],
			"rotation": {"angle": -45, "axis": "y", "origin": [4.16111, 8.28021, 7]},
			"faces": {
				"north": {"uv": [0.17778, 3.45195, 2.99559, 6.23263], "texture": "#2"},
				"east": {"uv": [0.17778, 3.45195, 2.99559, 6.23263], "texture": "#2"},
				"south": {"uv": [0.17778, 3.45195, 2.99559, 6.23263], "texture": "#2"},
				"west": {"uv": [0.17778, 3.45195, 2.99559, 6.23263], "texture": "#2"},
				"up": {"uv": [0.17778, 3.45195, 2.99559, 6.23263], "texture": "#2"},
				"down": {"uv": [0.17778, 3.45195, 2.99559, 6.23263], "texture": "#2"}
			}
		},
		{
			"from": [3.81638, 8.13958, 8.78125],
			"to": [3.94334, 8.23333, 8.96875],
			"rotation": {"angle": -45, "axis": "y", "origin": [4.16111, 8.28021, 7]},
			"faces": {
				"north": {"uv": [3.39814, 6.62987, 6.21595, 9.41056], "texture": "#2"},
				"east": {"uv": [3.39814, 6.62987, 6.21595, 9.41056], "texture": "#2"},
				"south": {"uv": [3.39814, 6.62987, 6.21595, 9.41056], "texture": "#2"},
				"west": {"uv": [3.39814, 6.62987, 6.21595, 9.41056], "texture": "#2"},
				"up": {"uv": [3.39814, 6.62987, 6.21595, 9.41056], "texture": "#2"},
				"down": {"uv": [3.39814, 6.62987, 6.21595, 9.41056], "texture": "#2"}
			}
		},
		{
			"from": [4.37888, 8.13958, 8.78125],
			"to": [4.50584, 8.23333, 8.96875],
			"rotation": {"angle": -45, "axis": "y", "origin": [4.16111, 8.28021, 7]},
			"faces": {
				"north": {"uv": [3.39814, 6.62987, 6.21595, 9.41056], "texture": "#2"},
				"east": {"uv": [3.39814, 6.62987, 6.21595, 9.41056], "texture": "#2"},
				"south": {"uv": [3.39814, 6.62987, 6.21595, 9.41056], "texture": "#2"},
				"west": {"uv": [3.39814, 6.62987, 6.21595, 9.41056], "texture": "#2"},
				"up": {"uv": [3.39814, 6.62987, 6.21595, 9.41056], "texture": "#2"},
				"down": {"uv": [3.39814, 6.62987, 6.21595, 9.41056], "texture": "#2"}
			}
		},
		{
			"from": [4.00388, 8.13958, 8.78125],
			"to": [4.31834, 8.42083, 8.96875],
			"rotation": {"angle": 0, "axis": "y", "origin": [4.16111, 8.28021, 7]},
			"faces": {
				"north": {"uv": [0.17778, 3.45195, 2.99559, 6.23263], "texture": "#2"},
				"east": {"uv": [0.17778, 3.45195, 2.99559, 6.23263], "texture": "#2"},
				"south": {"uv": [0.17778, 3.45195, 2.99559, 6.23263], "texture": "#2"},
				"west": {"uv": [0.17778, 3.45195, 2.99559, 6.23263], "texture": "#2"},
				"up": {"uv": [0.17778, 3.45195, 2.99559, 6.23263], "texture": "#2"},
				"down": {"uv": [0.17778, 3.45195, 2.99559, 6.23263], "texture": "#2"}
			}
		},
		{
			"from": [3.81638, 8.13958, 8.78125],
			"to": [3.94334, 8.23333, 8.96875],
			"rotation": {"angle": 0, "axis": "y", "origin": [4.16111, 8.28021, 7]},
			"faces": {
				"north": {"uv": [3.39814, 6.62987, 6.21595, 9.41056], "texture": "#2"},
				"east": {"uv": [3.39814, 6.62987, 6.21595, 9.41056], "texture": "#2"},
				"south": {"uv": [3.39814, 6.62987, 6.21595, 9.41056], "texture": "#2"},
				"west": {"uv": [3.39814, 6.62987, 6.21595, 9.41056], "texture": "#2"},
				"up": {"uv": [3.39814, 6.62987, 6.21595, 9.41056], "texture": "#2"},
				"down": {"uv": [3.39814, 6.62987, 6.21595, 9.41056], "texture": "#2"}
			}
		},
		{
			"from": [4.37888, 8.13958, 8.78125],
			"to": [4.50584, 8.23333, 8.96875],
			"rotation": {"angle": 0, "axis": "y", "origin": [4.16111, 8.28021, 7]},
			"faces": {
				"north": {"uv": [3.39814, 6.62987, 6.21595, 9.41056], "texture": "#2"},
				"east": {"uv": [3.39814, 6.62987, 6.21595, 9.41056], "texture": "#2"},
				"south": {"uv": [3.39814, 6.62987, 6.21595, 9.41056], "texture": "#2"},
				"west": {"uv": [3.39814, 6.62987, 6.21595, 9.41056], "texture": "#2"},
				"up": {"uv": [3.39814, 6.62987, 6.21595, 9.41056], "texture": "#2"},
				"down": {"uv": [3.39814, 6.62987, 6.21595, 9.41056], "texture": "#2"}
			}
		},
		{
			"from": [4.00388, 8.13958, 8.78125],
			"to": [4.31834, 8.42083, 8.96875],
			"rotation": {"angle": 45, "axis": "y", "origin": [4.16111, 8.28021, 7]},
			"faces": {
				"north": {"uv": [0.17778, 3.45195, 2.99559, 6.23263], "texture": "#2"},
				"east": {"uv": [0.17778, 3.45195, 2.99559, 6.23263], "texture": "#2"},
				"south": {"uv": [0.17778, 3.45195, 2.99559, 6.23263], "texture": "#2"},
				"west": {"uv": [0.17778, 3.45195, 2.99559, 6.23263], "texture": "#2"},
				"up": {"uv": [0.17778, 3.45195, 2.99559, 6.23263], "texture": "#2"},
				"down": {"uv": [0.17778, 3.45195, 2.99559, 6.23263], "texture": "#2"}
			}
		},
		{
			"from": [3.81638, 8.13958, 8.78125],
			"to": [3.94334, 8.23333, 8.96875],
			"rotation": {"angle": 45, "axis": "y", "origin": [4.16111, 8.28021, 7]},
			"faces": {
				"north": {"uv": [3.39814, 6.62987, 6.21595, 9.41056], "texture": "#2"},
				"east": {"uv": [3.39814, 6.62987, 6.21595, 9.41056], "texture": "#2"},
				"south": {"uv": [3.39814, 6.62987, 6.21595, 9.41056], "texture": "#2"},
				"west": {"uv": [3.39814, 6.62987, 6.21595, 9.41056], "texture": "#2"},
				"up": {"uv": [3.39814, 6.62987, 6.21595, 9.41056], "texture": "#2"},
				"down": {"uv": [3.39814, 6.62987, 6.21595, 9.41056], "texture": "#2"}
			}
		},
		{
			"from": [4.37888, 8.13958, 8.78125],
			"to": [4.50584, 8.23333, 8.96875],
			"rotation": {"angle": 45, "axis": "y", "origin": [4.16111, 8.28021, 7]},
			"faces": {
				"north": {"uv": [3.39814, 6.62987, 6.21595, 9.41056], "texture": "#2"},
				"east": {"uv": [3.39814, 6.62987, 6.21595, 9.41056], "texture": "#2"},
				"south": {"uv": [3.39814, 6.62987, 6.21595, 9.41056], "texture": "#2"},
				"west": {"uv": [3.39814, 6.62987, 6.21595, 9.41056], "texture": "#2"},
				"up": {"uv": [3.39814, 6.62987, 6.21595, 9.41056], "texture": "#2"},
				"down": {"uv": [3.39814, 6.62987, 6.21595, 9.41056], "texture": "#2"}
			}
		},
		{
			"from": [2.19236, 8.13958, 6.84277],
			"to": [2.37986, 8.42083, 7.15723],
			"rotation": {"angle": 0, "axis": "y", "origin": [4.16111, 8.28021, 7]},
			"faces": {
				"north": {"uv": [0.17778, 3.45195, 2.99559, 6.23263], "texture": "#2"},
				"east": {"uv": [0.17778, 3.45195, 2.99559, 6.23263], "texture": "#2"},
				"south": {"uv": [0.17778, 3.45195, 2.99559, 6.23263], "texture": "#2"},
				"west": {"uv": [0.17778, 3.45195, 2.99559, 6.23263], "texture": "#2"},
				"up": {"uv": [0.17778, 3.45195, 2.99559, 6.23263], "texture": "#2"},
				"down": {"uv": [0.17778, 3.45195, 2.99559, 6.23263], "texture": "#2"}
			}
		},
		{
			"from": [2.19236, 8.13958, 6.65527],
			"to": [2.37986, 8.23333, 6.78223],
			"rotation": {"angle": 0, "axis": "y", "origin": [4.16111, 8.28021, 7]},
			"faces": {
				"north": {"uv": [3.39814, 6.62987, 6.21595, 9.41056], "texture": "#2"},
				"east": {"uv": [3.39814, 6.62987, 6.21595, 9.41056], "texture": "#2"},
				"south": {"uv": [3.39814, 6.62987, 6.21595, 9.41056], "texture": "#2"},
				"west": {"uv": [3.39814, 6.62987, 6.21595, 9.41056], "texture": "#2"},
				"up": {"uv": [3.39814, 6.62987, 6.21595, 9.41056], "texture": "#2"},
				"down": {"uv": [3.39814, 6.62987, 6.21595, 9.41056], "texture": "#2"}
			}
		},
		{
			"from": [2.19236, 8.13958, 7.21777],
			"to": [2.37986, 8.23333, 7.34473],
			"rotation": {"angle": 0, "axis": "y", "origin": [4.16111, 8.28021, 7]},
			"faces": {
				"north": {"uv": [3.39814, 6.62987, 6.21595, 9.41056], "texture": "#2"},
				"east": {"uv": [3.39814, 6.62987, 6.21595, 9.41056], "texture": "#2"},
				"south": {"uv": [3.39814, 6.62987, 6.21595, 9.41056], "texture": "#2"},
				"west": {"uv": [3.39814, 6.62987, 6.21595, 9.41056], "texture": "#2"},
				"up": {"uv": [3.39814, 6.62987, 6.21595, 9.41056], "texture": "#2"},
				"down": {"uv": [3.39814, 6.62987, 6.21595, 9.41056], "texture": "#2"}
			}
		},
		{
			"from": [5.94236, 8.13958, 6.84277],
			"to": [6.12986, 8.42083, 7.15723],
			"rotation": {"angle": 0, "axis": "y", "origin": [4.16111, 8.28021, 7]},
			"faces": {
				"north": {"uv": [0.17778, 3.45195, 2.99559, 6.23263], "texture": "#2"},
				"east": {"uv": [0.17778, 3.45195, 2.99559, 6.23263], "texture": "#2"},
				"south": {"uv": [0.17778, 3.45195, 2.99559, 6.23263], "texture": "#2"},
				"west": {"uv": [0.17778, 3.45195, 2.99559, 6.23263], "texture": "#2"},
				"up": {"uv": [0.17778, 3.45195, 2.99559, 6.23263], "texture": "#2"},
				"down": {"uv": [0.17778, 3.45195, 2.99559, 6.23263], "texture": "#2"}
			}
		},
		{
			"from": [5.94236, 8.13958, 7.21777],
			"to": [6.12986, 8.23333, 7.34473],
			"rotation": {"angle": 0, "axis": "y", "origin": [4.16111, 8.28021, 7]},
			"faces": {
				"north": {"uv": [3.39814, 6.62987, 6.21595, 9.41056], "texture": "#2"},
				"east": {"uv": [3.39814, 6.62987, 6.21595, 9.41056], "texture": "#2"},
				"south": {"uv": [3.39814, 6.62987, 6.21595, 9.41056], "texture": "#2"},
				"west": {"uv": [3.39814, 6.62987, 6.21595, 9.41056], "texture": "#2"},
				"up": {"uv": [3.39814, 6.62987, 6.21595, 9.41056], "texture": "#2"},
				"down": {"uv": [3.39814, 6.62987, 6.21595, 9.41056], "texture": "#2"}
			}
		},
		{
			"from": [5.94236, 8.13958, 6.65527],
			"to": [6.12986, 8.23333, 6.78223],
			"rotation": {"angle": 0, "axis": "y", "origin": [4.16111, 8.28021, 7]},
			"faces": {
				"north": {"uv": [3.39814, 6.62987, 6.21595, 9.41056], "texture": "#2"},
				"east": {"uv": [3.39814, 6.62987, 6.21595, 9.41056], "texture": "#2"},
				"south": {"uv": [3.39814, 6.62987, 6.21595, 9.41056], "texture": "#2"},
				"west": {"uv": [3.39814, 6.62987, 6.21595, 9.41056], "texture": "#2"},
				"up": {"uv": [3.39814, 6.62987, 6.21595, 9.41056], "texture": "#2"},
				"down": {"uv": [3.39814, 6.62987, 6.21595, 9.41056], "texture": "#2"}
			}
		}
	],
	"gui_light": "front",
	"display": {
		"thirdperson_righthand": {
			"rotation": [73, -90, 0],
			"translation": [-5.75, 4.25, 0.75],
			"scale": [0.89, 0.89, 0.87]
		},
		"thirdperson_lefthand": {
			"rotation": [73, 90, 0],
			"translation": [-5.75, 4.25, 0.75],
			"scale": [0.89, 0.89, 0.87]
		},
		"firstperson_righthand": {
			"rotation": [0, 26, 0],
			"translation": [0, 0, 0.5],
			"scale": [0.5, 0.5, 0.5]
		},
		"firstperson_lefthand": {
			"rotation": [0, -138, 0],
			"translation": [0, 0, 0.5],
			"scale": [0.5, 0.5, 0.5]
		},
		"ground": {
			"translation": [0, 2.25, 0],
			"scale": [0.5, 0.5, 0.5]
		},
		"gui": {
			"rotation": [15, 135, 0],
			"translation": [0.25, -0.5, 0],
			"scale": [0.7, 0.7, 0.7]
		},
		"head": {
			"rotation": [0, -90, 0],
			"translation": [0, -19, 0],
			"scale": [3, 3, 3]
		},
		"fixed": {
			"rotation": [-90, 90, 0],
			"translation": [-0.25, 0.5, -24],
			"scale": [3, 3, 3]
		}
	},
	"groups": [
		{
			"name": "group",
			"origin": [-4, 10.34375, 8],
			"color": 0,
			"children": [
				0,
				1,
				2,
				3,
				4,
				5,
				6,
				7,
				8,
				9,
				10,
				11,
				12,
				13,
				14,
				15,
				16,
				17,
				18,
				19,
				20,
				21,
				22,
				23,
				24,
				25,
				26,
				27,
				28,
				29,
				30,
				31,
				32,
				33,
				34,
				35,
				36,
				37,
				38,
				39,
				40,
				41,
				42,
				43,
				44,
				45,
				46,
				47,
				48,
				49,
				50,
				51,
				52,
				53,
				54,
				55,
				56,
				57,
				58,
				59,
				60,
				61,
				62,
				63,
				64,
				65,
				66,
				67,
				68,
				69,
				70,
				71,
				72,
				73,
				74,
				75,
				76,
				77,
				78,
				79,
				80,
				81,
				82,
				83,
				84,
				85,
				86,
				87,
				88,
				89,
				90,
				91,
				92,
				93,
				94,
				95,
				96,
				97,
				98,
				99,
				100,
				101,
				102,
				103,
				104,
				105,
				106,
				107,
				108,
				109,
				110,
				111,
				112,
				113,
				114,
				115,
				116,
				117,
				118,
				119
			]
		}
	]
}