{
	"textures": {
		"1": "item/collection_5",
		"2": "item/collection_5_3",
		"particle": "item/collection_5_2"
	},
	"elements": [
		{
			"from": [1, 5, 7.25],
			"to": [15, 19, 7.75],
			"rotation": {"angle": 0, "axis": "y", "origin": [9, 5, 7]},
			"faces": {
				"north": {"uv": [0, 0, 16, 15.9375], "texture": "#1"},
				"east": {"uv": [0, 0, 2.5, 2.25], "texture": "#particle"},
				"south": {"uv": [0, 0, 14, 14], "texture": "#missing"},
				"west": {"uv": [0, 0, 2.5, 2.25], "texture": "#particle"},
				"up": {"uv": [0, 0, 2.5, 2.25], "texture": "#particle"},
				"down": {"uv": [0, 0, 2.5, 2.25], "texture": "#particle"}
			}
		},
		{
			"from": [1, 5, 7.75],
			"to": [15, 19, 8],
			"rotation": {"angle": 0, "axis": "y", "origin": [9, 5, 7.75]},
			"faces": {
				"north": {"uv": [0, 0, 14, 14], "texture": "#2"},
				"east": {"uv": [0, 0, 2.25, 1.5], "texture": "#2"},
				"south": {"uv": [8.25, 8, 16, 16], "texture": "#particle"},
				"west": {"uv": [0, 0, 2.25, 1.5], "texture": "#2"},
				"up": {"uv": [0, 0, 2.25, 1.5], "texture": "#2"},
				"down": {"uv": [0, 0, 2.25, 1.5], "texture": "#2"}
			}
		},
		{
			"from": [0.5, 13.75, 7],
			"to": [1, 19, 8],
			"rotation": {"angle": 0, "axis": "y", "origin": [0, 5, 7]},
			"faces": {
				"north": {"uv": [0, 0, 4.25, 16], "texture": "#2"},
				"east": {"uv": [0, 0, 4.25, 16], "texture": "#2"},
				"south": {"uv": [0, 0, 4.25, 16], "texture": "#2"},
				"west": {"uv": [0, 0, 1, 14], "texture": "#2"},
				"up": {"uv": [0, 0, 0.5, 1], "texture": "#2"},
				"down": {"uv": [0, 0, 0.5, 1], "texture": "#2"}
			}
		},
		{
			"from": [15, 13.75, 7],
			"to": [15.5, 19, 8],
			"rotation": {"angle": 0, "axis": "y", "origin": [14.5, 5, 7]},
			"faces": {
				"north": {"uv": [0, 0, 4.25, 16], "texture": "#2"},
				"east": {"uv": [8.5, 0.5, 11.25, 3.25], "texture": "#2"},
				"south": {"uv": [0, 0, 4.25, 16], "texture": "#2"},
				"west": {"uv": [0, 0, 4.25, 16], "texture": "#2"},
				"up": {"uv": [0, 0, 0.5, 1], "texture": "#2"},
				"down": {"uv": [0, 0, 0.5, 1], "texture": "#2"}
			}
		},
		{
			"from": [0.5, 19, 7],
			"to": [5.75, 19.5, 8],
			"rotation": {"angle": 0, "axis": "y", "origin": [3.125, 19.25, 7.5]},
			"faces": {
				"north": {"uv": [0, 0, 4.25, 16], "rotation": 90, "texture": "#2"},
				"east": {"uv": [0, 0, 0.5, 1], "rotation": 270, "texture": "#2"},
				"south": {"uv": [0, 0, 4.25, 16], "rotation": 90, "texture": "#2"},
				"west": {"uv": [0, 0, 0.5, 1], "rotation": 270, "texture": "#2"},
				"up": {"uv": [8.5, 0.5, 11.25, 3.25], "rotation": 270, "texture": "#2"},
				"down": {"uv": [0, 0, 4.25, 16], "rotation": 90, "texture": "#2"}
			}
		},
		{
			"from": [0.5, 4.5, 7],
			"to": [5.75, 5, 8],
			"rotation": {"angle": 0, "axis": "y", "origin": [3.125, 4.75, 7.5]},
			"faces": {
				"north": {"uv": [0, 0, 4.25, 16], "rotation": 90, "texture": "#2"},
				"east": {"uv": [0, 0, 0.5, 1], "rotation": 270, "texture": "#2"},
				"south": {"uv": [0, 0, 4.25, 16], "rotation": 90, "texture": "#2"},
				"west": {"uv": [0, 0, 0.5, 1], "rotation": 270, "texture": "#2"},
				"up": {"uv": [0, 0, 4.25, 16], "rotation": 90, "texture": "#2"},
				"down": {"uv": [0, 0, 4.25, 16], "rotation": 270, "texture": "#2"}
			}
		},
		{
			"from": [5.75, 19, 7],
			"to": [11, 19.5, 8],
			"rotation": {"angle": 0, "axis": "y", "origin": [8.375, 19.25, 7.5]},
			"faces": {
				"north": {"uv": [0, 0, 4.25, 16], "rotation": 90, "texture": "#2"},
				"east": {"uv": [0, 0, 0.5, 1], "rotation": 270, "texture": "#2"},
				"south": {"uv": [0, 0, 4.25, 16], "rotation": 90, "texture": "#2"},
				"west": {"uv": [0, 0, 0.5, 1], "rotation": 270, "texture": "#2"},
				"up": {"uv": [8.5, 0.5, 11.25, 3.25], "rotation": 270, "texture": "#2"},
				"down": {"uv": [0, 0, 4.25, 16], "rotation": 90, "texture": "#2"}
			}
		},
		{
			"from": [5.75, 4.5, 7],
			"to": [11, 5, 8],
			"rotation": {"angle": 0, "axis": "y", "origin": [8.375, 4.75, 7.5]},
			"faces": {
				"north": {"uv": [0, 0, 4.25, 16], "rotation": 90, "texture": "#2"},
				"east": {"uv": [0, 0, 0.5, 1], "rotation": 270, "texture": "#2"},
				"south": {"uv": [0, 0, 4.25, 16], "rotation": 90, "texture": "#2"},
				"west": {"uv": [0, 0, 0.5, 1], "rotation": 270, "texture": "#2"},
				"up": {"uv": [0, 0, 4.25, 16], "rotation": 90, "texture": "#2"},
				"down": {"uv": [0, 0, 4.25, 16], "rotation": 270, "texture": "#2"}
			}
		},
		{
			"from": [11, 19, 7],
			"to": [15.5, 19.5, 8],
			"rotation": {"angle": 0, "axis": "y", "origin": [13.625, 19.25, 7.5]},
			"faces": {
				"north": {"uv": [0, 0, 4.25, 16], "rotation": 90, "texture": "#2"},
				"east": {"uv": [0, 0, 0.5, 1], "rotation": 270, "texture": "#2"},
				"south": {"uv": [0, 0, 4.25, 16], "rotation": 90, "texture": "#2"},
				"west": {"uv": [0, 0, 0.5, 1], "rotation": 270, "texture": "#2"},
				"up": {"uv": [8.5, 0.5, 11.25, 3.25], "rotation": 270, "texture": "#2"},
				"down": {"uv": [0, 0, 4.25, 16], "rotation": 90, "texture": "#2"}
			}
		},
		{
			"from": [11, 4.5, 7],
			"to": [15.5, 5, 8],
			"rotation": {"angle": 0, "axis": "y", "origin": [13.625, 4.75, 7.5]},
			"faces": {
				"north": {"uv": [0, 0, 4.25, 16], "rotation": 90, "texture": "#2"},
				"east": {"uv": [0, 0, 0.5, 1], "rotation": 270, "texture": "#2"},
				"south": {"uv": [0, 0, 4.25, 16], "rotation": 90, "texture": "#2"},
				"west": {"uv": [0, 0, 0.5, 1], "rotation": 270, "texture": "#2"},
				"up": {"uv": [0, 0, 4.25, 16], "rotation": 90, "texture": "#2"},
				"down": {"uv": [0, 0, 4.25, 16], "rotation": 270, "texture": "#2"}
			}
		},
		{
			"from": [0.5, 8.5, 7],
			"to": [1, 13.75, 8],
			"rotation": {"angle": 0, "axis": "y", "origin": [0, -0.25, 7]},
			"faces": {
				"north": {"uv": [0, 0, 4.25, 16], "texture": "#2"},
				"east": {"uv": [0, 0, 4.25, 16], "texture": "#2"},
				"south": {"uv": [0, 0, 4.25, 16], "texture": "#2"},
				"west": {"uv": [0, 0, 1, 14], "texture": "#2"},
				"up": {"uv": [0, 0, 0.5, 1], "texture": "#2"},
				"down": {"uv": [0, 0, 0.5, 1], "texture": "#2"}
			}
		},
		{
			"from": [15, 8.5, 7],
			"to": [15.5, 13.75, 8],
			"rotation": {"angle": 0, "axis": "y", "origin": [14.5, -0.25, 7]},
			"faces": {
				"north": {"uv": [0, 0, 4.25, 16], "texture": "#2"},
				"east": {"uv": [8.5, 0.5, 11.25, 3.25], "texture": "#2"},
				"south": {"uv": [0, 0, 4.25, 16], "texture": "#2"},
				"west": {"uv": [0, 0, 4.25, 16], "texture": "#2"},
				"up": {"uv": [0, 0, 0.5, 1], "texture": "#2"},
				"down": {"uv": [0, 0, 0.5, 1], "texture": "#2"}
			}
		},
		{
			"from": [0.5, 5, 7],
			"to": [1, 8.5, 8],
			"rotation": {"angle": 0, "axis": "y", "origin": [0, -5.5, 7]},
			"faces": {
				"north": {"uv": [0, 0, 4.25, 9.5], "texture": "#2"},
				"east": {"uv": [0, 0, 4.25, 9.5], "texture": "#2"},
				"south": {"uv": [0, 0, 4.25, 9.5], "texture": "#2"},
				"west": {"uv": [0, 0, 1, 14], "texture": "#2"},
				"up": {"uv": [0, 0, 0.5, 1], "texture": "#2"},
				"down": {"uv": [0, 0, 0.5, 1], "texture": "#2"}
			}
		},
		{
			"from": [15, 5, 7],
			"to": [15.5, 8.5, 8],
			"rotation": {"angle": 0, "axis": "y", "origin": [14.5, -5.5, 7]},
			"faces": {
				"north": {"uv": [0, 0, 4.25, 9.5], "texture": "#2"},
				"east": {"uv": [8.5, 0.5, 11.25, 3.25], "texture": "#2"},
				"south": {"uv": [0, 0, 4.25, 9.5], "texture": "#2"},
				"west": {"uv": [0, 0, 4.25, 9.5], "texture": "#2"},
				"up": {"uv": [0, 0, 0.5, 1], "texture": "#2"},
				"down": {"uv": [0, 0, 0.5, 1], "texture": "#2"}
			}
		},
		{
			"from": [0.25, 4.5, 6.75],
			"to": [0.5, 19.5, 8],
			"rotation": {"angle": 0, "axis": "y", "origin": [-0.5, 5, 7]},
			"faces": {
				"north": {"uv": [1.75, 2.25, 2.5, 15.75], "texture": "#particle"},
				"east": {"uv": [4.75, 2.25, 5.5, 15.75], "texture": "#particle"},
				"south": {"uv": [1.75, 2.25, 2.5, 15.75], "texture": "#particle"},
				"west": {"uv": [1.25, 2.25, 2.5, 16], "texture": "#particle"},
				"up": {"uv": [0, 0, 0.5, 1.25], "texture": "#particle"},
				"down": {"uv": [0, 0, 0.5, 1.25], "texture": "#particle"}
			}
		},
		{
			"from": [-0.25, 12, 6.5],
			"to": [0.25, 19.75, 8],
			"rotation": {"angle": 0, "axis": "y", "origin": [-0.75, 5, 7]},
			"faces": {
				"north": {"uv": [14.25, 0.25, 16, 16], "texture": "#2"},
				"east": {"uv": [14.25, 0.25, 16, 16], "texture": "#2"},
				"south": {"uv": [14.25, 0.25, 16, 16], "texture": "#2"},
				"west": {"uv": [1.25, 2.25, 2.5, 16], "texture": "#2"},
				"up": {"uv": [0, 0, 0.5, 1.25], "texture": "#2"},
				"down": {"uv": [0, 0, 0.5, 1.25], "texture": "#2"}
			}
		},
		{
			"from": [15.75, 12, 6.5],
			"to": [16.25, 19.75, 8],
			"rotation": {"angle": 0, "axis": "y", "origin": [15.25, 5, 7]},
			"faces": {
				"north": {"uv": [14.25, 0.25, 16, 16], "texture": "#2"},
				"east": {"uv": [4.75, 2.25, 5.5, 15.75], "texture": "#2"},
				"south": {"uv": [14.25, 0.25, 16, 16], "texture": "#2"},
				"west": {"uv": [14.25, 0.25, 16, 16], "texture": "#2"},
				"up": {"uv": [0, 0, 0.5, 1.25], "texture": "#2"},
				"down": {"uv": [0, 0, 0.5, 1.25], "texture": "#2"}
			}
		},
		{
			"from": [8.5, 19.75, 6.5],
			"to": [16.25, 20.25, 8],
			"rotation": {"angle": 0, "axis": "y", "origin": [12.375, 20, 7.25]},
			"faces": {
				"north": {"uv": [14.25, 0.25, 16, 16], "rotation": 90, "texture": "#2"},
				"east": {"uv": [0, 0, 0.5, 1.25], "rotation": 270, "texture": "#2"},
				"south": {"uv": [14.25, 0.25, 16, 16], "rotation": 90, "texture": "#2"},
				"west": {"uv": [0, 0, 0.5, 1.25], "rotation": 270, "texture": "#2"},
				"up": {"uv": [4.75, 2.25, 5.5, 15.75], "rotation": 270, "texture": "#2"},
				"down": {"uv": [14.25, 0.25, 16, 16], "rotation": 90, "texture": "#2"}
			}
		},
		{
			"from": [8.5, 3.75, 6.5],
			"to": [16.25, 4.25, 8],
			"rotation": {"angle": 0, "axis": "y", "origin": [12.375, 4, 7.25]},
			"faces": {
				"north": {"uv": [14.25, 0.25, 16, 16], "rotation": 90, "texture": "#2"},
				"east": {"uv": [0, 0, 0.5, 1.25], "rotation": 270, "texture": "#2"},
				"south": {"uv": [14.25, 0.25, 16, 16], "rotation": 90, "texture": "#2"},
				"west": {"uv": [0, 0, 0.5, 1.25], "rotation": 270, "texture": "#2"},
				"up": {"uv": [14.25, 0.25, 16, 16], "rotation": 90, "texture": "#2"},
				"down": {"uv": [1.25, 2.25, 2.5, 16], "rotation": 270, "texture": "#2"}
			}
		},
		{
			"from": [0.75, 19.75, 6.5],
			"to": [8.5, 20.25, 8],
			"rotation": {"angle": 0, "axis": "y", "origin": [4.625, 20, 7.25]},
			"faces": {
				"north": {"uv": [14.25, 0.25, 16, 16], "rotation": 90, "texture": "#2"},
				"east": {"uv": [0, 0, 0.5, 1.25], "rotation": 270, "texture": "#2"},
				"south": {"uv": [14.25, 0.25, 16, 16], "rotation": 90, "texture": "#2"},
				"west": {"uv": [0, 0, 0.5, 1.25], "rotation": 270, "texture": "#2"},
				"up": {"uv": [4.75, 2.25, 5.5, 15.75], "rotation": 270, "texture": "#2"},
				"down": {"uv": [14.25, 0.25, 16, 16], "rotation": 90, "texture": "#2"}
			}
		},
		{
			"from": [0.75, 3.75, 6.5],
			"to": [8.5, 4.25, 8],
			"rotation": {"angle": 0, "axis": "y", "origin": [4.625, 4, 7.25]},
			"faces": {
				"north": {"uv": [14.25, 0.25, 16, 16], "rotation": 90, "texture": "#2"},
				"east": {"uv": [0, 0, 0.5, 1.25], "rotation": 270, "texture": "#2"},
				"south": {"uv": [14.25, 0.25, 16, 16], "rotation": 90, "texture": "#2"},
				"west": {"uv": [0, 0, 0.5, 1.25], "rotation": 270, "texture": "#2"},
				"up": {"uv": [14.25, 0.25, 16, 16], "rotation": 90, "texture": "#2"},
				"down": {"uv": [1.25, 2.25, 2.5, 16], "rotation": 270, "texture": "#2"}
			}
		},
		{
			"from": [-0.25, 19.75, 6.5],
			"to": [0.75, 20.25, 8],
			"rotation": {"angle": 0, "axis": "y", "origin": [-3.125, 20, 7.25]},
			"faces": {
				"north": {"uv": [14.25, 0.25, 16, 2.25], "rotation": 90, "texture": "#2"},
				"east": {"uv": [0, 0, 0.5, 1.25], "rotation": 270, "texture": "#2"},
				"south": {"uv": [14.25, 0.25, 16, 2.25], "rotation": 90, "texture": "#2"},
				"west": {"uv": [0, 0, 0.5, 1.25], "rotation": 270, "texture": "#2"},
				"up": {"uv": [4.75, 2.25, 5.5, 15.75], "rotation": 270, "texture": "#2"},
				"down": {"uv": [14.25, 0.25, 16, 2.25], "rotation": 90, "texture": "#2"}
			}
		},
		{
			"from": [-0.25, 3.75, 6.5],
			"to": [0.75, 4.25, 8],
			"rotation": {"angle": 0, "axis": "y", "origin": [-3.125, 4, 7.25]},
			"faces": {
				"north": {"uv": [14.25, 0.25, 16, 2.25], "rotation": 90, "texture": "#2"},
				"east": {"uv": [0, 0, 0.5, 1.25], "rotation": 270, "texture": "#2"},
				"south": {"uv": [14.25, 0.25, 16, 2.25], "rotation": 90, "texture": "#2"},
				"west": {"uv": [0, 0, 0.5, 1.25], "rotation": 270, "texture": "#2"},
				"up": {"uv": [14.25, 0.25, 16, 2.25], "rotation": 90, "texture": "#2"},
				"down": {"uv": [1.25, 2.25, 2.5, 16], "rotation": 270, "texture": "#2"}
			}
		},
		{
			"from": [-0.25, 4.25, 6.5],
			"to": [0.25, 12, 8],
			"rotation": {"angle": 0, "axis": "y", "origin": [-0.75, -3, 7]},
			"faces": {
				"north": {"uv": [14.25, 0.25, 16, 16], "texture": "#2"},
				"east": {"uv": [14.25, 0.25, 16, 16], "texture": "#2"},
				"south": {"uv": [14.25, 0.25, 16, 16], "texture": "#2"},
				"west": {"uv": [1.25, 2.25, 2.5, 16], "texture": "#2"},
				"up": {"uv": [0, 0, 0.5, 1.25], "texture": "#2"},
				"down": {"uv": [0, 0, 0.5, 1.25], "texture": "#2"}
			}
		},
		{
			"from": [15.75, 4.25, 6.5],
			"to": [16.25, 12, 8],
			"rotation": {"angle": 0, "axis": "y", "origin": [15.25, -3, 7]},
			"faces": {
				"north": {"uv": [14.25, 0.25, 16, 16], "texture": "#2"},
				"east": {"uv": [4.75, 2.25, 5.5, 15.75], "texture": "#2"},
				"south": {"uv": [14.25, 0.25, 16, 16], "texture": "#2"},
				"west": {"uv": [14.25, 0.25, 16, 16], "texture": "#2"},
				"up": {"uv": [0, 0, 0.5, 1.25], "texture": "#2"},
				"down": {"uv": [0, 0, 0.5, 1.25], "texture": "#2"}
			}
		},
		{
			"from": [15.5, 4.5, 6.75],
			"to": [15.75, 19.5, 8],
			"rotation": {"angle": 0, "axis": "y", "origin": [15, 5, 7]},
			"faces": {
				"north": {"uv": [1.75, 2.25, 2.5, 15.75], "texture": "#particle"},
				"east": {"uv": [1.25, 2.25, 2.5, 16], "texture": "#particle"},
				"south": {"uv": [1.75, 2.25, 2.5, 15.75], "texture": "#particle"},
				"west": {"uv": [4.5, 2.25, 5.25, 15.75], "texture": "#particle"},
				"up": {"uv": [0, 0, 0.5, 1.25], "texture": "#particle"},
				"down": {"uv": [0, 0, 0.5, 1.25], "texture": "#particle"}
			}
		},
		{
			"from": [0.25, 4.25, 6.75],
			"to": [15.75, 4.5, 8],
			"rotation": {"angle": 0, "axis": "y", "origin": [14.5, 3.5, 7]},
			"faces": {
				"north": {"uv": [1.75, 2.25, 2.75, 15.75], "rotation": 90, "texture": "#particle"},
				"east": {"uv": [1.25, 3.5, 1.75, 4.75], "rotation": 270, "texture": "#particle"},
				"south": {"uv": [1.75, 2.25, 2.75, 15.75], "rotation": 90, "texture": "#particle"},
				"west": {"uv": [2, 3.25, 2.5, 4.5], "rotation": 270, "texture": "#particle"},
				"up": {"uv": [4.75, 2.25, 5.75, 15.75], "rotation": 90, "texture": "#particle"},
				"down": {"uv": [1.25, 2.25, 2.25, 15.75], "rotation": 90, "texture": "#particle"}
			}
		},
		{
			"from": [0.25, 19.5, 6.75],
			"to": [15.75, 19.75, 8],
			"rotation": {"angle": 0, "axis": "y", "origin": [14.5, 19, 7]},
			"faces": {
				"north": {"uv": [1.75, 2.25, 2.75, 15.75], "rotation": 90, "texture": "#particle"},
				"east": {"uv": [1.75, 3, 2.25, 4.25], "rotation": 270, "texture": "#particle"},
				"south": {"uv": [1.75, 2.25, 2.75, 15.75], "rotation": 90, "texture": "#particle"},
				"west": {"uv": [0.75, 3.25, 1.25, 4.5], "rotation": 270, "texture": "#particle"},
				"up": {"uv": [1.25, 2.25, 2.25, 15.75], "rotation": 90, "texture": "#particle"},
				"down": {"uv": [4.75, 2.25, 5.75, 15.75], "rotation": 90, "texture": "#particle"}
			}
		},
		{
			"from": [-1.25, 9.75, 6],
			"to": [-0.25, 15, 8],
			"rotation": {"angle": 0, "axis": "y", "origin": [-1.25, 0, 7]},
			"faces": {
				"north": {"uv": [4.25, 0.25, 8.25, 16], "texture": "#2"},
				"east": {"uv": [4.25, 0.25, 8.25, 16], "texture": "#2"},
				"south": {"uv": [4.25, 0.25, 8.25, 16], "texture": "#2"},
				"west": {"uv": [4.25, 0.25, 8.25, 16], "texture": "#2"},
				"up": {"uv": [0, 0, 0.5, 1.25], "texture": "#2"},
				"down": {"uv": [0, 0, 0.5, 1.25], "texture": "#2"}
			}
		},
		{
			"from": [-1.25, 15, 6],
			"to": [-0.25, 20.25, 8],
			"rotation": {"angle": 0, "axis": "y", "origin": [-1.25, 5.25, 7]},
			"faces": {
				"north": {"uv": [4.25, 0.25, 8.25, 16], "texture": "#2"},
				"east": {"uv": [4.25, 0.25, 8.25, 16], "texture": "#2"},
				"south": {"uv": [4.25, 0.25, 8.25, 16], "texture": "#2"},
				"west": {"uv": [4.25, 0.25, 8.25, 16], "texture": "#2"},
				"up": {"uv": [0, 0, 0.5, 1.25], "texture": "#2"},
				"down": {"uv": [0, 0, 0.5, 1.25], "texture": "#2"}
			}
		},
		{
			"from": [-1.25, 4.5, 6],
			"to": [-0.25, 9.75, 8],
			"rotation": {"angle": 0, "axis": "y", "origin": [-1.25, -5.25, 7]},
			"faces": {
				"north": {"uv": [4.25, 0.25, 8.25, 16], "texture": "#2"},
				"east": {"uv": [4.25, 0.25, 8.25, 16], "texture": "#2"},
				"south": {"uv": [4.25, 0.25, 8.25, 16], "texture": "#2"},
				"west": {"uv": [4.25, 0.25, 8.25, 16], "texture": "#2"},
				"up": {"uv": [0, 0, 0.5, 1.25], "texture": "#2"},
				"down": {"uv": [0, 0, 0.5, 1.25], "texture": "#2"}
			}
		},
		{
			"from": [-1.25, 3.75, 6],
			"to": [-0.25, 4.5, 8],
			"rotation": {"angle": 0, "axis": "y", "origin": [-1.25, -6, 7]},
			"faces": {
				"north": {"uv": [4.25, 0, 8.25, 2.75], "texture": "#2"},
				"east": {"uv": [4.25, 0, 8.25, 2.75], "texture": "#2"},
				"south": {"uv": [4.25, 0, 8.25, 2.75], "texture": "#2"},
				"west": {"uv": [4.25, 0, 8.25, 2.75], "texture": "#2"},
				"up": {"uv": [0, 0, 0.5, 1.25], "texture": "#2"},
				"down": {"uv": [0, 0, 0.5, 1.25], "texture": "#2"}
			}
		},
		{
			"from": [16.25, 9.75, 6],
			"to": [17.25, 15, 8],
			"rotation": {"angle": 0, "axis": "y", "origin": [16.25, 0, 7]},
			"faces": {
				"north": {"uv": [4.25, 0.25, 8.25, 16], "texture": "#2"},
				"east": {"uv": [4.25, 0.25, 8.25, 16], "texture": "#2"},
				"south": {"uv": [4.25, 0.25, 8.25, 16], "texture": "#2"},
				"west": {"uv": [4.25, 0.25, 8.25, 16], "texture": "#2"},
				"up": {"uv": [0, 0, 0.5, 1.25], "texture": "#2"},
				"down": {"uv": [0, 0, 0.5, 1.25], "texture": "#2"}
			}
		},
		{
			"from": [16.25, 15, 6],
			"to": [17.25, 20.25, 8],
			"rotation": {"angle": 0, "axis": "y", "origin": [16.25, 5.25, 7]},
			"faces": {
				"north": {"uv": [4.25, 0.25, 8.25, 16], "texture": "#2"},
				"east": {"uv": [4.25, 0.25, 8.25, 16], "texture": "#2"},
				"south": {"uv": [4.25, 0.25, 8.25, 16], "texture": "#2"},
				"west": {"uv": [4.25, 0.25, 8.25, 16], "texture": "#2"},
				"up": {"uv": [0, 0, 0.5, 1.25], "texture": "#2"},
				"down": {"uv": [0, 0, 0.5, 1.25], "texture": "#2"}
			}
		},
		{
			"from": [16.25, 4.5, 6],
			"to": [17.25, 9.75, 8],
			"rotation": {"angle": 0, "axis": "y", "origin": [16.25, -5.25, 7]},
			"faces": {
				"north": {"uv": [4.25, 0.25, 8.25, 16], "texture": "#2"},
				"east": {"uv": [4.25, 0.25, 8.25, 16], "texture": "#2"},
				"south": {"uv": [4.25, 0.25, 8.25, 16], "texture": "#2"},
				"west": {"uv": [4.25, 0.25, 8.25, 16], "texture": "#2"},
				"up": {"uv": [0, 0, 0.5, 1.25], "texture": "#2"},
				"down": {"uv": [0, 0, 0.5, 1.25], "texture": "#2"}
			}
		},
		{
			"from": [16.25, 3.75, 6],
			"to": [17.25, 4.5, 8],
			"rotation": {"angle": 0, "axis": "y", "origin": [16.25, -6, 7]},
			"faces": {
				"north": {"uv": [4.25, 0, 8.25, 2.75], "texture": "#2"},
				"east": {"uv": [4.25, 0, 8.25, 4], "texture": "#2"},
				"south": {"uv": [4.25, 0, 8.25, 2.75], "texture": "#2"},
				"west": {"uv": [4.25, 0, 8.25, 2.75], "texture": "#2"},
				"up": {"uv": [0, 0, 0.5, 1.25], "texture": "#2"},
				"down": {"uv": [0, 0, 0.5, 1.25], "texture": "#2"}
			}
		},
		{
			"from": [-1.25, 2.75, 6],
			"to": [4, 3.75, 8],
			"rotation": {"angle": 0, "axis": "y", "origin": [1.375, 3.25, 7]},
			"faces": {
				"north": {"uv": [4.25, 0.25, 8.25, 16], "rotation": 90, "texture": "#2"},
				"east": {"uv": [0, 0, 0.5, 1.25], "rotation": 270, "texture": "#2"},
				"south": {"uv": [4.25, 0.25, 8.25, 16], "rotation": 90, "texture": "#2"},
				"west": {"uv": [4.25, 0.25, 8.25, 4], "texture": "#2"},
				"up": {"uv": [4.25, 0.25, 8.25, 16], "rotation": 90, "texture": "#2"},
				"down": {"uv": [4.25, 0, 8.25, 15.25], "rotation": 90, "texture": "#2"}
			}
		},
		{
			"from": [4, 2.75, 6],
			"to": [9.25, 3.75, 8],
			"rotation": {"angle": 0, "axis": "y", "origin": [6.625, 3.25, 7]},
			"faces": {
				"north": {"uv": [4.25, 0.25, 8.25, 16], "rotation": 90, "texture": "#2"},
				"east": {"uv": [0, 0, 0.5, 1.25], "rotation": 270, "texture": "#2"},
				"south": {"uv": [4.25, 0.25, 8.25, 16], "rotation": 90, "texture": "#2"},
				"west": {"uv": [0, 0, 0.5, 1.25], "rotation": 270, "texture": "#2"},
				"up": {"uv": [4.25, 0.25, 8.25, 16], "rotation": 90, "texture": "#2"},
				"down": {"uv": [4.25, 0, 8.25, 15.5], "rotation": 90, "texture": "#2"}
			}
		},
		{
			"from": [9.25, 2.75, 6],
			"to": [14.5, 3.75, 8],
			"rotation": {"angle": 0, "axis": "y", "origin": [11.875, 3.25, 7]},
			"faces": {
				"north": {"uv": [4.25, 0.25, 8.25, 16], "rotation": 90, "texture": "#2"},
				"east": {"uv": [0, 0, 0.5, 1.25], "rotation": 270, "texture": "#2"},
				"south": {"uv": [4.25, 0.25, 8.25, 16], "rotation": 90, "texture": "#2"},
				"west": {"uv": [0, 0, 0.5, 1.25], "rotation": 270, "texture": "#2"},
				"up": {"uv": [4.25, 0.25, 8.25, 16], "rotation": 90, "texture": "#2"},
				"down": {"uv": [4.25, 0, 8.25, 15.5], "rotation": 90, "texture": "#2"}
			}
		},
		{
			"from": [14.5, 2.75, 6],
			"to": [17.3, 3.75, 8],
			"rotation": {"angle": 0, "axis": "y", "origin": [17.125, 3.25, 7]},
			"faces": {
				"north": {"uv": [4.25, 0.25, 8.25, 8], "rotation": 90, "texture": "#2"},
				"east": {"uv": [4.25, 0.25, 8.25, 4], "texture": "#2"},
				"south": {"uv": [4.25, 0.25, 8.25, 8], "rotation": 90, "texture": "#2"},
				"west": {"uv": [0, 0, 0.5, 1.25], "rotation": 270, "texture": "#2"},
				"up": {"uv": [4.25, 0.25, 8.25, 16], "rotation": 90, "texture": "#2"},
				"down": {"uv": [4.25, 0, 8.25, 7.5], "rotation": 90, "texture": "#2"}
			}
		},
		{
			"from": [-1.25, 20.25, 6],
			"to": [4, 21.25, 8],
			"rotation": {"angle": 0, "axis": "y", "origin": [1.375, 20.75, 7]},
			"faces": {
				"north": {"uv": [4.25, 0.25, 8.25, 16], "rotation": 90, "texture": "#2"},
				"east": {"uv": [0, 0, 0.5, 1.25], "rotation": 270, "texture": "#2"},
				"south": {"uv": [4.25, 0.25, 8.25, 16], "rotation": 90, "texture": "#2"},
				"west": {"uv": [4.25, 0, 8, 4], "rotation": 180, "texture": "#2"},
				"up": {"uv": [4.25, 0, 8, 15.5], "rotation": 90, "texture": "#2"},
				"down": {"uv": [4.25, 0.25, 8.25, 16], "rotation": 90, "texture": "#2"}
			}
		},
		{
			"from": [4, 20.25, 6],
			"to": [9.25, 21.25, 8],
			"rotation": {"angle": 0, "axis": "y", "origin": [6.625, 20.75, 7]},
			"faces": {
				"north": {"uv": [4.25, 0.25, 8.25, 16], "rotation": 90, "texture": "#2"},
				"east": {"uv": [0, 0, 0.5, 1.25], "rotation": 270, "texture": "#2"},
				"south": {"uv": [4.25, 0.25, 8.25, 16], "rotation": 90, "texture": "#2"},
				"west": {"uv": [0, 0, 0.5, 1.25], "rotation": 270, "texture": "#2"},
				"up": {"uv": [4.25, 0, 8, 15.5], "rotation": 90, "texture": "#2"},
				"down": {"uv": [4.25, 0.25, 8.25, 16], "rotation": 90, "texture": "#2"}
			}
		},
		{
			"from": [9.25, 20.25, 6],
			"to": [14.5, 21.25, 8],
			"rotation": {"angle": 0, "axis": "y", "origin": [11.875, 20.75, 7]},
			"faces": {
				"north": {"uv": [4.25, 0.25, 8.25, 16], "rotation": 90, "texture": "#2"},
				"east": {"uv": [0, 0, 0.5, 1.25], "rotation": 270, "texture": "#2"},
				"south": {"uv": [4.25, 0.25, 8.25, 16], "rotation": 90, "texture": "#2"},
				"west": {"uv": [0, 0, 0.5, 1.25], "rotation": 270, "texture": "#2"},
				"up": {"uv": [4.25, 0, 8, 15.5], "rotation": 90, "texture": "#2"},
				"down": {"uv": [4.25, 0.25, 8.25, 16], "rotation": 90, "texture": "#2"}
			}
		},
		{
			"from": [14.5, 20.25, 6],
			"to": [17.3, 21.25, 8],
			"rotation": {"angle": 0, "axis": "y", "origin": [17.125, 20.75, 7]},
			"faces": {
				"north": {"uv": [4.25, 0.25, 8.25, 8], "rotation": 90, "texture": "#2"},
				"east": {"uv": [4.25, 0, 8, 4], "rotation": 180, "texture": "#2"},
				"south": {"uv": [4.25, 0.25, 8.25, 8], "rotation": 90, "texture": "#2"},
				"west": {"uv": [0, 0, 0.5, 1.25], "rotation": 270, "texture": "#2"},
				"up": {"uv": [4.25, 0, 8, 7.5], "rotation": 90, "texture": "#2"},
				"down": {"uv": [4.25, 0.25, 8.25, 8], "rotation": 90, "texture": "#2"}
			}
		}
	],
	"gui_light": "front",
	"display": {
		"thirdperson_righthand": {
			"rotation": [70, 0, 0],
			"translation": [5.5, 0, -0.5],
			"scale": [0.8, 0.8, 0.8]
		},
		"thirdperson_lefthand": {
			"rotation": [70, 0, 0],
			"translation": [5.5, 0, -0.5],
			"scale": [0.8, 0.8, 0.8]
		},
		"firstperson_righthand": {
			"rotation": [0, 172, 0],
			"translation": [-0.25, 2.5, 0],
			"scale": [0.51, 0.51, 0.51]
		},
		"firstperson_lefthand": {
			"rotation": [0, 163, 0],
			"translation": [2.5, 1.75, 0],
			"scale": [0.3, 0.3, 0.3]
		},
		"ground": {
			"translation": [0, 3.25, 0]
		},
		"gui": {
			"rotation": [0, 180, 0],
			"translation": [0, -3, 0],
			"scale": [0.77, 0.77, 0.77]
		},
		"head": {
			"translation": [0, 11.75, 2]
		},
		"fixed": {
			"translation": [-16.25, 3, -0.25],
			"scale": [3.06, 3.06, 3.06]
		}
	},
	"groups": [
		{
			"name": "group",
			"origin": [9, 5, 7],
			"color": 0,
			"children": [0, 1, 2, 3, 4, 5, 6, 7, 8, 9, 10, 11, 12, 13, 14, 15, 16, 17, 18, 19, 20, 21, 22, 23, 24, 25, 26, 27, 28, 29, 30, 31, 32, 33, 34, 35, 36, 37, 38, 39, 40, 41, 42, 43]
		}
	]
}