{
	"credit": "Made with Blockbench",
	"texture_size": [32, 32],
	"textures": {
		"0": "item/cookie_can",
		"particle": "item/cookie_can"
	},
	"elements": [
		{
			"from": [2, 0, 2],
			"to": [14, 6, 14],
			"faces": {
				"north": {"uv": [6, 0, 12, 3], "texture": "#0"},
				"east": {"uv": [6, 0, 12, 3], "texture": "#0"},
				"south": {"uv": [6, 0, 12, 3], "texture": "#0"},
				"west": {"uv": [6, 0, 12, 3], "texture": "#0"},
				"up": {"uv": [6, 6, 0, 0], "texture": "#0"},
				"down": {"uv": [6, 6, 0, 12], "texture": "#0"}
			}
		},
		{
			"from": [13.5, 6, 2],
			"to": [14, 6.5, 14],
			"rotation": {"angle": 0, "axis": "y", "origin": [8, 0, 8]},
			"faces": {
				"north": {"uv": [7.25, 5.25, 7.5, 5.5], "texture": "#0"},
				"east": {"uv": [0, 12, 6, 12.25], "texture": "#0"},
				"south": {"uv": [7.25, 5.75, 7.5, 6], "texture": "#0"},
				"west": {"uv": [6, 11.25, 12, 11.5], "texture": "#0"},
				"up": {"uv": [7, 9, 6.75, 3], "texture": "#0"},
				"down": {"uv": [6.75, 3, 6.5, 9], "texture": "#0"}
			}
		},
		{
			"from": [2, 6, 2],
			"to": [2.5, 6.5, 14],
			"rotation": {"angle": 0, "axis": "y", "origin": [8, 0, 8]},
			"faces": {
				"north": {"uv": [7.25, 3.25, 7.5, 3.5], "texture": "#0"},
				"east": {"uv": [6, 12, 12, 12.25], "texture": "#0"},
				"south": {"uv": [7.25, 4.75, 7.5, 5], "texture": "#0"},
				"west": {"uv": [6, 9, 12, 9.25], "texture": "#0"},
				"up": {"uv": [6.25, 9, 6, 3], "texture": "#0"},
				"down": {"uv": [6.5, 3, 6.25, 9], "texture": "#0"}
			}
		},
		{
			"from": [2.5, 6, 2],
			"to": [13.5, 6.5, 2.5],
			"rotation": {"angle": 0, "axis": "y", "origin": [8, 0, 8]},
			"faces": {
				"north": {"uv": [6, 9.25, 11.5, 9.5], "texture": "#0"},
				"east": {"uv": [7.25, 3.75, 7.5, 4], "texture": "#0"},
				"south": {"uv": [6, 9.5, 11.5, 9.75], "texture": "#0"},
				"west": {"uv": [7.75, 4.75, 8, 5], "texture": "#0"},
				"up": {"uv": [11.5, 10, 6, 9.75], "texture": "#0"},
				"down": {"uv": [11.5, 10, 6, 10.25], "texture": "#0"}
			}
		},
		{
			"from": [2.5, 6, 13.5],
			"to": [13.5, 6.5, 14],
			"rotation": {"angle": 0, "axis": "y", "origin": [8, 0, 8]},
			"faces": {
				"north": {"uv": [6, 10.25, 11.5, 10.5], "texture": "#0"},
				"east": {"uv": [7.25, 4.25, 7.5, 4.5], "texture": "#0"},
				"south": {"uv": [6, 10.5, 11.5, 10.75], "texture": "#0"},
				"west": {"uv": [8.25, 4.75, 8.5, 5], "texture": "#0"},
				"up": {"uv": [11.5, 11, 6, 10.75], "texture": "#0"},
				"down": {"uv": [11.5, 11, 6, 11.25], "texture": "#0"}
			}
		}
	],
	"display": {
		"thirdperson_righthand": {
			"rotation": [69, 0, 0],
			"translation": [0, 5.25, 1.75],
			"scale": [0.75, 0.75, 0.75]
		},
		"thirdperson_lefthand": {
			"rotation": [69, 0, 0],
			"translation": [0, 5.25, 1.75],
			"scale": [0.75, 0.75, 0.75]
		},
		"firstperson_righthand": {
			"translation": [2.5, 1.75, 0],
			"scale": [0.75, 0.75, 0.75]
		},
		"firstperson_lefthand": {
			"translation": [2.5, 1.75, 0],
			"scale": [0.75, 0.75, 0.75]
		},
		"ground": {
			"translation": [0, 2.25, 0],
			"scale": [0.5, 0.5, 0.5]
		},
		"gui": {
			"rotation": [27, 155, 0],
			"translation": [0, 2.75, 0],
			"scale": [0.75, 0.75, 0.75]
		}
	},
	"groups": [
		{
			"name": "all",
			"origin": [8, 8, 8],
			"color": 0,
			"children": [
				0,
				{
					"name": "tip",
					"origin": [8, 0, 8],
					"color": 0,
					"children": [1, 2, 3, 4]
				}
			]
		}
	]
}