{
	"credit": "Made with Blockbench",
	"texture_size": [32, 32],
	"textures": {
		"1": "item/cookie_can_wrapped"
	},
	"elements": [
		{
			"from": [2, 0, 2],
			"to": [14, 6.5, 14],
			"faces": {
				"north": {"uv": [6, 0, 12, 3.25], "texture": "#1"},
				"east": {"uv": [6, 0, 12, 3.25], "texture": "#1"},
				"south": {"uv": [6, 0, 12, 3.25], "texture": "#1"},
				"west": {"uv": [6, 0, 12, 3.25], "texture": "#1"},
				"up": {"uv": [6, 6, 0, 0], "texture": "#1"},
				"down": {"uv": [6, 6, 0, 12], "texture": "#1"}
			}
		}
	],
	"display": {
		"thirdperson_righthand": {
			"rotation": [69, 0, 0],
			"translation": [0, 5.25, 1.75],
			"scale": [0.75, 0.75, 0.75]
		},
		"thirdperson_lefthand": {
			"rotation": [69, 0, 0],
			"translation": [0, 5.25, 1.75],
			"scale": [0.75, 0.75, 0.75]
		},
		"firstperson_righthand": {
			"translation": [2.5, 1.75, 0],
			"scale": [0.75, 0.75, 0.75]
		},
		"firstperson_lefthand": {
			"translation": [2.5, 1.75, 0],
			"scale": [0.75, 0.75, 0.75]
		},
		"ground": {
			"translation": [0, 2.25, 0],
			"scale": [0.5, 0.5, 0.5]
		},
		"gui": {
			"rotation": [27, 155, 0],
			"translation": [0, 2.75, 0],
			"scale": [0.75, 0.75, 0.75]
		}
	},
	"groups": [
		{
			"name": "all",
			"origin": [8, 8, 8],
			"color": 0,
			"children": [
				0,
				{
					"name": "tip",
					"origin": [8, 0, 8],
					"color": 0,
					"children": []
				}
			]
		}
	]
}