{
	"texture_size": [32, 32],
	"textures": {
		"0": "item/device1",
		"2": "item/device",
		"3": "item/point",
		"4": "item/citymap",
		"particle": "item/device1"
	},
	"elements": [
		{
			"name": "hexadecagon",
			"from": [1.5, 2.40326, 7.71875],
			"to": [14.5, 11.34674, 8.46875],
			"rotation": {"angle": 0, "axis": "y", "origin": [11.25, 7.71757, 8.03125]},
			"faces": {
				"north": {"uv": [0, 0, 3.5, 4.5], "texture": "#2"},
				"east": {"uv": [0, 4.5, 1, 9], "texture": "#2"},
				"south": {"uv": [3.5, 0, 7, 4.5], "texture": "#2"},
				"west": {"uv": [0, 4.5, 1, 9], "texture": "#2"},
				"up": {"uv": [5.5, 6.5, 2, 5.5], "texture": "#2"},
				"down": {"uv": [5.5, 5.5, 2, 6.5], "texture": "#2"}
			}
		},
		{
			"name": "hexadecagon",
			"from": [1, 2.40326, 7.71875],
			"to": [1.5, 11.34674, 8.96875],
			"rotation": {"angle": 0, "axis": "y", "origin": [4.75, 7.71757, 8.03125]},
			"faces": {
				"north": {"uv": [5.5, 5.5, 6, 10], "texture": "#2"},
				"east": {"uv": [1, 4.5, 2, 9], "texture": "#2"},
				"south": {"uv": [5.5, 5.5, 6, 10], "texture": "#2"},
				"west": {"uv": [1, 4.5, 2, 9], "texture": "#2"},
				"up": {"uv": [5.5, 7.5, 5, 6.5], "texture": "#2"},
				"down": {"uv": [5.5, 6.5, 5, 7.5], "texture": "#2"}
			}
		},
		{
			"name": "hexadecagon",
			"from": [1, 11.34674, 7.71875],
			"to": [15, 11.79021, 8.96875],
			"rotation": {"angle": 0, "axis": "y", "origin": [11.25, 7.71757, 8.03125]},
			"faces": {
				"north": {"uv": [6, 4.5, 10, 5], "texture": "#2"},
				"east": {"uv": [6.5, 5, 7.5, 5.5], "texture": "#2"},
				"south": {"uv": [6, 4.5, 10, 5], "texture": "#2"},
				"west": {"uv": [6.5, 5, 7.5, 5.5], "texture": "#2"},
				"up": {"uv": [6, 5.5, 2, 4.5], "texture": "#2"},
				"down": {"uv": [6, 4.5, 2, 5.5], "texture": "#2"}
			}
		},
		{
			"name": "hexadecagon",
			"from": [1, 1.95979, 7.71875],
			"to": [15, 2.40326, 8.96875],
			"rotation": {"angle": 0, "axis": "y", "origin": [11.25, 6.625, 8.03125]},
			"faces": {
				"north": {"uv": [6, 4.5, 10, 5], "texture": "#2"},
				"east": {"uv": [6.5, 5, 7.5, 5.5], "texture": "#2"},
				"south": {"uv": [6, 4.5, 10, 5], "texture": "#2"},
				"west": {"uv": [6.5, 5, 7.5, 5.5], "texture": "#2"},
				"up": {"uv": [6, 5.5, 2, 4.5], "texture": "#2"},
				"down": {"uv": [6, 4.5, 2, 5.5], "texture": "#2"}
			}
		},
		{
			"name": "hexadecagon",
			"from": [14.5, 2.40326, 7.71875],
			"to": [15, 11.34674, 8.96875],
			"rotation": {"angle": 0, "axis": "y", "origin": [11.25, 7.71757, 8.03125]},
			"faces": {
				"north": {"uv": [5.5, 5.5, 6, 10], "texture": "#2"},
				"east": {"uv": [1, 4.5, 2, 9], "texture": "#2"},
				"south": {"uv": [5.5, 5.5, 6, 10], "texture": "#2"},
				"west": {"uv": [1, 4.5, 2, 9], "texture": "#2"},
				"up": {"uv": [5.5, 7.5, 5, 6.5], "texture": "#2"},
				"down": {"uv": [5.5, 6.5, 5, 7.5], "texture": "#2"}
			}
		},
		{
			"name": "hexadecagon",
			"from": [2.34375, 4.55245, 8.14896],
			"to": [13.65625, 10.69755, 8.60104],
			"rotation": {"angle": 0, "axis": "y", "origin": [5.15625, 8.28818, 7.94323]},
			"faces": {
				"north": {"uv": [6.5, 6, 7, 6.5], "texture": "#2"},
				"east": {"uv": [3.5, 6.5, 4.5, 7], "texture": "#2"},
				"south": {"uv": [3.22917, 0.82083, 14.59792, 15.24755], "texture": "#4"},
				"west": {"uv": [3.5, 6.5, 4.5, 7], "texture": "#2"},
				"up": {"uv": [5, 7.5, 4.5, 6.5], "texture": "#2"},
				"down": {"uv": [5, 6.5, 4.5, 7.5], "texture": "#2"}
			}
		},
		{
			"name": "hexadecagon",
			"from": [8.09375, 7.05245, 8.64604],
			"to": [8.59375, 7.55245, 8.64604],
			"rotation": {"angle": 0, "axis": "y", "origin": [9.90625, 10.78818, 7.98823]},
			"faces": {
				"north": {"uv": [0, 0, 1, 1], "texture": "#3"},
				"east": {"uv": [0, 0, 1, 1], "texture": "#3"},
				"south": {"uv": [0, 0, 16, 16], "texture": "#3"},
				"west": {"uv": [0, 0, 1, 1], "texture": "#3"},
				"up": {"uv": [0, 0, 1, 1], "texture": "#3"},
				"down": {"uv": [0, 0, 1, 1], "texture": "#3"}
			}
		},
		{
			"name": "hexadecagon",
			"from": [2.09375, 4.30245, 8.14896],
			"to": [13.90625, 10.94755, 8.51215],
			"rotation": {"angle": 0, "axis": "y", "origin": [5.15625, 8.28818, 7.94323]},
			"faces": {
				"north": {"uv": [5.5, 6, 6, 6.25], "texture": "#2"},
				"east": {"uv": [5.5, 6, 6, 6.25], "texture": "#2"},
				"south": {"uv": [5.5, 6, 6, 6.25], "texture": "#2"},
				"west": {"uv": [5.5, 6, 6, 6.25], "texture": "#2"},
				"up": {"uv": [5.5, 6, 6, 6.25], "texture": "#2"},
				"down": {"uv": [5.5, 6, 6, 6.25], "texture": "#2"}
			}
		},
		{
			"name": "hexadecagon",
			"from": [3.92263, 3.51869, 7.73419],
			"to": [4.26013, 4.05576, 8.75544],
			"rotation": {"angle": 45, "axis": "z", "origin": [3, 3.87709, 8.21076]},
			"faces": {
				"north": {"uv": [6.5, 6.5, 7, 6], "texture": "#2"},
				"east": {"uv": [3.5, 7, 4.5, 6.5], "texture": "#2"},
				"south": {"uv": [6.5, 7, 7, 6.5], "texture": "#2"},
				"west": {"uv": [3.5, 7, 4.5, 6.5], "texture": "#2"},
				"up": {"uv": [5, 7.5, 4.5, 6.5], "texture": "#2"},
				"down": {"uv": [5, 6.5, 4.5, 7.5], "texture": "#2"}
			}
		},
		{
			"name": "hexadecagon",
			"from": [3.96386, 3.49114, 7.73419],
			"to": [4.30136, 4.02821, 8.75769],
			"rotation": {"angle": 22.5, "axis": "z", "origin": [3, 3.87709, 8.21076]},
			"faces": {
				"north": {"uv": [6.5, 6.5, 7, 6], "texture": "#2"},
				"east": {"uv": [3, 7.5, 3.5, 6.5], "texture": "#2"},
				"south": {"uv": [6.5, 7, 7, 6.5], "texture": "#2"},
				"west": {"uv": [3, 7.5, 3.5, 6.5], "texture": "#2"},
				"up": {"uv": [3, 7, 2, 6.5], "texture": "#2"},
				"down": {"uv": [3, 6.5, 2, 7], "texture": "#2"}
			}
		},
		{
			"name": "hexadecagon",
			"from": [4.0125, 3.48147, 7.73419],
			"to": [4.35, 4.01853, 8.75544],
			"rotation": {"angle": 0, "axis": "y", "origin": [3, 3.87709, 8.21076]},
			"faces": {
				"north": {"uv": [6.5, 6.5, 7, 6], "texture": "#2"},
				"east": {"uv": [3.5, 7, 4.5, 6.5], "texture": "#2"},
				"south": {"uv": [6.5, 7, 7, 6.5], "texture": "#2"},
				"west": {"uv": [3.5, 7, 4.5, 6.5], "texture": "#2"},
				"up": {"uv": [5, 7.5, 4.5, 6.5], "texture": "#2"},
				"down": {"uv": [5, 6.5, 4.5, 7.5], "texture": "#2"}
			}
		},
		{
			"name": "hexadecagon",
			"from": [4.06114, 3.49114, 7.73419],
			"to": [4.39864, 4.02821, 8.75769],
			"rotation": {"angle": -22.5, "axis": "z", "origin": [3, 3.87709, 8.21076]},
			"faces": {
				"north": {"uv": [6.5, 6.5, 7, 6], "texture": "#2"},
				"east": {"uv": [3, 7.5, 3.5, 6.5], "texture": "#2"},
				"south": {"uv": [6.5, 7, 7, 6.5], "texture": "#2"},
				"west": {"uv": [3, 7.5, 3.5, 6.5], "texture": "#2"},
				"up": {"uv": [3, 7, 2, 6.5], "texture": "#2"},
				"down": {"uv": [3, 6.5, 2, 7], "texture": "#2"}
			}
		},
		{
			"name": "hexadecagon",
			"from": [4.10237, 3.51869, 7.73419],
			"to": [4.43987, 4.05576, 8.75544],
			"rotation": {"angle": -45, "axis": "z", "origin": [3, 3.87709, 8.21076]},
			"faces": {
				"north": {"uv": [6.5, 6.5, 7, 6], "texture": "#2"},
				"east": {"uv": [3.5, 7, 4.5, 6.5], "texture": "#2"},
				"south": {"uv": [6.5, 7, 7, 6.5], "texture": "#2"},
				"west": {"uv": [3.5, 7, 4.5, 6.5], "texture": "#2"},
				"up": {"uv": [5, 7.5, 4.5, 6.5], "texture": "#2"},
				"down": {"uv": [5, 6.5, 4.5, 7.5], "texture": "#2"}
			}
		},
		{
			"name": "hexadecagon",
			"from": [1.56013, 3.51869, 7.73419],
			"to": [1.89763, 4.05576, 8.75544],
			"rotation": {"angle": 45, "axis": "z", "origin": [3, 3.87709, 8.21076]},
			"faces": {
				"north": {"uv": [6.5, 6.5, 7, 6], "texture": "#2"},
				"east": {"uv": [3.5, 7, 4.5, 6.5], "texture": "#2"},
				"south": {"uv": [6.5, 6.5, 7, 6], "texture": "#2"},
				"west": {"uv": [3.5, 7, 4.5, 6.5], "texture": "#2"},
				"up": {"uv": [5, 7.5, 4.5, 6.5], "texture": "#2"},
				"down": {"uv": [5, 6.5, 4.5, 7.5], "texture": "#2"}
			}
		},
		{
			"name": "hexadecagon",
			"from": [1.60136, 3.49114, 7.73419],
			"to": [1.93886, 4.02821, 8.75769],
			"rotation": {"angle": 22.5, "axis": "z", "origin": [3, 3.87709, 8.21076]},
			"faces": {
				"north": {"uv": [6.5, 6.5, 7, 6], "texture": "#2"},
				"east": {"uv": [3, 7.5, 3.5, 6.5], "texture": "#2"},
				"south": {"uv": [6.5, 6.5, 7, 6], "texture": "#2"},
				"west": {"uv": [3, 7.5, 3.5, 6.5], "texture": "#2"},
				"up": {"uv": [3, 7, 2, 6.5], "texture": "#2"},
				"down": {"uv": [3, 6.5, 2, 7], "texture": "#2"}
			}
		},
		{
			"name": "hexadecagon",
			"from": [1.65, 3.48147, 7.73419],
			"to": [1.9875, 4.01853, 8.75544],
			"rotation": {"angle": 0, "axis": "y", "origin": [3, 3.87709, 8.21076]},
			"faces": {
				"north": {"uv": [6.5, 6.5, 7, 6], "texture": "#2"},
				"east": {"uv": [3.5, 7, 4.5, 6.5], "texture": "#2"},
				"south": {"uv": [6.5, 6.5, 7, 6], "texture": "#2"},
				"west": {"uv": [3.5, 7, 4.5, 6.5], "texture": "#2"},
				"up": {"uv": [5, 7.5, 4.5, 6.5], "texture": "#2"},
				"down": {"uv": [5, 6.5, 4.5, 7.5], "texture": "#2"}
			}
		},
		{
			"name": "hexadecagon",
			"from": [1.69864, 3.49114, 7.73419],
			"to": [2.03614, 4.02821, 8.75769],
			"rotation": {"angle": -22.5, "axis": "z", "origin": [3, 3.87709, 8.21076]},
			"faces": {
				"north": {"uv": [6.5, 6.5, 7, 6], "texture": "#2"},
				"east": {"uv": [3, 7.5, 3.5, 6.5], "texture": "#2"},
				"south": {"uv": [6.5, 6.5, 7, 6], "texture": "#2"},
				"west": {"uv": [3, 7.5, 3.5, 6.5], "texture": "#2"},
				"up": {"uv": [3, 7, 2, 6.5], "texture": "#2"},
				"down": {"uv": [3, 6.5, 2, 7], "texture": "#2"}
			}
		},
		{
			"name": "hexadecagon",
			"from": [1.73987, 3.51869, 7.73419],
			"to": [2.07737, 4.05576, 8.75544],
			"rotation": {"angle": -45, "axis": "z", "origin": [3, 3.87709, 8.21076]},
			"faces": {
				"north": {"uv": [6.5, 6.5, 7, 6], "texture": "#2"},
				"east": {"uv": [3.5, 7, 4.5, 6.5], "texture": "#2"},
				"south": {"uv": [6.5, 6.5, 7, 6], "texture": "#2"},
				"west": {"uv": [3.5, 7, 4.5, 6.5], "texture": "#2"},
				"up": {"uv": [5, 7.5, 4.5, 6.5], "texture": "#2"},
				"down": {"uv": [5, 6.5, 4.5, 7.5], "texture": "#2"}
			}
		},
		{
			"name": "hexadecagon",
			"from": [2.68283, 4.77217, 7.73419],
			"to": [3.2199, 5.10967, 8.75769],
			"rotation": {"angle": 22.5, "axis": "z", "origin": [3, 3.87709, 8.21076]},
			"faces": {
				"north": {"uv": [6.5, 6, 7, 5.5], "texture": "#2"},
				"east": {"uv": [2, 7, 3, 6.5], "texture": "#2"},
				"south": {"uv": [6, 7, 6.5, 6.5], "texture": "#2"},
				"west": {"uv": [2, 7, 3, 6.5], "texture": "#2"},
				"up": {"uv": [3.5, 7.5, 3, 6.5], "texture": "#2"},
				"down": {"uv": [3.5, 6.5, 3, 7.5], "texture": "#2"}
			}
		},
		{
			"name": "hexadecagon",
			"from": [2.73147, 4.7625, 7.73419],
			"to": [3.26853, 5.1, 8.75544],
			"rotation": {"angle": 0, "axis": "y", "origin": [3, 3.87709, 8.21076]},
			"faces": {
				"north": {"uv": [6.5, 6, 7, 5.5], "texture": "#2"},
				"east": {"uv": [4.5, 7.5, 5, 6.5], "texture": "#2"},
				"south": {"uv": [6, 7, 6.5, 6.5], "texture": "#2"},
				"west": {"uv": [4.5, 7.5, 5, 6.5], "texture": "#2"},
				"up": {"uv": [4.5, 7, 3.5, 6.5], "texture": "#2"},
				"down": {"uv": [4.5, 6.5, 3.5, 7], "texture": "#2"}
			}
		},
		{
			"name": "hexadecagon",
			"from": [2.7801, 4.77217, 7.73419],
			"to": [3.31717, 5.10967, 8.75769],
			"rotation": {"angle": -22.5, "axis": "z", "origin": [3, 3.87709, 8.21076]},
			"faces": {
				"north": {"uv": [6.5, 6, 7, 5.5], "texture": "#2"},
				"east": {"uv": [2, 7, 3, 6.5], "texture": "#2"},
				"south": {"uv": [6, 7, 6.5, 6.5], "texture": "#2"},
				"west": {"uv": [2, 7, 3, 6.5], "texture": "#2"},
				"up": {"uv": [3.5, 7.5, 3, 6.5], "texture": "#2"},
				"down": {"uv": [3.5, 6.5, 3, 7.5], "texture": "#2"}
			}
		},
		{
			"name": "hexadecagon",
			"from": [2.68283, 2.40967, 7.73419],
			"to": [3.2199, 2.74717, 8.75769],
			"rotation": {"angle": 22.5, "axis": "z", "origin": [3, 3.87709, 8.21076]},
			"faces": {
				"north": {"uv": [6.5, 6, 7, 5.5], "texture": "#2"},
				"east": {"uv": [2, 7, 3, 6.5], "texture": "#2"},
				"south": {"uv": [7, 0.5, 7.5, 0], "texture": "#2"},
				"west": {"uv": [2, 7, 3, 6.5], "texture": "#2"},
				"up": {"uv": [3.5, 7.5, 3, 6.5], "texture": "#2"},
				"down": {"uv": [3.5, 6.5, 3, 7.5], "texture": "#2"}
			}
		},
		{
			"name": "hexadecagon",
			"from": [2.73147, 2.4, 7.73419],
			"to": [3.26853, 2.7375, 8.75544],
			"rotation": {"angle": 0, "axis": "y", "origin": [3, 3.87709, 8.21076]},
			"faces": {
				"north": {"uv": [6.5, 6, 7, 5.5], "texture": "#2"},
				"east": {"uv": [4.5, 7.5, 5, 6.5], "texture": "#2"},
				"south": {"uv": [7, 0.5, 7.5, 0], "texture": "#2"},
				"west": {"uv": [4.5, 7.5, 5, 6.5], "texture": "#2"},
				"up": {"uv": [4.5, 7, 3.5, 6.5], "texture": "#2"},
				"down": {"uv": [4.5, 6.5, 3.5, 7], "texture": "#2"}
			}
		},
		{
			"name": "hexadecagon",
			"from": [2.7801, 2.40967, 7.73419],
			"to": [3.31717, 2.74717, 8.75769],
			"rotation": {"angle": -22.5, "axis": "z", "origin": [3, 3.87709, 8.21076]},
			"faces": {
				"north": {"uv": [6.5, 6, 7, 5.5], "texture": "#2"},
				"east": {"uv": [2, 7, 3, 6.5], "texture": "#2"},
				"south": {"uv": [7, 0.5, 7.5, 0], "texture": "#2"},
				"west": {"uv": [2, 7, 3, 6.5], "texture": "#2"},
				"up": {"uv": [3.5, 7.5, 3, 6.5], "texture": "#2"},
				"down": {"uv": [3.5, 6.5, 3, 7.5], "texture": "#2"}
			}
		},
		{
			"name": "hexadecagon",
			"from": [6.19197, 3.32652, 7.86051],
			"to": [6.4451, 3.72932, 8.62644],
			"rotation": {"angle": 45, "axis": "z", "origin": [5.5, 3.59532, 8.21793]},
			"faces": {
				"north": {"uv": [6.5, 6.5, 7, 6], "texture": "#2"},
				"east": {"uv": [3.5, 7, 4.5, 6.5], "texture": "#2"},
				"south": {"uv": [6.5, 7, 7, 6.5], "texture": "#2"},
				"west": {"uv": [3.5, 7, 4.5, 6.5], "texture": "#2"},
				"up": {"uv": [5, 7.5, 4.5, 6.5], "texture": "#2"},
				"down": {"uv": [5, 6.5, 4.5, 7.5], "texture": "#2"}
			}
		},
		{
			"name": "hexadecagon",
			"from": [6.2229, 3.30586, 7.86051],
			"to": [6.47602, 3.70865, 8.62813],
			"rotation": {"angle": 22.5, "axis": "z", "origin": [5.5, 3.59532, 8.21793]},
			"faces": {
				"north": {"uv": [6.5, 6.5, 7, 6], "texture": "#2"},
				"east": {"uv": [3, 7.5, 3.5, 6.5], "texture": "#2"},
				"south": {"uv": [6.5, 7, 7, 6.5], "texture": "#2"},
				"west": {"uv": [3, 7.5, 3.5, 6.5], "texture": "#2"},
				"up": {"uv": [3, 7, 2, 6.5], "texture": "#2"},
				"down": {"uv": [3, 6.5, 2, 7], "texture": "#2"}
			}
		},
		{
			"name": "hexadecagon",
			"from": [6.25938, 3.2986, 7.86051],
			"to": [6.5125, 3.7014, 8.62644],
			"rotation": {"angle": 0, "axis": "y", "origin": [5.5, 3.59532, 8.21793]},
			"faces": {
				"north": {"uv": [6.5, 6.5, 7, 6], "texture": "#2"},
				"east": {"uv": [3.5, 7, 4.5, 6.5], "texture": "#2"},
				"south": {"uv": [6.5, 7, 7, 6.5], "texture": "#2"},
				"west": {"uv": [3.5, 7, 4.5, 6.5], "texture": "#2"},
				"up": {"uv": [5, 7.5, 4.5, 6.5], "texture": "#2"},
				"down": {"uv": [5, 6.5, 4.5, 7.5], "texture": "#2"}
			}
		},
		{
			"name": "hexadecagon",
			"from": [6.29585, 3.30586, 7.86051],
			"to": [6.54898, 3.70865, 8.62813],
			"rotation": {"angle": -22.5, "axis": "z", "origin": [5.5, 3.59532, 8.21793]},
			"faces": {
				"north": {"uv": [6.5, 6.5, 7, 6], "texture": "#2"},
				"east": {"uv": [3, 7.5, 3.5, 6.5], "texture": "#2"},
				"south": {"uv": [6.5, 7, 7, 6.5], "texture": "#2"},
				"west": {"uv": [3, 7.5, 3.5, 6.5], "texture": "#2"},
				"up": {"uv": [3, 7, 2, 6.5], "texture": "#2"},
				"down": {"uv": [3, 6.5, 2, 7], "texture": "#2"}
			}
		},
		{
			"name": "hexadecagon",
			"from": [6.32678, 3.32652, 7.86051],
			"to": [6.5799, 3.72932, 8.62644],
			"rotation": {"angle": -45, "axis": "z", "origin": [5.5, 3.59532, 8.21793]},
			"faces": {
				"north": {"uv": [6.5, 6.5, 7, 6], "texture": "#2"},
				"east": {"uv": [3.5, 7, 4.5, 6.5], "texture": "#2"},
				"south": {"uv": [6.5, 7, 7, 6.5], "texture": "#2"},
				"west": {"uv": [3.5, 7, 4.5, 6.5], "texture": "#2"},
				"up": {"uv": [5, 7.5, 4.5, 6.5], "texture": "#2"},
				"down": {"uv": [5, 6.5, 4.5, 7.5], "texture": "#2"}
			}
		},
		{
			"name": "hexadecagon",
			"from": [4.4201, 3.32652, 7.86051],
			"to": [4.67322, 3.72932, 8.62644],
			"rotation": {"angle": 45, "axis": "z", "origin": [5.5, 3.59532, 8.21793]},
			"faces": {
				"north": {"uv": [6.5, 6.5, 7, 6], "texture": "#2"},
				"east": {"uv": [3.5, 7, 4.5, 6.5], "texture": "#2"},
				"south": {"uv": [6.5, 6.5, 7, 6], "texture": "#2"},
				"west": {"uv": [3.5, 7, 4.5, 6.5], "texture": "#2"},
				"up": {"uv": [5, 7.5, 4.5, 6.5], "texture": "#2"},
				"down": {"uv": [5, 6.5, 4.5, 7.5], "texture": "#2"}
			}
		},
		{
			"name": "hexadecagon",
			"from": [4.45102, 3.30586, 7.86051],
			"to": [4.70415, 3.70865, 8.62813],
			"rotation": {"angle": 22.5, "axis": "z", "origin": [5.5, 3.59532, 8.21793]},
			"faces": {
				"north": {"uv": [6.5, 6.5, 7, 6], "texture": "#2"},
				"east": {"uv": [3, 7.5, 3.5, 6.5], "texture": "#2"},
				"south": {"uv": [6.5, 6.5, 7, 6], "texture": "#2"},
				"west": {"uv": [3, 7.5, 3.5, 6.5], "texture": "#2"},
				"up": {"uv": [3, 7, 2, 6.5], "texture": "#2"},
				"down": {"uv": [3, 6.5, 2, 7], "texture": "#2"}
			}
		},
		{
			"name": "hexadecagon",
			"from": [4.4875, 3.2986, 7.86051],
			"to": [4.74063, 3.7014, 8.62644],
			"rotation": {"angle": 0, "axis": "y", "origin": [5.5, 3.59532, 8.21793]},
			"faces": {
				"north": {"uv": [6.5, 6.5, 7, 6], "texture": "#2"},
				"east": {"uv": [3.5, 7, 4.5, 6.5], "texture": "#2"},
				"south": {"uv": [6.5, 6.5, 7, 6], "texture": "#2"},
				"west": {"uv": [3.5, 7, 4.5, 6.5], "texture": "#2"},
				"up": {"uv": [5, 7.5, 4.5, 6.5], "texture": "#2"},
				"down": {"uv": [5, 6.5, 4.5, 7.5], "texture": "#2"}
			}
		},
		{
			"name": "hexadecagon",
			"from": [4.52398, 3.30586, 7.86051],
			"to": [4.7771, 3.70865, 8.62813],
			"rotation": {"angle": -22.5, "axis": "z", "origin": [5.5, 3.59532, 8.21793]},
			"faces": {
				"north": {"uv": [6.5, 6.5, 7, 6], "texture": "#2"},
				"east": {"uv": [3, 7.5, 3.5, 6.5], "texture": "#2"},
				"south": {"uv": [6.5, 6.5, 7, 6], "texture": "#2"},
				"west": {"uv": [3, 7.5, 3.5, 6.5], "texture": "#2"},
				"up": {"uv": [3, 7, 2, 6.5], "texture": "#2"},
				"down": {"uv": [3, 6.5, 2, 7], "texture": "#2"}
			}
		},
		{
			"name": "hexadecagon",
			"from": [4.5549, 3.32652, 7.86051],
			"to": [4.80803, 3.72932, 8.62644],
			"rotation": {"angle": -45, "axis": "z", "origin": [5.5, 3.59532, 8.21793]},
			"faces": {
				"north": {"uv": [6.5, 6.5, 7, 6], "texture": "#2"},
				"east": {"uv": [3.5, 7, 4.5, 6.5], "texture": "#2"},
				"south": {"uv": [6.5, 6.5, 7, 6], "texture": "#2"},
				"west": {"uv": [3.5, 7, 4.5, 6.5], "texture": "#2"},
				"up": {"uv": [5, 7.5, 4.5, 6.5], "texture": "#2"},
				"down": {"uv": [5, 6.5, 4.5, 7.5], "texture": "#2"}
			}
		},
		{
			"name": "hexadecagon",
			"from": [5.26212, 4.26663, 7.86051],
			"to": [5.66492, 4.51976, 8.62813],
			"rotation": {"angle": 22.5, "axis": "z", "origin": [5.5, 3.59532, 8.21793]},
			"faces": {
				"north": {"uv": [6.5, 6, 7, 5.5], "texture": "#2"},
				"east": {"uv": [2, 7, 3, 6.5], "texture": "#2"},
				"south": {"uv": [6, 7, 6.5, 6.5], "texture": "#2"},
				"west": {"uv": [2, 7, 3, 6.5], "texture": "#2"},
				"up": {"uv": [3.5, 7.5, 3, 6.5], "texture": "#2"},
				"down": {"uv": [3.5, 6.5, 3, 7.5], "texture": "#2"}
			}
		},
		{
			"name": "hexadecagon",
			"from": [5.2986, 4.25938, 7.86051],
			"to": [5.7014, 4.5125, 8.62644],
			"rotation": {"angle": 0, "axis": "y", "origin": [5.5, 3.59532, 8.21793]},
			"faces": {
				"north": {"uv": [6.5, 6, 7, 5.5], "texture": "#2"},
				"east": {"uv": [4.5, 7.5, 5, 6.5], "texture": "#2"},
				"south": {"uv": [6, 7, 6.5, 6.5], "texture": "#2"},
				"west": {"uv": [4.5, 7.5, 5, 6.5], "texture": "#2"},
				"up": {"uv": [4.5, 7, 3.5, 6.5], "texture": "#2"},
				"down": {"uv": [4.5, 6.5, 3.5, 7], "texture": "#2"}
			}
		},
		{
			"name": "hexadecagon",
			"from": [5.33508, 4.26663, 7.86051],
			"to": [5.73788, 4.51976, 8.62813],
			"rotation": {"angle": -22.5, "axis": "z", "origin": [5.5, 3.59532, 8.21793]},
			"faces": {
				"north": {"uv": [6.5, 6, 7, 5.5], "texture": "#2"},
				"east": {"uv": [2, 7, 3, 6.5], "texture": "#2"},
				"south": {"uv": [6, 7, 6.5, 6.5], "texture": "#2"},
				"west": {"uv": [2, 7, 3, 6.5], "texture": "#2"},
				"up": {"uv": [3.5, 7.5, 3, 6.5], "texture": "#2"},
				"down": {"uv": [3.5, 6.5, 3, 7.5], "texture": "#2"}
			}
		},
		{
			"name": "hexadecagon",
			"from": [5.26212, 2.49476, 7.86051],
			"to": [5.66492, 2.74788, 8.62813],
			"rotation": {"angle": 22.5, "axis": "z", "origin": [5.5, 3.59532, 8.21793]},
			"faces": {
				"north": {"uv": [6.5, 6, 7, 5.5], "texture": "#2"},
				"east": {"uv": [2, 7, 3, 6.5], "texture": "#2"},
				"south": {"uv": [7, 0.5, 7.5, 0], "texture": "#2"},
				"west": {"uv": [2, 7, 3, 6.5], "texture": "#2"},
				"up": {"uv": [3.5, 7.5, 3, 6.5], "texture": "#2"},
				"down": {"uv": [3.5, 6.5, 3, 7.5], "texture": "#2"}
			}
		},
		{
			"name": "hexadecagon",
			"from": [5.2986, 2.4875, 7.86051],
			"to": [5.7014, 2.74063, 8.62644],
			"rotation": {"angle": 0, "axis": "y", "origin": [5.5, 3.59532, 8.21793]},
			"faces": {
				"north": {"uv": [6.5, 6, 7, 5.5], "texture": "#2"},
				"east": {"uv": [4.5, 7.5, 5, 6.5], "texture": "#2"},
				"south": {"uv": [7, 0.5, 7.5, 0], "texture": "#2"},
				"west": {"uv": [4.5, 7.5, 5, 6.5], "texture": "#2"},
				"up": {"uv": [4.5, 7, 3.5, 6.5], "texture": "#2"},
				"down": {"uv": [4.5, 6.5, 3.5, 7], "texture": "#2"}
			}
		},
		{
			"name": "hexadecagon",
			"from": [5.33508, 2.49476, 7.86051],
			"to": [5.73788, 2.74788, 8.62813],
			"rotation": {"angle": -22.5, "axis": "z", "origin": [5.5, 3.59532, 8.21793]},
			"faces": {
				"north": {"uv": [6.5, 6, 7, 5.5], "texture": "#2"},
				"east": {"uv": [2, 7, 3, 6.5], "texture": "#2"},
				"south": {"uv": [7, 0.5, 7.5, 0], "texture": "#2"},
				"west": {"uv": [2, 7, 3, 6.5], "texture": "#2"},
				"up": {"uv": [3.5, 7.5, 3, 6.5], "texture": "#2"},
				"down": {"uv": [3.5, 6.5, 3, 7.5], "texture": "#2"}
			}
		},
		{
			"from": [1.9275, 2.6775, 7.76294],
			"to": [4.0725, 4.8225, 8.70294],
			"rotation": {"angle": 0, "axis": "y", "origin": [3, 3.62291, 8.21076]},
			"faces": {
				"north": {"uv": [0, 0, 8, 8], "texture": "#0"},
				"east": {"uv": [0, 0, 0.375, 0.4375], "texture": "#0"},
				"south": {"uv": [0, 0, 8, 8], "texture": "#0"},
				"west": {"uv": [0, 0, 0.375, 0.4375], "texture": "#0"},
				"up": {"uv": [0.375, 0.4375, 0, 0], "rotation": 90, "texture": "#0"},
				"down": {"uv": [0.375, 0.4375, 0, 0], "rotation": 270, "texture": "#0"}
			}
		},
		{
			"from": [1.9275, 2.6775, 7.76294],
			"to": [4.0725, 4.8225, 8.70294],
			"rotation": {"angle": 0, "axis": "y", "origin": [3, 3.62291, 8.21076]},
			"faces": {
				"north": {"uv": [8, 0, 16, 8], "texture": "#0"},
				"east": {"uv": [0, 0, 0.375, 0.4375], "texture": "#0"},
				"south": {"uv": [8, 0, 16, 8], "texture": "#0"},
				"west": {"uv": [0, 0, 0.375, 0.4375], "texture": "#0"},
				"up": {"uv": [0.375, 0.4375, 0, 0], "rotation": 90, "texture": "#0"},
				"down": {"uv": [0.375, 0.4375, 0, 0], "rotation": 270, "texture": "#0"}
			}
		},
		{
			"from": [1.9275, 2.6775, 7.76294],
			"to": [4.0725, 4.8225, 8.70294],
			"rotation": {"angle": 0, "axis": "y", "origin": [3, 3.62291, 8.21076]},
			"faces": {
				"north": {"uv": [0, 8, 8, 16], "texture": "#0"},
				"east": {"uv": [0, 0, 0.375, 0.4375], "texture": "#0"},
				"south": {"uv": [0, 8, 8, 16], "texture": "#0"},
				"west": {"uv": [0, 0, 0.375, 0.4375], "texture": "#0"},
				"up": {"uv": [0.375, 0.4375, 0, 0], "rotation": 90, "texture": "#0"},
				"down": {"uv": [0.375, 0.4375, 0, 0], "rotation": 270, "texture": "#0"}
			}
		},
		{
			"from": [1.9275, 2.6775, 7.76294],
			"to": [4.0725, 4.8225, 8.70294],
			"rotation": {"angle": 0, "axis": "y", "origin": [3, 3.62291, 8.21076]},
			"faces": {
				"north": {"uv": [8, 8, 16, 16], "texture": "#0"},
				"east": {"uv": [0, 0, 0.375, 0.4375], "texture": "#0"},
				"south": {"uv": [8, 8, 16, 16], "texture": "#0"},
				"west": {"uv": [0, 0, 0.375, 0.4375], "texture": "#0"},
				"up": {"uv": [0.375, 0.4375, 0, 0], "rotation": 90, "texture": "#0"},
				"down": {"uv": [0.375, 0.4375, 0, 0], "rotation": 270, "texture": "#0"}
			}
		},
		{
			"from": [4.69562, 2.69563, 7.88207],
			"to": [6.30438, 4.30438, 8.58707],
			"rotation": {"angle": 0, "axis": "y", "origin": [5.5, 3.40468, 8.21793]},
			"faces": {
				"north": {"uv": [0, 0, 8, 8], "texture": "#0"},
				"east": {"uv": [0, 0, 0.375, 0.4375], "texture": "#0"},
				"south": {"uv": [0, 0, 8, 8], "texture": "#0"},
				"west": {"uv": [0, 0, 0.375, 0.4375], "texture": "#0"},
				"up": {"uv": [0.375, 0.4375, 0, 0], "rotation": 90, "texture": "#0"},
				"down": {"uv": [0.375, 0.4375, 0, 0], "rotation": 270, "texture": "#0"}
			}
		},
		{
			"from": [4.69562, 2.69563, 7.88207],
			"to": [6.30438, 4.30438, 8.58707],
			"rotation": {"angle": 0, "axis": "y", "origin": [5.5, 3.40468, 8.21793]},
			"faces": {
				"north": {"uv": [8, 0, 16, 8], "texture": "#0"},
				"east": {"uv": [0, 0, 0.375, 0.4375], "texture": "#0"},
				"south": {"uv": [8, 0, 16, 8], "texture": "#0"},
				"west": {"uv": [0, 0, 0.375, 0.4375], "texture": "#0"},
				"up": {"uv": [0.375, 0.4375, 0, 0], "rotation": 90, "texture": "#0"},
				"down": {"uv": [0.375, 0.4375, 0, 0], "rotation": 270, "texture": "#0"}
			}
		},
		{
			"from": [4.69562, 2.69563, 7.88207],
			"to": [6.30438, 4.30438, 8.58707],
			"rotation": {"angle": 0, "axis": "y", "origin": [5.5, 3.40468, 8.21793]},
			"faces": {
				"north": {"uv": [0, 8, 8, 16], "texture": "#0"},
				"east": {"uv": [0, 0, 0.375, 0.4375], "texture": "#0"},
				"south": {"uv": [0, 8, 8, 16], "texture": "#0"},
				"west": {"uv": [0, 0, 0.375, 0.4375], "texture": "#0"},
				"up": {"uv": [0.375, 0.4375, 0, 0], "rotation": 90, "texture": "#0"},
				"down": {"uv": [0.375, 0.4375, 0, 0], "rotation": 270, "texture": "#0"}
			}
		},
		{
			"from": [4.69562, 2.69563, 7.88207],
			"to": [6.30438, 4.30438, 8.58707],
			"rotation": {"angle": 0, "axis": "y", "origin": [5.5, 3.40468, 8.21793]},
			"faces": {
				"north": {"uv": [8, 8, 16, 16], "texture": "#0"},
				"east": {"uv": [0, 0, 0.375, 0.4375], "texture": "#0"},
				"south": {"uv": [8, 8, 16, 16], "texture": "#0"},
				"west": {"uv": [0, 0, 0.375, 0.4375], "texture": "#0"},
				"up": {"uv": [0.375, 0.4375, 0, 0], "rotation": 90, "texture": "#0"},
				"down": {"uv": [0.375, 0.4375, 0, 0], "rotation": 270, "texture": "#0"}
			}
		},
		{
			"from": [10, 2.99167, 7.78125],
			"to": [11, 3.99167, 9.03125],
			"rotation": {"angle": 0, "axis": "y", "origin": [10.375, 7.46757, 8.09375]},
			"faces": {
				"north": {"uv": [7, 3.5, 8, 4.5], "texture": "#2"},
				"east": {"uv": [8, 3.5, 7, 4.5], "texture": "#2"},
				"south": {"uv": [7, 3.5, 8, 4.5], "texture": "#2"},
				"west": {"uv": [7, 3.5, 8, 4.5], "texture": "#2"},
				"up": {"uv": [7, 3.5, 8, 4.5], "texture": "#2"},
				"down": {"uv": [7, 4.5, 8, 3.5], "texture": "#2"}
			}
		},
		{
			"from": [8.57222, 2.99167, 7.78125],
			"to": [9.57222, 3.99167, 9.03125],
			"rotation": {"angle": 0, "axis": "y", "origin": [9.94722, 7.46757, 8.09375]},
			"faces": {
				"north": {"uv": [7, 1.5, 8, 2.5], "texture": "#2"},
				"east": {"uv": [8, 1.5, 7, 2.5], "texture": "#2"},
				"south": {"uv": [7, 1.5, 8, 2.5], "texture": "#2"},
				"west": {"uv": [7, 1.5, 8, 2.5], "texture": "#2"},
				"up": {"uv": [7, 1.5, 8, 2.5], "texture": "#2"},
				"down": {"uv": [7, 2.5, 8, 1.5], "texture": "#2"}
			}
		},
		{
			"from": [7.14444, 2.99167, 7.78125],
			"to": [8.14444, 3.99167, 9.03125],
			"rotation": {"angle": 0, "axis": "y", "origin": [9.51944, 7.46757, 8.09375]},
			"faces": {
				"north": {"uv": [7, 0.5, 8, 1.5], "texture": "#2"},
				"east": {"uv": [8, 0.5, 7, 1.5], "texture": "#2"},
				"south": {"uv": [7, 0.5, 8, 1.5], "texture": "#2"},
				"west": {"uv": [7, 0.5, 8, 1.5], "texture": "#2"},
				"up": {"uv": [7, 0.5, 8, 1.5], "texture": "#2"},
				"down": {"uv": [7, 1.5, 8, 0.5], "texture": "#2"}
			}
		},
		{
			"from": [11.42778, 2.99167, 7.78125],
			"to": [12.42778, 3.99167, 9.03125],
			"rotation": {"angle": 0, "axis": "y", "origin": [10.80278, 7.46757, 8.09375]},
			"faces": {
				"north": {"uv": [8, 2.5, 9, 3.5], "texture": "#2"},
				"east": {"uv": [9, 2.5, 8, 3.5], "texture": "#2"},
				"south": {"uv": [8, 2.5, 9, 3.5], "texture": "#2"},
				"west": {"uv": [8, 2.5, 9, 3.5], "texture": "#2"},
				"up": {"uv": [8, 2.5, 9, 3.5], "texture": "#2"},
				"down": {"uv": [8, 3.5, 9, 2.5], "texture": "#2"}
			}
		},
		{
			"from": [12.85556, 2.99167, 7.78125],
			"to": [13.85556, 3.99167, 9.03125],
			"rotation": {"angle": 0, "axis": "y", "origin": [11.23056, 7.46757, 8.09375]},
			"faces": {
				"north": {"uv": [7, 2.5, 8, 3.5], "texture": "#2"},
				"east": {"uv": [8, 2.5, 7, 3.5], "texture": "#2"},
				"south": {"uv": [7, 2.5, 8, 3.5], "texture": "#2"},
				"west": {"uv": [7, 2.5, 8, 3.5], "texture": "#2"},
				"up": {"uv": [7, 3.5, 8, 2.5], "texture": "#2"},
				"down": {"uv": [7, 3.5, 8, 2.5], "texture": "#2"}
			}
		}
	],
	"gui_light": "front",
	"display": {
		"thirdperson_righthand": {
			"rotation": [1, 0, 0],
			"translation": [-2.5, 5.75, 0.25]
		},
		"thirdperson_lefthand": {
			"rotation": [1, 0, 0],
			"translation": [-2.5, 5.75, 0.25]
		},
		"firstperson_righthand": {
			"rotation": [1, -9, 0],
			"translation": [-1, 5, 0.25],
			"scale": [0.7, 0.7, 0.7]
		},
		"firstperson_lefthand": {
			"translation": [-9, 10, 0],
			"scale": [1.5, 1.5, 1.5]
		},
		"ground": {
			"rotation": [-70, 0, 0],
			"translation": [0, 2, 0],
			"scale": [0.5, 0.5, 0.5]
		},
		"gui": {
			"translation": [0, 0.5, 0],
			"scale": [1.1, 1.1, 1.1]
		},
		"head": {
			"rotation": [0, 180, 0],
			"translation": [0, 13, 7]
		},
		"fixed": {
			"rotation": [0, 180, 0],
			"translation": [-0.25, 0, 0]
		}
	},
	"groups": [
		0,
		1,
		2,
		3,
		4,
		5,
		6,
		7,
		{
			"name": "hexadecagon",
			"origin": [11.25, 8, 8.03125],
			"color": 0,
			"children": [8, 9, 10, 11, 12, 13, 14, 15, 16, 17, 18, 19, 20, 21, 22, 23]
		},
		{
			"name": "hexadecagon",
			"origin": [11.25, 8, 8.03125],
			"color": 0,
			"children": [24, 25, 26, 27, 28, 29, 30, 31, 32, 33, 34, 35, 36, 37, 38, 39]
		},
		{
			"name": "group",
			"origin": [11.25, 7.71757, 8.03125],
			"color": 0,
			"children": [40, 41, 42, 43]
		},
		{
			"name": "group",
			"origin": [11.25, 7.71757, 8.03125],
			"color": 0,
			"children": [44, 45, 46, 47]
		},
		48,
		49,
		50,
		51,
		52
	]
}