{
	"textures": {
		"0": "item/jewelry",
		"particle": "item/jewelry"
	},
	"elements": [
		{
			"from": [4, -0.5, 7.875],
			"to": [12, 5.5, 8.125],
			"rotation": {"angle": 22.5, "axis": "x", "origin": [8, 2.375, 8.875]},
			"faces": {
				"north": {"uv": [0.09167, 8.87917, 5.375, 14.6375], "texture": "#0"},
				"east": {"uv": [0, 0, 0.65417, 0.65417], "texture": "#0"},
				"south": {"uv": [0, 0, 0.65417, 0.65417], "texture": "#0"},
				"west": {"uv": [0, 0, 0.65417, 0.65417], "texture": "#0"},
				"up": {"uv": [0, 0, 0.65417, 0.65417], "texture": "#0"},
				"down": {"uv": [0, 0, 0.65417, 0.65417], "texture": "#0"}
			}
		},
		{
			"from": [5, 0.5, 8.125],
			"to": [11, 4.5, 8.375],
			"rotation": {"angle": 22.5, "axis": "x", "origin": [8, 2.375, 8.875]},
			"faces": {
				"north": {"uv": [1.2813, 3.07667, 1.27741, 3.06907], "texture": "#0"},
				"east": {"uv": [1.2813, 3.07667, 1.27741, 3.06907], "texture": "#0"},
				"south": {"uv": [1.2813, 3.07667, 1.27741, 3.06907], "texture": "#0"},
				"west": {"uv": [1.2813, 3.07667, 1.27741, 3.06907], "texture": "#0"},
				"up": {"uv": [1.2813, 3.07667, 1.27741, 3.06907], "texture": "#0"},
				"down": {"uv": [1.2813, 3.07667, 1.27741, 3.06907], "texture": "#0"}
			}
		},
		{
			"from": [7.75, 2.34436, 7.85623],
			"to": [8.25, 2.84436, 12.75067],
			"rotation": {"angle": 45, "axis": "x", "origin": [8, 2.375, 8.875]},
			"faces": {
				"north": {"uv": [1.2813, 3.07667, 1.27741, 3.06907], "texture": "#0"},
				"east": {"uv": [1.2813, 3.07667, 1.27741, 3.06907], "texture": "#0"},
				"south": {"uv": [1.2813, 3.07667, 1.27741, 3.06907], "texture": "#0"},
				"west": {"uv": [1.2813, 3.07667, 1.27741, 3.06907], "texture": "#0"},
				"up": {"uv": [1.2813, 3.07667, 1.27741, 3.06907], "texture": "#0"},
				"down": {"uv": [1.2813, 3.07667, 1.27741, 3.06907], "texture": "#0"}
			}
		}
	],
	"gui_light": "front",
	"display": {
		"thirdperson_righthand": {
			"translation": [0, 3, 1],
			"scale": [0.55, 0.55, 0.55]
		},
		"thirdperson_lefthand": {
			"translation": [0, 3, 1],
			"scale": [0.55, 0.55, 0.55]
		},
		"firstperson_righthand": {
			"rotation": [0, -90, 25],
			"translation": [1.13, 3.2, 1.13],
			"scale": [0.68, 0.68, 0.68]
		},
		"firstperson_lefthand": {
			"rotation": [0, -90, 25],
			"translation": [1.13, 3.2, 1.13],
			"scale": [0.68, 0.68, 0.68]
		},
		"ground": {
			"translation": [0, 2, 0],
			"scale": [0.5, 0.5, 0.5]
		},
		"gui": {
			"rotation": [0, 180, 0],
			"translation": [0, 10, 0],
			"scale": [2, 2, 2]
		},
		"head": {
			"rotation": [0, 180, 0],
			"translation": [0, 13, 7]
		}
	}
}