{
	"texture_size": [64, 64],
	"textures": {
		"0": "item/hat",
		"1": "item/hat_2",
		"particle": "item/hat_2"
	},
	"elements": [
		{
			"from": [8.70516, 8.45, 2.68878],
			"to": [12.98016, 10.25, 11.45878],
			"rotation": {"angle": 22.5, "axis": "z", "origin": [8.5, 7.59842, 7.10006]},
			"faces": {
				"north": {"uv": [0.5, 0.5, 3.48194, 1.7], "texture": "#0"},
				"east": {"uv": [3.75, 5.25, 9.86735, 6.45], "texture": "#0"},
				"south": {"uv": [0.5, 0.5, 3.48194, 1.7], "texture": "#0"},
				"west": {"uv": [0.5, 0.5, 6.61735, 1.7], "texture": "#0"},
				"up": {"uv": [0.5, 0.5, 3.48194, 6.34667], "texture": "#0"},
				"down": {"uv": [0.5, 0.5, 3.48194, 6.34667], "texture": "#0"}
			}
		},
		{
			"from": [3.01984, 8.45, 2.68878],
			"to": [7.29484, 10.25, 11.45878],
			"rotation": {"angle": -22.5, "axis": "z", "origin": [7.5, 7.59842, 7.10006]},
			"faces": {
				"north": {"uv": [0.5, 0.5, 3.48194, 1.7], "texture": "#0"},
				"east": {"uv": [0.5, 0.5, 6.61735, 1.7], "texture": "#0"},
				"south": {"uv": [0.5, 0.5, 3.48194, 1.7], "texture": "#0"},
				"west": {"uv": [3.75, 4.25, 9.86735, 5.45], "texture": "#0"},
				"up": {"uv": [0.5, 0.5, 3.48194, 6.34667], "texture": "#0"},
				"down": {"uv": [0.5, 0.5, 3.48194, 6.34667], "texture": "#0"}
			}
		},
		{
			"from": [3.275, 6.54685, 2.39802],
			"to": [12.725, 10.27185, 11.84802],
			"rotation": {"angle": 0, "axis": "y", "origin": [8, 7.84842, 7.10006]},
			"faces": {
				"north": {"uv": [5.5, 9, 12.09167, 11.48333], "texture": "#0"},
				"east": {"uv": [3.75, 5.25, 10.34167, 7.73333], "texture": "#0"},
				"south": {"uv": [5, 8.75, 11.59167, 11.23333], "texture": "#0"},
				"west": {"uv": [3.75, 4.25, 10.34167, 6.73333], "texture": "#0"},
				"up": {"uv": [0.5, 0.5, 7.09167, 6.8], "texture": "#0"},
				"down": {"uv": [0.5, 0.5, 7.09167, 6.8], "texture": "#0"}
			}
		},
		{
			"from": [3.18611, 6.54685, 2.30913],
			"to": [12.90278, 7.77185, 11.93691],
			"rotation": {"angle": 0, "axis": "y", "origin": [8, 7.84842, 7.10006]},
			"faces": {
				"north": {"uv": [9.75, 5, 12.05417, 5.24375], "texture": "#1"},
				"east": {"uv": [9.75, 5, 12.03194, 5.24375], "texture": "#1"},
				"south": {"uv": [9.75, 5, 12.05417, 5.24375], "texture": "#1"},
				"west": {"uv": [9.75, 5, 12.03194, 5.24375], "texture": "#1"},
				"up": {"uv": [9.75, 5, 9.80417, 5.21944], "texture": "#1"},
				"down": {"uv": [9.75, 5, 9.80417, 5.21944], "texture": "#1"}
			}
		},
		{
			"from": [4.775, 10.29685, 2.89802],
			"to": [10.725, 10.77185, 11.34802],
			"rotation": {"angle": 0, "axis": "y", "origin": [8, 8.34842, 7.10006]},
			"faces": {
				"north": {"uv": [0.5, 0.5, 4.65031, 0.81667], "texture": "#0"},
				"east": {"uv": [0.5, 0.5, 6.39414, 0.81667], "texture": "#0"},
				"south": {"uv": [0.5, 0.5, 4.65031, 0.81667], "texture": "#0"},
				"west": {"uv": [0.5, 0.5, 6.39414, 0.81667], "texture": "#0"},
				"up": {"uv": [0.5, 0.5, 4.65031, 6.13333], "texture": "#0"},
				"down": {"uv": [0.5, 0.5, 4.65031, 6.13333], "texture": "#0"}
			}
		},
		{
			"from": [-1.54594, 5.6568, 5.21383],
			"to": [0.47906, 6.5468, 9.03883],
			"rotation": {"angle": 45, "axis": "y", "origin": [8, 7.84842, 7.10006]},
			"faces": {
				"north": {"uv": [0.5, 0.5, 1.9125, 1.1], "texture": "#0"},
				"east": {"uv": [0.5, 0.5, 3.16806, 1.1], "texture": "#0"},
				"south": {"uv": [0.5, 0.5, 1.9125, 1.1], "texture": "#0"},
				"west": {"uv": [0.5, 0.5, 3.16806, 1.1], "texture": "#0"},
				"up": {"uv": [0.5, 0.5, 1.9125, 3.05], "texture": "#0"},
				"down": {"uv": [0.5, 0.5, 1.9125, 3.05], "texture": "#0"}
			}
		},
		{
			"from": [15.52094, 5.6568, 5.21383],
			"to": [17.54594, 6.5468, 9.03883],
			"rotation": {"angle": 45, "axis": "y", "origin": [8, 7.84842, 7.10006]},
			"faces": {
				"north": {"uv": [0.5, 0.5, 1.9125, 1.1], "texture": "#0"},
				"east": {"uv": [0.5, 0.5, 3.16806, 1.1], "texture": "#0"},
				"south": {"uv": [0.5, 0.5, 1.9125, 1.1], "texture": "#0"},
				"west": {"uv": [0.5, 0.5, 3.16806, 1.1], "texture": "#0"},
				"up": {"uv": [0.5, 0.5, 1.9125, 3.05], "texture": "#0"},
				"down": {"uv": [0.5, 0.5, 1.9125, 3.05], "texture": "#0"}
			}
		},
		{
			"from": [15.53484, 5.6568, 5.20145],
			"to": [17.55984, 6.5468, 9.02645],
			"rotation": {"angle": -45, "axis": "y", "origin": [8.01389, 6.09685, 7.11395]},
			"faces": {
				"north": {"uv": [0.5, 0.5, 1.9125, 1.1], "texture": "#0"},
				"east": {"uv": [0.5, 0.5, 3.16806, 1.1], "texture": "#0"},
				"south": {"uv": [0.5, 0.5, 1.9125, 1.1], "texture": "#0"},
				"west": {"uv": [0.5, 0.5, 3.16806, 1.1], "texture": "#0"},
				"up": {"uv": [0.5, 0.5, 1.9125, 3.05], "texture": "#0"},
				"down": {"uv": [0.5, 0.5, 1.9125, 3.05], "texture": "#0"}
			}
		},
		{
			"from": [-1.53205, 5.6568, 5.20145],
			"to": [0.49295, 6.5468, 9.02645],
			"rotation": {"angle": -45, "axis": "y", "origin": [8.01389, 6.09685, 7.11395]},
			"faces": {
				"north": {"uv": [0.5, 0.5, 1.9125, 1.1], "texture": "#0"},
				"east": {"uv": [0.5, 0.5, 3.16806, 1.1], "texture": "#0"},
				"south": {"uv": [0.5, 0.5, 1.9125, 1.1], "texture": "#0"},
				"west": {"uv": [0.5, 0.5, 3.16806, 1.1], "texture": "#0"},
				"up": {"uv": [0.5, 0.5, 1.9125, 3.05], "texture": "#0"},
				"down": {"uv": [0.5, 0.5, 1.9125, 3.05], "texture": "#0"}
			}
		},
		{
			"from": [-0.08376, 5.67185, 1.71629],
			"to": [16.11624, 6.54775, 12.51629],
			"rotation": {"angle": 0, "axis": "y", "origin": [8, 7.84842, 7.10006]},
			"faces": {
				"north": {"uv": [0.5, 0.5, 11.8, 1.1006], "texture": "#0"},
				"east": {"uv": [0.25, 5, 7.78333, 5.6006], "texture": "#0"},
				"south": {"uv": [0.5, 0.5, 11.8, 1.1006], "texture": "#0"},
				"west": {"uv": [0.5, 4, 8.03333, 4.6006], "texture": "#0"},
				"up": {"uv": [1.25, 3.25, 12.55, 10.45], "texture": "#0"},
				"down": {"uv": [0.5, 0.5, 11.8, 7.7], "texture": "#0"}
			}
		},
		{
			"from": [2.6, 5.64685, -0.97698],
			"to": [13.4, 6.53775, 15.22302],
			"rotation": {"angle": 0, "axis": "y", "origin": [8, 8.55135, 7.12302]},
			"faces": {
				"north": {"uv": [0.5, 3.75, 8.03333, 4.3506], "texture": "#0"},
				"east": {"uv": [0.5, 0.5, 11.8, 1.1006], "texture": "#0"},
				"south": {"uv": [0.75, 4.25, 8.28333, 4.8506], "texture": "#0"},
				"west": {"uv": [0.5, 0.5, 11.8, 1.1006], "texture": "#0"},
				"up": {"uv": [2.25, 3.25, 9.78333, 14.05], "texture": "#0"},
				"down": {"uv": [0.5, 3, 8.03333, 13.8], "texture": "#0"}
			}
		}
	],
	"gui_light": "front",
	"display": {
		"thirdperson_righthand": {
			"rotation": [75, 45, 0],
			"translation": [0, 2.5, 0],
			"scale": [0.5, 0.5, 0.5]
		},
		"thirdperson_lefthand": {
			"rotation": [75, 45, 0],
			"translation": [0, 2.5, 0],
			"scale": [0.5, 0.5, 0.5]
		},
		"firstperson_righthand": {
			"rotation": [0, 45, 0],
			"scale": [0.4, 0.4, 0.4]
		},
		"firstperson_lefthand": {
			"rotation": [0, 45, 0],
			"scale": [0.4, 0.4, 0.4]
		},
		"ground": {
			"scale": [0.5, 0.5, 0.5]
		},
		"gui": {
			"rotation": [30, 225, 0],
			"translation": [-0.5, 0, 0],
			"scale": [0.8, 0.8, 0.8]
		},
		"head": {
			"rotation": [9.5, 0, 0],
			"translation": [0, 4.75, 1.25],
			"scale": [1.45, 1.45, 1.45]
		}
	}
}