{
	"credit": "Made with Blockbench",
	"texture_size": [64, 64],
	"textures": {
		"0": "item/ironitem_6",
		"particle": "item/ironitem_6"
	},
	"elements": [
		{
			"from": [1, 0, 1],
			"to": [15, 2, 15],
			"rotation": {"angle": 0, "axis": "y", "origin": [7, 0, 7]},
			"faces": {
				"north": {"uv": [12.5, 3.75, 16, 4.25], "texture": "#0"},
				"east": {"uv": [12.5, 3.75, 16, 4.25], "texture": "#0"},
				"south": {"uv": [12.5, 3.75, 16, 4.25], "texture": "#0"},
				"west": {"uv": [12.5, 3.75, 16, 4.25], "texture": "#0"},
				"up": {"uv": [9.5, 3.5, 6, 0], "texture": "#0"},
				"down": {"uv": [9.5, 3.5, 6, 7], "texture": "#0"}
			}
		},
		{
			"from": [2, 2, 2],
			"to": [14, 21, 14],
			"rotation": {"angle": 0, "axis": "y", "origin": [7, 0, 7]},
			"faces": {
				"north": {"uv": [3, 0, 6, 4.75], "texture": "#0"},
				"east": {"uv": [0, 0, 3, 4.75], "texture": "#0"},
				"south": {"uv": [3, 4.75, 6, 9.5], "texture": "#0"},
				"west": {"uv": [0, 4.75, 3, 9.5], "texture": "#0"},
				"up": {"uv": [12.5, 3, 9.5, 0], "texture": "#0"},
				"down": {"uv": [12.5, 3, 9.5, 6], "texture": "#0"}
			}
		},
		{
			"from": [3, 21, 3],
			"to": [13, 30, 13],
			"rotation": {"angle": 0, "axis": "y", "origin": [7, 0, 7]},
			"faces": {
				"north": {"uv": [2.5, 13, 5, 15.25], "texture": "#0"},
				"east": {"uv": [7.5, 13, 10, 15.25], "texture": "#0"},
				"south": {"uv": [5, 13, 7.5, 15.25], "texture": "#0"},
				"west": {"uv": [0, 13, 2.5, 15.25], "texture": "#0"},
				"up": {"uv": [6, 12, 3.5, 9.5], "texture": "#0"},
				"down": {"uv": [8.5, 10.5, 6, 13], "texture": "#0"}
			}
		},
		{
			"from": [2, 30, 2],
			"to": [14, 31, 14],
			"rotation": {"angle": 0, "axis": "y", "origin": [7, 0, 7]},
			"faces": {
				"north": {"uv": [12.5, 5.25, 15.5, 5.5], "texture": "#0"},
				"east": {"uv": [12.5, 5.25, 15.5, 5.5], "texture": "#0"},
				"south": {"uv": [12.5, 5.25, 15.5, 5.5], "texture": "#0"},
				"west": {"uv": [12.5, 5.25, 15.5, 5.5], "texture": "#0"},
				"up": {"uv": [12.5, 9, 9.5, 6], "texture": "#0"},
				"down": {"uv": [12.5, 9, 9.5, 12], "texture": "#0"}
			}
		},
		{
			"from": [1, 31, 1],
			"to": [15, 32, 15],
			"rotation": {"angle": 0, "axis": "y", "origin": [7, 0, 7]},
			"faces": {
				"north": {"uv": [12.5, 5, 16, 5.25], "texture": "#0"},
				"east": {"uv": [12.5, 5, 16, 5.25], "texture": "#0"},
				"south": {"uv": [12.5, 5, 16, 5.25], "texture": "#0"},
				"west": {"uv": [12.5, 5, 16, 5.25], "texture": "#0"},
				"up": {"uv": [9.5, 10.5, 6, 7], "texture": "#0"},
				"down": {"uv": [3.5, 9.5, 0, 13], "texture": "#0"}
			}
		}
	],
	"display": {
		"firstperson_righthand": {
			"translation": [1, -1.25, 0],
			"scale": [0.25, 0.25, 0.25]
		},
		"firstperson_lefthand": {
			"translation": [1, -1.25, 0],
			"scale": [0.25, 0.25, 0.25]
		},
		"ground": {
			"translation": [0, 1.75, 0],
			"scale": [0.25, 0.25, 0.25]
		},
		"gui": {
			"rotation": [15, 130, 0],
			"translation": [0, -3.25, 0],
			"scale": [0.4, 0.4, 0.4]
		}
	},
	"groups": [
		{
			"name": "all",
			"origin": [8, 8, 8],
			"color": 0,
			"nbt": "{}",
			"children": [0, 1, 2, 3, 4]
		}
	]
}