{
	"credit": "Made with Blockbench",
	"texture_size": [128, 128],
	"textures": {
		"1": "item/ironitem_3"
	},
	"elements": [
		{
			"from": [-12, 8, 0],
			"to": [28, 8, 16],
			"rotation": {"angle": 0, "axis": "y", "origin": [0, 6, 0]},
			"faces": {
				"north": {"uv": [0, 0, 5, 0], "texture": "#1"},
				"east": {"uv": [0, 0, 2, 0], "texture": "#1"},
				"south": {"uv": [0, 0, 5, 0], "texture": "#1"},
				"west": {"uv": [0, 0, 2, 0], "texture": "#1"},
				"up": {"uv": [5, 2, 0, 0], "texture": "#1"},
				"down": {"uv": [5, 0, 0, 2], "texture": "#1"}
			}
		},
		{
			"from": [-12, 8, 16],
			"to": [28, 22, 16],
			"rotation": {"angle": 0, "axis": "y", "origin": [0, 6, 0]},
			"faces": {
				"north": {"uv": [0, 4, 5, 5.75], "texture": "#1"},
				"east": {"uv": [0, 0, 0, 1.75], "texture": "#1"},
				"south": {"uv": [5, 4, 0, 5.75], "texture": "#1"},
				"west": {"uv": [0, 0, 0, 1.75], "texture": "#1"},
				"up": {"uv": [5, 0, 0, 0], "texture": "#1"},
				"down": {"uv": [5, 0, 0, 0], "texture": "#1"}
			}
		},
		{
			"from": [-12, 0, 14],
			"to": [-10, 15, 16],
			"rotation": {"angle": 0, "axis": "y", "origin": [0, 6, 14]},
			"faces": {
				"north": {"uv": [5, 1.75, 5.25, 3.625], "texture": "#1"},
				"east": {"uv": [5, 3.625, 5.25, 5.5], "texture": "#1"},
				"south": {"uv": [5.25, 1.75, 5.5, 3.625], "texture": "#1"},
				"west": {"uv": [5.25, 3.625, 5.5, 5.5], "texture": "#1"},
				"up": {"uv": [6, 2, 5.75, 1.75], "texture": "#1"},
				"down": {"uv": [2.25, 5.75, 2, 6], "texture": "#1"}
			}
		},
		{
			"from": [-12, 13, 2],
			"to": [-10, 15, 14],
			"rotation": {"angle": 0, "axis": "y", "origin": [0, 6, 0]},
			"faces": {
				"north": {"uv": [5.75, 2, 6, 2.25], "texture": "#1"},
				"east": {"uv": [5.5, 5.5, 7, 5.75], "texture": "#1"},
				"south": {"uv": [2.25, 5.75, 2.5, 6], "texture": "#1"},
				"west": {"uv": [0, 5.75, 1.5, 6], "texture": "#1"},
				"up": {"uv": [1.75, 7.25, 1.5, 5.75], "texture": "#1"},
				"down": {"uv": [2, 5.75, 1.75, 7.25], "texture": "#1"}
			}
		},
		{
			"from": [-12, 0, 0],
			"to": [-10, 15, 2],
			"rotation": {"angle": 0, "axis": "y", "origin": [0, 6, 0]},
			"faces": {
				"north": {"uv": [5.5, 1.75, 5.75, 3.625], "texture": "#1"},
				"east": {"uv": [5.5, 3.625, 5.75, 5.5], "texture": "#1"},
				"south": {"uv": [5, 5.5, 5.25, 7.375], "texture": "#1"},
				"west": {"uv": [5.25, 5.5, 5.5, 7.375], "texture": "#1"},
				"up": {"uv": [6, 2.5, 5.75, 2.25], "texture": "#1"},
				"down": {"uv": [2.75, 5.75, 2.5, 6], "texture": "#1"}
			}
		},
		{
			"from": [26, 0, 14],
			"to": [28, 15, 16],
			"rotation": {"angle": 0, "axis": "y", "origin": [38, 6, 14]},
			"faces": {
				"north": {"uv": [5, 1.75, 5.25, 3.625], "texture": "#1"},
				"east": {"uv": [5, 3.625, 5.25, 5.5], "texture": "#1"},
				"south": {"uv": [5.25, 1.75, 5.5, 3.625], "texture": "#1"},
				"west": {"uv": [5.25, 3.625, 5.5, 5.5], "texture": "#1"},
				"up": {"uv": [6, 2, 5.75, 1.75], "texture": "#1"},
				"down": {"uv": [2.25, 5.75, 2, 6], "texture": "#1"}
			}
		},
		{
			"from": [26, 13, 2],
			"to": [28, 15, 14],
			"rotation": {"angle": 0, "axis": "y", "origin": [38, 6, 0]},
			"faces": {
				"north": {"uv": [5.75, 2, 6, 2.25], "texture": "#1"},
				"east": {"uv": [5.5, 5.5, 7, 5.75], "texture": "#1"},
				"south": {"uv": [2.25, 5.75, 2.5, 6], "texture": "#1"},
				"west": {"uv": [0, 5.75, 1.5, 6], "texture": "#1"},
				"up": {"uv": [1.75, 7.25, 1.5, 5.75], "texture": "#1"},
				"down": {"uv": [2, 5.75, 1.75, 7.25], "texture": "#1"}
			}
		},
		{
			"from": [26, 0, 0],
			"to": [28, 15, 2],
			"rotation": {"angle": 0, "axis": "y", "origin": [38, 6, 0]},
			"faces": {
				"north": {"uv": [5.5, 1.75, 5.75, 3.625], "texture": "#1"},
				"east": {"uv": [5.5, 3.625, 5.75, 5.5], "texture": "#1"},
				"south": {"uv": [5, 5.5, 5.25, 7.375], "texture": "#1"},
				"west": {"uv": [5.25, 5.5, 5.5, 7.375], "texture": "#1"},
				"up": {"uv": [6, 2.5, 5.75, 2.25], "texture": "#1"},
				"down": {"uv": [2.75, 5.75, 2.5, 6], "texture": "#1"}
			}
		}
	],
	"gui_light": "front",
	"display": {
		"firstperson_righthand": {
			"translation": [0, 0.75, 0],
			"scale": [0.25, 0.25, 0.25]
		},
		"firstperson_lefthand": {
			"translation": [0, 0.75, 0],
			"scale": [0.25, 0.25, 0.25]
		},
		"ground": {
			"translation": [0, 1.5, 0],
			"scale": [0.25, 0.25, 0.25]
		},
		"gui": {
			"rotation": [13, 156, 0],
			"translation": [0, -2, 0],
			"scale": [0.35, 0.35, 0.35]
		}
	},
	"groups": [
		{
			"name": "all",
			"origin": [8, 8, 8],
			"color": 0,
			"nbt": "{}",
			"children": [
				0,
				1,
				{
					"name": "group",
					"origin": [0, 6, 0],
					"color": 0,
					"nbt": "{}",
					"children": [2, 3, 4]
				},
				{
					"name": "group",
					"origin": [0, 6, 0],
					"color": 0,
					"nbt": "{}",
					"children": [5, 6, 7]
				}
			]
		}
	]
}