{
	"credit": "Made with Blockbench",
	"texture_size": [64, 64],
	"textures": {
		"1": "item/ironitem_2"
	},
	"elements": [
		{
			"from": [1, 0, 1],
			"to": [15, 18, 15],
			"rotation": {"angle": 0, "axis": "y", "origin": [7, 0, 0]},
			"faces": {
				"north": {"uv": [0, 0, 3.5, 4.5], "texture": "#1"},
				"east": {"uv": [0, 0, 3.5, 4.5], "texture": "#1"},
				"south": {"uv": [0, 0, 3.5, 4.5], "texture": "#1"},
				"west": {"uv": [0, 0, 3.5, 4.5], "texture": "#1"},
				"up": {"uv": [11, 3.5, 7.5, 0], "texture": "#1"},
				"down": {"uv": [3.5, 4.5, 0, 8], "texture": "#1"}
			}
		},
		{
			"from": [0, 18, 0],
			"to": [16, 22, 16],
			"rotation": {"angle": 0, "axis": "y", "origin": [7, 0, 0]},
			"faces": {
				"north": {"uv": [7.5, 3.5, 11.5, 4.5], "texture": "#1"},
				"east": {"uv": [7.5, 3.5, 11.5, 4.5], "texture": "#1"},
				"south": {"uv": [7.5, 3.5, 11.5, 4.5], "texture": "#1"},
				"west": {"uv": [7.5, 3.5, 11.5, 4.5], "texture": "#1"},
				"up": {"uv": [7.5, 4, 3.5, 0], "texture": "#1"},
				"down": {"uv": [7.5, 4, 3.5, 8], "texture": "#1"}
			}
		},
		{
			"from": [4, 22, 4],
			"to": [12, 24, 12],
			"rotation": {"angle": 0, "axis": "y", "origin": [7, 0, 0]},
			"faces": {
				"north": {"uv": [0, 8, 2, 8.5], "texture": "#1"},
				"east": {"uv": [0, 8, 2, 8.5], "texture": "#1"},
				"south": {"uv": [0, 8, 2, 8.5], "texture": "#1"},
				"west": {"uv": [0, 8, 2, 8.5], "texture": "#1"},
				"up": {"uv": [6, 11.5, 4, 9.5], "texture": "#1"},
				"down": {"uv": [9.5, 4.5, 7.5, 6.5], "texture": "#1"}
			}
		},
		{
			"from": [4, 24, 8],
			"to": [12, 28, 8],
			"rotation": {"angle": 0, "axis": "y", "origin": [7, 0, 0]},
			"faces": {
				"north": {"uv": [11, 0, 13, 1], "texture": "#1"},
				"east": {"uv": [0, 0, 0, 1], "texture": "#1"},
				"south": {"uv": [13, 0, 11, 1], "texture": "#1"},
				"west": {"uv": [0, 0, 0, 1], "texture": "#1"},
				"up": {"uv": [2, 0, 0, 0], "texture": "#1"},
				"down": {"uv": [2, 0, 0, 0], "texture": "#1"}
			}
		}
	],
	"display": {
		"firstperson_righthand": {
			"translation": [0, -7.5, 0],
			"scale": [0.5, 0.5, 0.5]
		},
		"firstperson_lefthand": {
			"translation": [0, 8, 0]
		},
		"ground": {
			"translation": [0, 1.25, 0],
			"scale": [0.25, 0.25, 0.25]
		},
		"gui": {
			"rotation": [26, 30, 0],
			"translation": [0, -1.75, 0],
			"scale": [0.5, 0.5, 0.5]
		}
	},
	"groups": [
		{
			"name": "all",
			"origin": [8, 8, 8],
			"color": 0,
			"nbt": "{}",
			"children": [0, 1, 2, 3]
		}
	]
}