{
	"credit": "Made with Blockbench",
	"texture_size": [128, 128],
	"textures": {
		"1": "item/ironitem_5"
	},
	"elements": [
		{
			"from": [7, -16, 7],
			"to": [9, 32, 9],
			"rotation": {"angle": 0, "axis": "y", "origin": [7, 0, 7]},
			"faces": {
				"north": {"uv": [0, 2.5, 0.25, 8.5], "texture": "#1"},
				"east": {"uv": [2.5, 0, 2.75, 6], "texture": "#1"},
				"south": {"uv": [0.25, 2.5, 0.5, 8.5], "texture": "#1"},
				"west": {"uv": [0.5, 2.5, 0.75, 8.5], "texture": "#1"},
				"up": {"uv": [3, 1.125, 2.75, 0.875], "texture": "#1"},
				"down": {"uv": [3, 1.125, 2.75, 1.375], "texture": "#1"}
			}
		},
		{
			"from": [3, 21, 6],
			"to": [13, 31, 7],
			"rotation": {"angle": 0, "axis": "y", "origin": [7, 0, 7]},
			"faces": {
				"north": {"uv": [0, 0, 1.25, 1.25], "texture": "#1"},
				"east": {"uv": [2, 2.5, 2.125, 3.75], "texture": "#1"},
				"south": {"uv": [0, 1.25, 1.25, 2.5], "texture": "#1"},
				"west": {"uv": [2.125, 2.5, 2.25, 3.75], "texture": "#1"},
				"up": {"uv": [4, 0.625, 2.75, 0.5], "texture": "#1"},
				"down": {"uv": [4, 0.625, 2.75, 0.75], "texture": "#1"}
			}
		},
		{
			"from": [3, 10, 6],
			"to": [13, 20, 7],
			"rotation": {"angle": 0, "axis": "y", "origin": [7, -10, 7]},
			"faces": {
				"north": {"uv": [1.25, 0, 2.5, 1.25], "texture": "#1"},
				"east": {"uv": [2.25, 2.5, 2.375, 3.75], "texture": "#1"},
				"south": {"uv": [1.25, 1.25, 2.5, 2.5], "texture": "#1"},
				"west": {"uv": [2.375, 2.5, 2.5, 3.75], "texture": "#1"},
				"up": {"uv": [2, 2.875, 0.75, 2.75], "texture": "#1"},
				"down": {"uv": [4, 0.75, 2.75, 0.875], "texture": "#1"}
			}
		},
		{
			"from": [3, 5, 6],
			"to": [13, 7, 7],
			"rotation": {"angle": 0, "axis": "y", "origin": [7, -12, 7]},
			"faces": {
				"north": {"uv": [0.75, 2.5, 2, 2.75], "texture": "#1"},
				"east": {"uv": [2.75, 1.375, 2.875, 1.625], "texture": "#1"},
				"south": {"uv": [2.75, 0, 4, 0.25], "texture": "#1"},
				"west": {"uv": [2.75, 1.625, 2.875, 1.875], "texture": "#1"},
				"up": {"uv": [4, 0.375, 2.75, 0.25], "texture": "#1"},
				"down": {"uv": [4, 0.375, 2.75, 0.5], "texture": "#1"}
			}
		}
	],
	"display": {
		"firstperson_righthand": {
			"translation": [1, 2.25, 0],
			"scale": [0.25, 0.25, 0.25]
		},
		"firstperson_lefthand": {
			"translation": [1, 2.25, 0],
			"scale": [0.25, 0.25, 0.25]
		},
		"ground": {
			"translation": [0, 5.5, 0],
			"scale": [0.25, 0.25, 0.25]
		},
		"gui": {
			"rotation": [14, 140, 0],
			"translation": [0, -0.25, 0],
			"scale": [0.3, 0.3, 0.3]
		},
		"head": {
			"translation": [0, 30.25, 0]
		}
	},
	"groups": [
		{
			"name": "all",
			"origin": [8, 8, 8],
			"color": 0,
			"nbt": "{}",
			"children": [0, 1, 2, 3]
		}
	]
}