{
	"credit": "Made with Blockbench",
	"texture_size": [64, 64],
	"textures": {
		"0": "item/ironitem_1",
		"particle": "item/ironitem_1"
	},
	"elements": [
		{
			"from": [6, 0, -2],
			"to": [10, 4, 27],
			"rotation": {"angle": 0, "axis": "y", "origin": [7, 0, 0]},
			"faces": {
				"north": {"uv": [3.5, 6, 4.5, 7], "texture": "#0"},
				"east": {"uv": [0, 0, 7.25, 1], "texture": "#0"},
				"south": {"uv": [6, 5.5, 7, 6.5], "texture": "#0"},
				"west": {"uv": [0, 1, 7.25, 2], "texture": "#0"},
				"up": {"uv": [1, 9.25, 0, 2], "texture": "#0"},
				"down": {"uv": [2, 2, 1, 9.25], "texture": "#0"}
			}
		},
		{
			"from": [10, 0, 23],
			"to": [15, 4, 27],
			"rotation": {"angle": 0, "axis": "y", "origin": [7, 0, 0]},
			"faces": {
				"north": {"uv": [3.5, 5, 4.75, 6], "texture": "#0"},
				"east": {"uv": [6.25, 3.5, 7.25, 4.5], "texture": "#0"},
				"south": {"uv": [5, 3.5, 6.25, 4.5], "texture": "#0"},
				"west": {"uv": [6.25, 4.5, 7.25, 5.5], "texture": "#0"},
				"up": {"uv": [6.25, 5.5, 5, 4.5], "texture": "#0"},
				"down": {"uv": [6, 5.5, 4.75, 6.5], "texture": "#0"}
			}
		},
		{
			"from": [15, -1, 22],
			"to": [17, 5, 28],
			"rotation": {"angle": 0, "axis": "y", "origin": [7, 0, 0]},
			"faces": {
				"north": {"uv": [2, 6.5, 2.5, 8], "texture": "#0"},
				"east": {"uv": [2, 2, 3.5, 3.5], "texture": "#0"},
				"south": {"uv": [6.5, 2, 7, 3.5], "texture": "#0"},
				"west": {"uv": [2, 3.5, 3.5, 5], "texture": "#0"},
				"up": {"uv": [3, 8, 2.5, 6.5], "texture": "#0"},
				"down": {"uv": [3.5, 6.5, 3, 8], "texture": "#0"}
			}
		},
		{
			"from": [5, -1, -3],
			"to": [11, 5, -1],
			"rotation": {"angle": 0, "axis": "y", "origin": [7, 0, -1]},
			"faces": {
				"north": {"uv": [3.5, 2, 5, 3.5], "texture": "#0"},
				"east": {"uv": [4.5, 6.5, 5, 8], "texture": "#0"},
				"south": {"uv": [3.5, 3.5, 5, 5], "texture": "#0"},
				"west": {"uv": [5, 6.5, 5.5, 8], "texture": "#0"},
				"up": {"uv": [7, 7, 5.5, 6.5], "texture": "#0"},
				"down": {"uv": [8.5, 2, 7, 2.5], "texture": "#0"}
			}
		},
		{
			"from": [5, -1, 18],
			"to": [11, 5, 20],
			"rotation": {"angle": 0, "axis": "y", "origin": [7, 0, 20]},
			"faces": {
				"north": {"uv": [2, 5, 3.5, 6.5], "texture": "#0"},
				"east": {"uv": [3.5, 7, 4, 8.5], "texture": "#0"},
				"south": {"uv": [5, 2, 6.5, 3.5], "texture": "#0"},
				"west": {"uv": [4, 7, 4.5, 8.5], "texture": "#0"},
				"up": {"uv": [8.5, 3, 7, 2.5], "texture": "#0"},
				"down": {"uv": [8.5, 3, 7, 3.5], "texture": "#0"}
			}
		}
	],
	"display": {
		"thirdperson_righthand": {
			"translation": [0, 8, 0]
		},
		"thirdperson_lefthand": {
			"translation": [0, 8, 0]
		},
		"ground": {
			"translation": [0, 3.25, 0],
			"scale": [0.5, 0.5, 0.5]
		},
		"gui": {
			"rotation": [30, 134, 0],
			"translation": [-1.25, 0, 0],
			"scale": [0.5, 0.5, 0.5]
		}
	},
	"groups": [
		{
			"name": "all",
			"origin": [8, 8, 8],
			"color": 0,
			"nbt": "{}",
			"children": [0, 1, 2, 3, 4]
		}
	]
}