{
	"credit": "Made with Blockbench",
	"texture_size": [32, 32],
	"textures": {
		"1": "item/ironitem_4",
		"particle": "item/ironitem_4"
	},
	"elements": [
		{
			"from": [4, 0, 4],
			"to": [12, 4, 12],
			"rotation": {"angle": 0, "axis": "y", "origin": [7, 0, 7]},
			"faces": {
				"north": {"uv": [7, 5, 11, 7], "texture": "#1"},
				"east": {"uv": [7, 7, 11, 9], "texture": "#1"},
				"south": {"uv": [0, 8, 4, 10], "texture": "#1"},
				"west": {"uv": [7, 9, 11, 11], "texture": "#1"},
				"up": {"uv": [4, 4, 0, 0], "texture": "#1"},
				"down": {"uv": [4, 4, 0, 8], "texture": "#1"}
			}
		},
		{
			"from": [12, 0, 1],
			"to": [15, 5, 12],
			"rotation": {"angle": 0, "axis": "y", "origin": [8, 0, 8]},
			"faces": {
				"north": {"uv": [0, 10, 1.5, 12.5], "texture": "#1"},
				"east": {"uv": [4, 0, 9.5, 2.5], "texture": "#1"},
				"south": {"uv": [10, 0, 11.5, 2.5], "texture": "#1"},
				"west": {"uv": [4, 2.5, 9.5, 5], "texture": "#1"},
				"up": {"uv": [5.5, 10.5, 4, 5], "texture": "#1"},
				"down": {"uv": [7, 5, 5.5, 10.5], "texture": "#1"}
			}
		},
		{
			"from": [4, 0, 12],
			"to": [15, 5, 15],
			"rotation": {"angle": 0, "axis": "y", "origin": [8, 0, 8]},
			"faces": {
				"north": {"uv": [4, 2.5, 9.5, 5], "texture": "#1"},
				"east": {"uv": [0, 10, 1.5, 12.5], "texture": "#1"},
				"south": {"uv": [4, 0, 9.5, 2.5], "texture": "#1"},
				"west": {"uv": [10, 0, 11.5, 2.5], "texture": "#1"},
				"up": {"uv": [5.5, 10.5, 4, 5], "rotation": 90, "texture": "#1"},
				"down": {"uv": [7, 5, 5.5, 10.5], "rotation": 270, "texture": "#1"}
			}
		},
		{
			"from": [1, 0, 4],
			"to": [4, 5, 15],
			"rotation": {"angle": 0, "axis": "y", "origin": [8, 0, 8]},
			"faces": {
				"north": {"uv": [10, 0, 11.5, 2.5], "texture": "#1"},
				"east": {"uv": [4, 2.5, 9.5, 5], "texture": "#1"},
				"south": {"uv": [0, 10, 1.5, 12.5], "texture": "#1"},
				"west": {"uv": [4, 0, 9.5, 2.5], "texture": "#1"},
				"up": {"uv": [5.5, 10.5, 4, 5], "rotation": 180, "texture": "#1"},
				"down": {"uv": [7, 5, 5.5, 10.5], "rotation": 180, "texture": "#1"}
			}
		},
		{
			"from": [1, 0, 1],
			"to": [12, 5, 4],
			"rotation": {"angle": 0, "axis": "y", "origin": [8, 0, 8]},
			"faces": {
				"north": {"uv": [4, 0, 9.5, 2.5], "texture": "#1"},
				"east": {"uv": [10, 0, 11.5, 2.5], "texture": "#1"},
				"south": {"uv": [4, 2.5, 9.5, 5], "texture": "#1"},
				"west": {"uv": [0, 10, 1.5, 12.5], "texture": "#1"},
				"up": {"uv": [5.5, 10.5, 4, 5], "rotation": 270, "texture": "#1"},
				"down": {"uv": [7, 5, 5.5, 10.5], "rotation": 90, "texture": "#1"}
			}
		}
	],
	"display": {
		"thirdperson_righthand": {
			"translation": [0, 5.25, 0]
		},
		"thirdperson_lefthand": {
			"translation": [0, 5.25, 0]
		},
		"ground": {
			"translation": [0, 1.75, 0],
			"scale": [0.3, 0.3, 0.3]
		},
		"gui": {
			"rotation": [35, 18, 0],
			"translation": [0, 3.5, 0],
			"scale": [0.75, 0.75, 0.75]
		}
	},
	"groups": [
		{
			"name": "all",
			"origin": [8, 8, 8],
			"color": 0,
			"nbt": "{}",
			"children": [
				0,
				{
					"name": "copy",
					"origin": [8, 0, 8],
					"color": 0,
					"nbt": "{}",
					"children": [1]
				},
				{
					"name": "copy",
					"origin": [8, 0, 8],
					"color": 0,
					"nbt": "{}",
					"children": [2]
				},
				{
					"name": "copy",
					"origin": [8, 0, 8],
					"color": 0,
					"nbt": "{}",
					"children": [3]
				},
				{
					"name": "copy",
					"origin": [8, 0, 8],
					"color": 0,
					"nbt": "{}",
					"children": [4]
				}
			]
		}
	]
}