{
	"textures": {
		"0": "item/keypad",
		"particle": "item/keypad"
	},
	"elements": [
		{
			"from": [0, 0, 7.75],
			"to": [16, 19, 8.25],
			"rotation": {"angle": 0, "axis": "y", "origin": [0, 0, 7.75]},
			"faces": {
				"north": {"uv": [0, 0, 16, 16], "texture": "#0"},
				"east": {"uv": [1.9375, 0.71875, 0.96875, 1.95313], "texture": "#0"},
				"south": {"uv": [1.9375, 0.71875, 0.96875, 1.95313], "texture": "#0"},
				"west": {"uv": [1.9375, 0.71875, 0.96875, 1.95313], "texture": "#0"},
				"up": {"uv": [0.96875, 1.95313, 1.9375, 0.71875], "texture": "#0"},
				"down": {"uv": [0.96875, 1.95313, 1.9375, 0.71875], "texture": "#0"}
			}
		},
		{
			"from": [-0.5, -0.5, 8.25],
			"to": [16.5, 19.5, 9.5],
			"rotation": {"angle": 0, "axis": "y", "origin": [0, 0, 8]},
			"faces": {
				"north": {"uv": [0, 0, 16, 4.75], "texture": "#0"},
				"east": {"uv": [1.46875, 0.09375, 1.14063, 0.32813], "texture": "#0"},
				"south": {"uv": [1.46875, 0.09375, 1.14063, 0.32813], "texture": "#0"},
				"west": {"uv": [1.46875, 0.09375, 1.14063, 0.32813], "texture": "#0"},
				"up": {"uv": [1.14063, 0.32813, 1.46875, 0.09375], "texture": "#0"},
				"down": {"uv": [1.14063, 0.32813, 1.46875, 0.09375], "texture": "#0"}
			}
		}
	],
	"gui_light": "front",
	"display": {
		"thirdperson_righthand": {
			"rotation": [0, 180, 0],
			"translation": [0, 3, 1],
			"scale": [0.55, 0.55, 0.55]
		},
		"thirdperson_lefthand": {
			"rotation": [0, 180, 0],
			"translation": [0, 3, 1],
			"scale": [0.55, 0.55, 0.55]
		},
		"firstperson_righthand": {
			"rotation": [0, 90, 25],
			"translation": [1.13, 3.2, 1.13],
			"scale": [0.68, 0.68, 0.68]
		},
		"firstperson_lefthand": {
			"rotation": [0, 90, 25],
			"translation": [1.13, 3.2, 1.13],
			"scale": [0.68, 0.68, 0.68]
		},
		"ground": {
			"translation": [0, 2, 0],
			"scale": [0.5, 0.5, 0.5]
		},
		"gui": {
			"rotation": [0, 180, 0],
			"translation": [0, -1.25, 0],
			"scale": [0.8, 0.8, 0.8]
		},
		"head": {
			"rotation": [0, 180, 0],
			"translation": [0, 13, 7]
		}
	}
}