{
	"textures": {
		"0": "item/mystery/mystery5_1",
		"particle": "item/mystery/mystery5_1"
	},
	"elements": [
		{
			"from": [-1, 0, 7.95],
			"to": [17, 18, 8.05],
			"rotation": {"angle": 0, "axis": "y", "origin": [8, 9, 8]},
			"faces": {
				"north": {"uv": [0.01481, 0.01481, 16, 16], "texture": "#0"},
				"east": {"uv": [0.15556, 0.19259, 0.76296, 0.87407], "texture": "#0"},
				"south": {"uv": [0.15556, 0.19259, 0.76296, 0.87407], "texture": "#0"},
				"west": {"uv": [0.15556, 0.19259, 0.76296, 0.87407], "texture": "#0"},
				"up": {"uv": [0.15556, 0.19259, 0.76296, 0.87407], "rotation": 180, "texture": "#0"},
				"down": {"uv": [0.15556, 0.19259, 0.76296, 0.87407], "rotation": 180, "texture": "#0"}
			}
		}
	],
	"gui_light": "front",
	"display": {
		"thirdperson_righthand": {
			"rotation": [0, 180, 0],
			"translation": [0, 4, 1],
			"scale": [0.55, 0.55, 0.55]
		},
		"thirdperson_lefthand": {
			"rotation": [0, 180, 0],
			"translation": [0, 4, 1],
			"scale": [0.55, 0.55, 0.55]
		},
		"firstperson_righthand": {
			"rotation": [0, 180, 0],
			"translation": [0.13, 3.95, 1.13],
			"scale": [0.4, 0.4, 0.4]
		},
		"firstperson_lefthand": {
			"rotation": [0, 180, 0],
			"translation": [-9, 8, 0],
			"scale": [0.7, 0.7, 0.7]
		},
		"ground": {
			"rotation": [75, 0, 0],
			"translation": [0, 3, 0],
			"scale": [0.25, 0.25, 0.25]
		},
		"gui": {
			"rotation": [0, 180, 0],
			"translation": [0, -0.75, 0],
			"scale": [0.8, 0.8, 0.8]
		},
		"head": {
			"translation": [0, 1.5, 6.5]
		},
		"fixed": {
			"translation": [-20, 16, 0],
			"scale": [4, 4, 4]
		}
	}
}