{
	"textures": {
		"0": "item/mystery/mystery2_1",
		"particle": "item/mystery/mystery2_1"
	},
	"elements": [
		{
			"from": [-8, 0, 7.95],
			"to": [24, 18, 8.05],
			"rotation": {"angle": 0, "axis": "y", "origin": [-8, 0, 7.95]},
			"faces": {
				"north": {"uv": [0, 0, 16, 16], "texture": "#0"},
				"east": {"uv": [0, 0, 0.3713, 0.39907], "texture": "#0"},
				"south": {"uv": [15.47083, 15.14167, 15.6625, 15.3625], "texture": "#0"},
				"west": {"uv": [0, 0, 0.3713, 0.39907], "texture": "#0"},
				"up": {"uv": [0, 0, 0.3713, 0.39907], "texture": "#0"},
				"down": {"uv": [0, 0, 0.3713, 0.39907], "texture": "#0"}
			}
		}
	],
	"gui_light": "front",
	"display": {
		"thirdperson_righthand": {
			"rotation": [0, 180, 0],
			"translation": [0, 3, 1],
			"scale": [0.55, 0.55, 0.55]
		},
		"thirdperson_lefthand": {
			"rotation": [0, 180, 0],
			"translation": [0, 3, 1],
			"scale": [0.55, 0.55, 0.55]
		},
		"firstperson_righthand": {
			"rotation": [0, 180, 0],
			"translation": [-1.12, 3.45, 1.13],
			"scale": [0.4, 0.4, 0.4]
		},
		"firstperson_lefthand": {
			"rotation": [0, 180, 0],
			"translation": [-9, 8, 0],
			"scale": [0.7, 0.7, 0.7]
		},
		"ground": {
			"rotation": [70, 0, 0],
			"translation": [0, 3, 0],
			"scale": [0.25, 0.25, 0.25]
		},
		"gui": {
			"rotation": [0, 180, 0],
			"translation": [0, -0.75, 0],
			"scale": [0.5, 0.5, 0.5]
		},
		"head": {
			"translation": [0, 1.5, 6.5]
		},
		"fixed": {
			"translation": [-48, 16, 0],
			"scale": [4, 4, 4]
		}
	}
}