{
	"textures": {
		"0": "item/mystery/mystery3_3",
		"1": "item/dou",
		"particle": "item/mystery/mystery3_3"
	},
	"elements": [
		{
			"from": [-14, -13, 7.85],
			"to": [30, 31, 7.95],
			"rotation": {"angle": 0, "axis": "y", "origin": [8, 9, 7.9]},
			"faces": {
				"north": {"uv": [0.01481, 0.01481, 16, 16], "texture": "#0"},
				"east": {"uv": [0.08148, 0.08889, 0.57037, 0.58518], "texture": "#0"},
				"south": {"uv": [0.08148, 0.08889, 0.57037, 0.58518], "texture": "#0"},
				"west": {"uv": [0.08148, 0.08889, 0.57037, 0.58518], "texture": "#0"},
				"up": {"uv": [0.08148, 0.08889, 0.57037, 0.58518], "texture": "#0"},
				"down": {"uv": [0.08148, 0.08889, 0.57037, 0.58518], "texture": "#0"}
			}
		},
		{
			"from": [-15.5, -14.5, 7.95],
			"to": [8, 9, 8.25],
			"rotation": {"angle": 0, "axis": "y", "origin": [8, 9, 8]},
			"faces": {
				"north": {"uv": [0, 0, 16, 16], "texture": "#1"},
				"east": {"uv": [0, 0, 0.76296, 0.87407], "texture": "#1"},
				"south": {"uv": [16, 0, 0, 16], "texture": "#1"},
				"west": {"uv": [0, 0, 0.76296, 0.87407], "texture": "#1"},
				"up": {"uv": [0, 0, 0.76296, 0.87407], "rotation": 180, "texture": "#1"},
				"down": {"uv": [0, 0, 0.76296, 0.87407], "rotation": 180, "texture": "#1"}
			}
		},
		{
			"from": [-15.5, 9, 7.95],
			"to": [8, 32, 8.25],
			"rotation": {"angle": 0, "axis": "y", "origin": [8, 9, 8]},
			"faces": {
				"north": {"uv": [0, 0, 16, 16], "texture": "#1"},
				"east": {"uv": [0, 0, 0.76296, 0.87407], "texture": "#1"},
				"south": {"uv": [16, 0, 0, 16], "texture": "#1"},
				"west": {"uv": [0, 0, 0.76296, 0.87407], "texture": "#1"},
				"up": {"uv": [0, 0, 0.76296, 0.87407], "rotation": 180, "texture": "#1"},
				"down": {"uv": [0, 0, 0.76296, 0.87407], "rotation": 180, "texture": "#1"}
			}
		},
		{
			"from": [8, 9, 7.95],
			"to": [31.5, 32, 8.25],
			"rotation": {"angle": 0, "axis": "y", "origin": [8, 9, 8]},
			"faces": {
				"north": {"uv": [0, 0, 16, 16], "texture": "#1"},
				"east": {"uv": [0, 0, 0.76296, 0.87407], "texture": "#1"},
				"south": {"uv": [16, 0, 0, 16], "texture": "#1"},
				"west": {"uv": [0, 0, 0.76296, 0.87407], "texture": "#1"},
				"up": {"uv": [0, 0, 0.76296, 0.87407], "rotation": 180, "texture": "#1"},
				"down": {"uv": [0, 0, 0.76296, 0.87407], "rotation": 180, "texture": "#1"}
			}
		},
		{
			"from": [8, -14.5, 7.95],
			"to": [31.5, 9, 8.25],
			"rotation": {"angle": 0, "axis": "y", "origin": [8, 9, 8]},
			"faces": {
				"north": {"uv": [0, 0, 16, 16], "texture": "#1"},
				"east": {"uv": [0, 0, 0.76296, 0.87407], "texture": "#1"},
				"south": {"uv": [16, 0, 0, 16], "texture": "#1"},
				"west": {"uv": [0, 0, 0.76296, 0.87407], "texture": "#1"},
				"up": {"uv": [0, 0, 0.76296, 0.87407], "rotation": 180, "texture": "#1"},
				"down": {"uv": [0, 0, 0.76296, 0.87407], "rotation": 180, "texture": "#1"}
			}
		}
	],
	"gui_light": "front",
	"display": {
		"thirdperson_righthand": {
			"rotation": [0, 180, 0],
			"translation": [0, 4, 1],
			"scale": [0.55, 0.55, 0.55]
		},
		"thirdperson_lefthand": {
			"rotation": [0, 180, 0],
			"translation": [0, 4, 1],
			"scale": [0.55, 0.55, 0.55]
		},
		"firstperson_righthand": {
			"rotation": [0, 180, 0],
			"translation": [-0.87, 3.95, 1.13],
			"scale": [0.4, 0.4, 0.4]
		},
		"firstperson_lefthand": {
			"rotation": [0, 180, 0],
			"translation": [-9, 8, 0],
			"scale": [0.7, 0.7, 0.7]
		},
		"ground": {
			"rotation": [75, 0, 0],
			"translation": [0, 3, 0],
			"scale": [0.25, 0.25, 0.25]
		},
		"gui": {
			"rotation": [0, 180, 0],
			"translation": [0, -32, 20],
			"scale": [4, 4, 4]
		},
		"head": {
			"translation": [0, 1.5, 6.5]
		},
		"fixed": {
			"translation": [-20, 16, 0],
			"scale": [4, 4, 4]
		}
	}
}