{
	"texture_size": [1080, 1550],
	"textures": {
		"0": "item/newspaper3",
		"particle": "item/newspaper3"
	},
	"elements": [
		{
			"from": [-1, 0, 7.95],
			"to": [17, 24, 8.05],
			"rotation": {"angle": 0, "axis": "z", "origin": [8, 16, 8]},
			"faces": {
				"north": {"uv": [0.00833, 0.00833, 15.99167, 16], "texture": "#0"},
				"east": {"uv": [0.04581, 0.07913, 0.41711, 0.4782], "rotation": 90, "texture": "#0"},
				"south": {"uv": [1.5532, 1.25243, 0.00833, 0.00833], "rotation": 180, "texture": "#0"},
				"west": {"uv": [0.04581, 0.07913, 0.41711, 0.4782], "rotation": 90, "texture": "#0"},
				"up": {"uv": [0.04581, 0.07913, 0.41711, 0.4782], "rotation": 90, "texture": "#0"},
				"down": {"uv": [0.04581, 0.07913, 0.41711, 0.4782], "rotation": 90, "texture": "#0"}
			}
		}
	],
	"gui_light": "front",
	"display": {
		"thirdperson_righthand": {
			"rotation": [0, 180, 0],
			"translation": [-3, 3, 1],
			"scale": [0.6, 0.6, 0.6]
		},
		"thirdperson_lefthand": {
			"rotation": [0, 180, 0],
			"translation": [-3, 3, 1],
			"scale": [0.6, 0.6, 0.6]
		},
		"firstperson_righthand": {
			"rotation": [0, 180, 0],
			"translation": [-9, 6.5, -0.5],
			"scale": [0.6, 0.6, 0.6]
		},
		"firstperson_lefthand": {
			"rotation": [0, 180, 0],
			"translation": [1.5, 2.5, 0],
			"scale": [0.4, 0.4, 0.4]
		},
		"ground": {
			"rotation": [70, 0, 0],
			"translation": [0, 3, 0],
			"scale": [0.25, 0.25, 0.25]
		},
		"gui": {
			"rotation": [0, 180, 0],
			"translation": [0, -2.75, 0],
			"scale": [0.65, 0.65, 0.65]
		},
		"head": {
			"rotation": [-180, 0, -128.75],
			"translation": [-2.25, -1.5, -7.25]
		},
		"fixed": {
			"translation": [-20.25, 16, 0],
			"scale": [4, 4, 4]
		}
	}
}