{
	"textures": {
		"0": "item/phone",
		"particle": "item/phone"
	},
	"elements": [
		{
			"from": [13, 0.07612, 0.38268],
			"to": [14, 2.07612, 5.60268],
			"rotation": {"angle": -22.5, "axis": "x", "origin": [0, 1.07612, 0.38268]},
			"faces": {
				"north": {"uv": [15.375, 0.625, 15.875, 0.19611], "texture": "#0"},
				"east": {"uv": [15.375, 0.625, 15.875, 0.19611], "texture": "#0"},
				"south": {"uv": [15.375, 0.625, 15.875, 0.19611], "texture": "#0"},
				"west": {"uv": [15.375, 0.625, 15.875, 0.19611], "texture": "#0"},
				"up": {"uv": [15.375, 0.625, 15.875, 0.19611], "texture": "#0"},
				"down": {"uv": [15.375, 0.625, 15.875, 0.19611], "texture": "#0"}
			}
		},
		{
			"from": [9, 0.07612, 0.38268],
			"to": [13, 2.07612, 2.10268],
			"rotation": {"angle": -22.5, "axis": "x", "origin": [-1, 1.07612, 0.38268]},
			"faces": {
				"north": {"uv": [15.375, 0.625, 15.875, 0.19611], "texture": "#0"},
				"east": {"uv": [15.375, 0.625, 15.875, 0.19611], "texture": "#0"},
				"south": {"uv": [15.375, 0.625, 15.875, 0.19611], "texture": "#0"},
				"west": {"uv": [15.375, 0.625, 15.875, 0.19611], "texture": "#0"},
				"up": {"uv": [15.375, 0.625, 15.875, 0.19611], "texture": "#0"},
				"down": {"uv": [15.375, 0.625, 15.875, 0.19611], "texture": "#0"}
			}
		},
		{
			"from": [9, 0.07612, 2.13268],
			"to": [13, 1.32612, 5.60268],
			"rotation": {"angle": -22.5, "axis": "x", "origin": [-1, 1.07612, 0.38268]},
			"faces": {
				"north": {"uv": [15.375, 0.625, 15.875, 0.19611], "texture": "#0"},
				"east": {"uv": [15.375, 0.625, 15.875, 0.19611], "texture": "#0"},
				"south": {"uv": [15.375, 0.625, 15.875, 0.19611], "texture": "#0"},
				"west": {"uv": [15.375, 0.625, 15.875, 0.19611], "texture": "#0"},
				"up": {"uv": [15.5, 2.125, 16, 1.69611], "texture": "#0"},
				"down": {"uv": [15.375, 0.625, 15.875, 0.19611], "texture": "#0"}
			}
		},
		{
			"from": [0, 0.07612, 0.38268],
			"to": [9, 2.07612, 5.60268],
			"rotation": {"angle": -22.5, "axis": "x", "origin": [0, 1.07612, 0.38268]},
			"faces": {
				"north": {"uv": [15.375, 0.625, 15.875, 0.19611], "texture": "#0"},
				"east": {"uv": [15.375, 0.625, 15.875, 0.19611], "texture": "#0"},
				"south": {"uv": [15.375, 0.625, 15.875, 0.19611], "texture": "#0"},
				"west": {"uv": [15.375, 0.625, 15.875, 0.19611], "texture": "#0"},
				"up": {"uv": [15.375, 0.625, 15.875, 0.19611], "texture": "#0"},
				"down": {"uv": [15.375, 0.625, 15.875, 0.19611], "texture": "#0"}
			}
		},
		{
			"from": [0, 2, 4.80389],
			"to": [9, 4, 16],
			"rotation": {"angle": 0, "axis": "x", "origin": [7, 3.5, 10.25]},
			"faces": {
				"north": {"uv": [15.375, 0.625, 15.875, 0.19611], "texture": "#0"},
				"east": {"uv": [15.375, 0.625, 15.875, 0.19611], "texture": "#0"},
				"south": {"uv": [15.375, 0.625, 15.875, 0.19611], "texture": "#0"},
				"west": {"uv": [15.375, 0.625, 15.875, 0.19611], "texture": "#0"},
				"up": {"uv": [15.375, 0.625, 15.875, 0.19611], "texture": "#0"},
				"down": {"uv": [15.375, 0.625, 15.875, 0.19611], "texture": "#0"}
			}
		},
		{
			"from": [0.5, 4, 4.80389],
			"to": [3, 4.5, 7],
			"rotation": {"angle": 0, "axis": "x", "origin": [7, 4, 10.25]},
			"faces": {
				"north": {"uv": [15.375, 2.125, 15.875, 1.69611], "texture": "#0"},
				"east": {"uv": [15.375, 2.125, 15.875, 1.69611], "texture": "#0"},
				"south": {"uv": [15.375, 2.125, 15.875, 1.69611], "texture": "#0"},
				"west": {"uv": [15.375, 2.125, 15.875, 1.69611], "texture": "#0"},
				"up": {"uv": [15.375, 2.125, 15.875, 1.69611], "texture": "#0"},
				"down": {"uv": [15.375, 2.125, 15.875, 1.69611], "texture": "#0"}
			}
		},
		{
			"from": [0.5, 3.58889, 2.55389],
			"to": [3, 4.08889, 4.75],
			"rotation": {"angle": -22.5, "axis": "x", "origin": [4.5, 3.83889, 3.65194]},
			"faces": {
				"north": {"uv": [15.375, 2.125, 15.875, 1.69611], "texture": "#0"},
				"east": {"uv": [15.375, 2.125, 15.875, 1.69611], "texture": "#0"},
				"south": {"uv": [15.375, 2.125, 15.875, 1.69611], "texture": "#0"},
				"west": {"uv": [15.375, 2.125, 15.875, 1.69611], "texture": "#0"},
				"up": {"uv": [15.375, 2.125, 15.875, 1.69611], "texture": "#0"},
				"down": {"uv": [15.375, 2.125, 15.875, 1.69611], "texture": "#0"}
			}
		},
		{
			"from": [0.5, 4, 9.30389],
			"to": [3, 4.5, 11.5],
			"rotation": {"angle": 0, "axis": "x", "origin": [7, 4, 14.75]},
			"faces": {
				"north": {"uv": [15.375, 2.125, 15.875, 1.69611], "texture": "#0"},
				"east": {"uv": [15.375, 2.125, 15.875, 1.69611], "texture": "#0"},
				"south": {"uv": [15.375, 2.125, 15.875, 1.69611], "texture": "#0"},
				"west": {"uv": [15.375, 2.125, 15.875, 1.69611], "texture": "#0"},
				"up": {"uv": [15.375, 2.125, 15.875, 1.69611], "texture": "#0"},
				"down": {"uv": [15.375, 2.125, 15.875, 1.69611], "texture": "#0"}
			}
		},
		{
			"from": [0.5, 4, 7.05389],
			"to": [3, 4.5, 9.25],
			"rotation": {"angle": 0, "axis": "x", "origin": [7, 4, 12.5]},
			"faces": {
				"north": {"uv": [15.375, 2.125, 15.875, 1.69611], "texture": "#0"},
				"east": {"uv": [15.375, 2.125, 15.875, 1.69611], "texture": "#0"},
				"south": {"uv": [15.375, 2.125, 15.875, 1.69611], "texture": "#0"},
				"west": {"uv": [15.375, 2.125, 15.875, 1.69611], "texture": "#0"},
				"up": {"uv": [15.375, 2.125, 15.875, 1.69611], "texture": "#0"},
				"down": {"uv": [15.375, 2.125, 15.875, 1.69611], "texture": "#0"}
			}
		},
		{
			"from": [3.25, 4, 4.80389],
			"to": [5.75, 4.5, 7],
			"rotation": {"angle": 0, "axis": "x", "origin": [9.75, 4, 10.25]},
			"faces": {
				"north": {"uv": [15.375, 2.125, 15.875, 1.69611], "texture": "#0"},
				"east": {"uv": [15.375, 2.125, 15.875, 1.69611], "texture": "#0"},
				"south": {"uv": [15.375, 2.125, 15.875, 1.69611], "texture": "#0"},
				"west": {"uv": [15.375, 2.125, 15.875, 1.69611], "texture": "#0"},
				"up": {"uv": [15.375, 2.125, 15.875, 1.69611], "texture": "#0"},
				"down": {"uv": [15.375, 2.125, 15.875, 1.69611], "texture": "#0"}
			}
		},
		{
			"from": [3.25, 3.58889, 2.55389],
			"to": [5.75, 4.08889, 4.75],
			"rotation": {"angle": -22.5, "axis": "x", "origin": [7.25, 3.83889, 3.65194]},
			"faces": {
				"north": {"uv": [15.375, 2.125, 15.875, 1.69611], "texture": "#0"},
				"east": {"uv": [15.375, 2.125, 15.875, 1.69611], "texture": "#0"},
				"south": {"uv": [15.375, 2.125, 15.875, 1.69611], "texture": "#0"},
				"west": {"uv": [15.375, 2.125, 15.875, 1.69611], "texture": "#0"},
				"up": {"uv": [15.375, 2.125, 15.875, 1.69611], "texture": "#0"},
				"down": {"uv": [15.375, 2.125, 15.875, 1.69611], "texture": "#0"}
			}
		},
		{
			"from": [3.25, 4, 7.05389],
			"to": [5.75, 4.5, 9.25],
			"rotation": {"angle": 0, "axis": "x", "origin": [9.75, 4, 12.5]},
			"faces": {
				"north": {"uv": [15.375, 2.125, 15.875, 1.69611], "texture": "#0"},
				"east": {"uv": [15.375, 2.125, 15.875, 1.69611], "texture": "#0"},
				"south": {"uv": [15.375, 2.125, 15.875, 1.69611], "texture": "#0"},
				"west": {"uv": [15.375, 2.125, 15.875, 1.69611], "texture": "#0"},
				"up": {"uv": [15.375, 2.125, 15.875, 1.69611], "texture": "#0"},
				"down": {"uv": [15.375, 2.125, 15.875, 1.69611], "texture": "#0"}
			}
		},
		{
			"from": [3.25, 4, 9.30389],
			"to": [5.75, 4.5, 11.5],
			"rotation": {"angle": 0, "axis": "x", "origin": [9.75, 4, 14.75]},
			"faces": {
				"north": {"uv": [15.375, 2.125, 15.875, 1.69611], "texture": "#0"},
				"east": {"uv": [15.375, 2.125, 15.875, 1.69611], "texture": "#0"},
				"south": {"uv": [15.375, 2.125, 15.875, 1.69611], "texture": "#0"},
				"west": {"uv": [15.375, 2.125, 15.875, 1.69611], "texture": "#0"},
				"up": {"uv": [15.375, 2.125, 15.875, 1.69611], "texture": "#0"},
				"down": {"uv": [15.375, 2.125, 15.875, 1.69611], "texture": "#0"}
			}
		},
		{
			"from": [0.75, 4, 11.80389],
			"to": [8.75, 4.5, 15.5],
			"rotation": {"angle": 0, "axis": "x", "origin": [9.75, 4, 17.25]},
			"faces": {
				"north": {"uv": [15.375, 0.625, 15.875, 0.19611], "texture": "#0"},
				"east": {"uv": [15.375, 0.625, 15.875, 0.19611], "texture": "#0"},
				"south": {"uv": [15.375, 0.625, 15.875, 0.19611], "texture": "#0"},
				"west": {"uv": [15.375, 0.625, 15.875, 0.19611], "texture": "#0"},
				"up": {"uv": [15.375, 2.75, 15.875, 2.32111], "texture": "#0"},
				"down": {"uv": [15.375, 0.625, 15.875, 0.19611], "texture": "#0"}
			}
		},
		{
			"from": [1, 4, 12.05389],
			"to": [8.5, 4.58889, 15.25],
			"rotation": {"angle": 0, "axis": "x", "origin": [9.75, 4, 17.25]},
			"faces": {
				"north": {"uv": [15.375, 0.625, 15.875, 0.19611], "texture": "#0"},
				"east": {"uv": [15.375, 0.625, 15.875, 0.19611], "texture": "#0"},
				"south": {"uv": [15.375, 0.625, 15.875, 0.19611], "texture": "#0"},
				"west": {"uv": [15.375, 0.625, 15.875, 0.19611], "texture": "#0"},
				"up": {"uv": [15.5, 4.375, 16, 3.94611], "texture": "#0"},
				"down": {"uv": [15.375, 0.625, 15.875, 0.19611], "texture": "#0"}
			}
		},
		{
			"from": [6, 4, 7.05389],
			"to": [8.5, 4.5, 9.25],
			"rotation": {"angle": 0, "axis": "x", "origin": [7, 4, 12.5]},
			"faces": {
				"north": {"uv": [15.375, 2.125, 15.875, 1.69611], "texture": "#0"},
				"east": {"uv": [15.375, 2.125, 15.875, 1.69611], "texture": "#0"},
				"south": {"uv": [15.375, 2.125, 15.875, 1.69611], "texture": "#0"},
				"west": {"uv": [15.375, 2.125, 15.875, 1.69611], "texture": "#0"},
				"up": {"uv": [15.375, 2.125, 15.875, 1.69611], "texture": "#0"},
				"down": {"uv": [15.375, 2.125, 15.875, 1.69611], "texture": "#0"}
			}
		},
		{
			"from": [6, 4, 9.30389],
			"to": [8.5, 4.5, 11.5],
			"rotation": {"angle": 0, "axis": "x", "origin": [7, 4, 14.75]},
			"faces": {
				"north": {"uv": [15.375, 2.125, 15.875, 1.69611], "texture": "#0"},
				"east": {"uv": [15.375, 2.125, 15.875, 1.69611], "texture": "#0"},
				"south": {"uv": [15.375, 2.125, 15.875, 1.69611], "texture": "#0"},
				"west": {"uv": [15.375, 2.125, 15.875, 1.69611], "texture": "#0"},
				"up": {"uv": [15.375, 2.125, 15.875, 1.69611], "texture": "#0"},
				"down": {"uv": [15.375, 2.125, 15.875, 1.69611], "texture": "#0"}
			}
		},
		{
			"from": [6, 4, 4.80389],
			"to": [8.5, 4.5, 7],
			"rotation": {"angle": 0, "axis": "x", "origin": [7, 4, 10.25]},
			"faces": {
				"north": {"uv": [15.375, 2.125, 15.875, 1.69611], "texture": "#0"},
				"east": {"uv": [15.375, 2.125, 15.875, 1.69611], "texture": "#0"},
				"south": {"uv": [15.375, 2.125, 15.875, 1.69611], "texture": "#0"},
				"west": {"uv": [15.375, 2.125, 15.875, 1.69611], "texture": "#0"},
				"up": {"uv": [15.375, 2.125, 15.875, 1.69611], "texture": "#0"},
				"down": {"uv": [15.375, 2.125, 15.875, 1.69611], "texture": "#0"}
			}
		},
		{
			"from": [6, 3.58889, 2.55389],
			"to": [8.5, 4.08889, 4.75],
			"rotation": {"angle": -22.5, "axis": "x", "origin": [4.5, 3.83889, 3.65194]},
			"faces": {
				"north": {"uv": [15.375, 2.125, 15.875, 1.69611], "texture": "#0"},
				"east": {"uv": [15.375, 2.125, 15.875, 1.69611], "texture": "#0"},
				"south": {"uv": [15.375, 2.125, 15.875, 1.69611], "texture": "#0"},
				"west": {"uv": [15.375, 2.125, 15.875, 1.69611], "texture": "#0"},
				"up": {"uv": [15.375, 2.125, 15.875, 1.69611], "texture": "#0"},
				"down": {"uv": [15.375, 2.125, 15.875, 1.69611], "texture": "#0"}
			}
		},
		{
			"from": [0.5, 3.58889, 0.80389],
			"to": [3, 4.08889, 1.75],
			"rotation": {"angle": -22.5, "axis": "x", "origin": [4.5, 3.83889, 3.65194]},
			"faces": {
				"north": {"uv": [15.375, 0.625, 15.875, 0.19611], "texture": "#0"},
				"east": {"uv": [15.375, 0.625, 15.875, 0.19611], "texture": "#0"},
				"south": {"uv": [15.375, 0.625, 15.875, 0.19611], "texture": "#0"},
				"west": {"uv": [15.375, 0.625, 15.875, 0.19611], "texture": "#0"},
				"up": {"uv": [15.375, 2.125, 15.875, 1.69611], "texture": "#0"},
				"down": {"uv": [15.375, 0.625, 15.875, 0.19611], "texture": "#0"}
			}
		},
		{
			"from": [3.25, 3.58889, 0.80389],
			"to": [5.75, 4.08889, 1.75],
			"rotation": {"angle": -22.5, "axis": "x", "origin": [7.25, 3.83889, 3.65194]},
			"faces": {
				"north": {"uv": [15.375, 0.625, 15.875, 0.19611], "texture": "#0"},
				"east": {"uv": [15.375, 0.625, 15.875, 0.19611], "texture": "#0"},
				"south": {"uv": [15.375, 0.625, 15.875, 0.19611], "texture": "#0"},
				"west": {"uv": [15.375, 0.625, 15.875, 0.19611], "texture": "#0"},
				"up": {"uv": [15.375, 2.125, 15.875, 1.69611], "texture": "#0"},
				"down": {"uv": [15.375, 0.625, 15.875, 0.19611], "texture": "#0"}
			}
		},
		{
			"from": [6, 3.58889, 0.80389],
			"to": [8.5, 4.08889, 1.75],
			"rotation": {"angle": -22.5, "axis": "x", "origin": [4.5, 3.83889, 3.65194]},
			"faces": {
				"north": {"uv": [15.375, 3.5, 15.875, 3.07111], "texture": "#0"},
				"east": {"uv": [15.375, 3.5, 15.875, 3.07111], "texture": "#0"},
				"south": {"uv": [15.375, 3.5, 15.875, 3.07111], "texture": "#0"},
				"west": {"uv": [15.375, 3.5, 15.875, 3.07111], "texture": "#0"},
				"up": {"uv": [15.375, 3.5, 15.875, 3.07111], "texture": "#0"},
				"down": {"uv": [15.375, 3.5, 15.875, 3.07111], "texture": "#0"}
			}
		},
		{
			"from": [1, 4.04, 4.80389],
			"to": [8, 4.04, 11.5],
			"rotation": {"angle": 0, "axis": "x", "origin": [7, 3.54, 10.25]},
			"faces": {
				"north": {"uv": [15.375, 0.625, 15.875, 0.19611], "texture": "#0"},
				"east": {"uv": [15.375, 0.625, 15.875, 0.19611], "texture": "#0"},
				"south": {"uv": [15.375, 0.625, 15.875, 0.19611], "texture": "#0"},
				"west": {"uv": [15.375, 0.625, 15.875, 0.19611], "texture": "#0"},
				"up": {"uv": [15.375, 0.625, 15.875, 0.19611], "texture": "#0"},
				"down": {"uv": [15.375, 0.625, 15.875, 0.19611], "texture": "#0"}
			}
		},
		{
			"from": [0.75, 2.71334, 3.45157],
			"to": [8.25, 2.71334, 4.92157],
			"rotation": {"angle": -22.5, "axis": "x", "origin": [0, 1.71334, 0.45157]},
			"faces": {
				"north": {"uv": [0, 0, 9, 0], "texture": "#0"},
				"east": {"uv": [0, 0, 5.22, 0], "texture": "#0"},
				"south": {"uv": [0, 0, 9, 0], "texture": "#0"},
				"west": {"uv": [0, 0, 5.22, 0], "texture": "#0"},
				"up": {"uv": [12.125, 16, 0.625, 12.155], "texture": "#0"},
				"down": {"uv": [0, 0, 9, 5.22], "texture": "#0"}
			}
		},
		{
			"from": [0.75, 4.51716, 5.06173],
			"to": [8.25, 4.51716, 6.53173],
			"rotation": {"angle": 0, "axis": "x", "origin": [4.5, 4.51716, 5.92173]},
			"faces": {
				"north": {"uv": [0, 0, 9, 0], "texture": "#0"},
				"east": {"uv": [0, 0, 5.22, 0], "texture": "#0"},
				"south": {"uv": [0, 0, 9, 0], "texture": "#0"},
				"west": {"uv": [0, 0, 5.22, 0], "texture": "#0"},
				"up": {"uv": [12.125, 12, 0.625, 8.155], "texture": "#0"},
				"down": {"uv": [0, 0, 9, 5.22], "texture": "#0"}
			}
		},
		{
			"from": [0.75, 4.51716, 7.31173],
			"to": [8.25, 4.51716, 8.78173],
			"rotation": {"angle": 0, "axis": "x", "origin": [4.5, 4.51716, 8.17173]},
			"faces": {
				"north": {"uv": [0, 0, 9, 0], "texture": "#0"},
				"east": {"uv": [0, 0, 5.22, 0], "texture": "#0"},
				"south": {"uv": [0, 0, 9, 0], "texture": "#0"},
				"west": {"uv": [0, 0, 5.22, 0], "texture": "#0"},
				"up": {"uv": [12.125, 8, 0.625, 4.155], "texture": "#0"},
				"down": {"uv": [0, 0, 9, 5.22], "texture": "#0"}
			}
		},
		{
			"from": [0.75, 4.51716, 9.56173],
			"to": [8.25, 4.51716, 11.03173],
			"rotation": {"angle": 0, "axis": "x", "origin": [4.5, 4.51716, 10.42173]},
			"faces": {
				"north": {"uv": [0, 0, 9, 0], "texture": "#0"},
				"east": {"uv": [0, 0, 5.22, 0], "texture": "#0"},
				"south": {"uv": [0, 0, 9, 0], "texture": "#0"},
				"west": {"uv": [0, 0, 5.22, 0], "texture": "#0"},
				"up": {"uv": [12.25, 4.125, 0.75, 0.28], "texture": "#0"},
				"down": {"uv": [0, 0, 9, 5.22], "texture": "#0"}
			}
		},
		{
			"from": [13, 2, 4.80389],
			"to": [14, 4, 16],
			"rotation": {"angle": 0, "axis": "x", "origin": [11.5, 3.5, 10.25]},
			"faces": {
				"north": {"uv": [15.375, 0.625, 15.875, 0.19611], "texture": "#0"},
				"east": {"uv": [15.375, 0.625, 15.875, 0.19611], "texture": "#0"},
				"south": {"uv": [15.375, 0.625, 15.875, 0.19611], "texture": "#0"},
				"west": {"uv": [15.375, 0.625, 15.875, 0.19611], "texture": "#0"},
				"up": {"uv": [15.375, 0.625, 15.875, 0.19611], "texture": "#0"},
				"down": {"uv": [15.375, 0.625, 15.875, 0.19611], "texture": "#0"}
			}
		},
		{
			"from": [9, 2, 14.5],
			"to": [13, 4, 16],
			"rotation": {"angle": 0, "axis": "x", "origin": [10.5, 3.5, 10.25]},
			"faces": {
				"north": {"uv": [15.375, 0.625, 15.875, 0.19611], "texture": "#0"},
				"east": {"uv": [15.375, 0.625, 15.875, 0.19611], "texture": "#0"},
				"south": {"uv": [15.375, 0.625, 15.875, 0.19611], "texture": "#0"},
				"west": {"uv": [15.375, 0.625, 15.875, 0.19611], "texture": "#0"},
				"up": {"uv": [15.375, 0.625, 15.875, 0.19611], "texture": "#0"},
				"down": {"uv": [15.375, 0.625, 15.875, 0.19611], "texture": "#0"}
			}
		},
		{
			"from": [9, 2, 4.82222],
			"to": [13, 3, 15],
			"rotation": {"angle": 0, "axis": "x", "origin": [10.5, 3.5, 9.25]},
			"faces": {
				"north": {"uv": [15.375, 0.625, 15.875, 0.19611], "texture": "#0"},
				"east": {"uv": [15.375, 0.625, 15.875, 0.19611], "texture": "#0"},
				"south": {"uv": [15.375, 0.625, 15.875, 0.19611], "texture": "#0"},
				"west": {"uv": [15.375, 0.625, 15.875, 0.19611], "texture": "#0"},
				"up": {"uv": [15.375, 2.125, 15.875, 1.69611], "texture": "#0"},
				"down": {"uv": [15.375, 0.625, 15.875, 0.19611], "texture": "#0"}
			}
		},
		{
			"from": [9, 3, 4.82222],
			"to": [13, 4, 11.5],
			"rotation": {"angle": 0, "axis": "x", "origin": [10.5, 4.5, 9.25]},
			"faces": {
				"north": {"uv": [15.375, 0.625, 15.875, 0.19611], "texture": "#0"},
				"east": {"uv": [15.375, 0.625, 15.875, 0.19611], "texture": "#0"},
				"south": {"uv": [15.375, 0.625, 15.875, 0.19611], "texture": "#0"},
				"west": {"uv": [15.375, 0.625, 15.875, 0.19611], "texture": "#0"},
				"up": {"uv": [15.375, 0.625, 15.875, 0.19611], "texture": "#0"},
				"down": {"uv": [15.375, 0.625, 15.875, 0.19611], "texture": "#0"}
			}
		},
		{
			"from": [9.25, 4.25, 4.82222],
			"to": [12.75, 5.75, 14.39444],
			"rotation": {"angle": 0, "axis": "x", "origin": [11, 4.75, 8.41111]},
			"faces": {
				"north": {"uv": [15.375, 0.625, 15.875, 0.19611], "texture": "#0"},
				"east": {"uv": [15.375, 1.25, 15.875, 0.82111], "texture": "#0"},
				"south": {"uv": [15.375, 1.25, 15.875, 0.82111], "texture": "#0"},
				"west": {"uv": [15.375, 1.25, 15.875, 0.82111], "texture": "#0"},
				"up": {"uv": [15.375, 0.625, 15.875, 0.19611], "texture": "#0"},
				"down": {"uv": [15.375, 2.125, 15.875, 1.69611], "texture": "#0"}
			}
		},
		{
			"from": [9.25, 3.75, 11.57222],
			"to": [12.75, 4.25, 14.39444],
			"rotation": {"angle": 0, "axis": "x", "origin": [11, 3.25, 8.41111]},
			"faces": {
				"north": {"uv": [15.375, 1.25, 15.875, 0.82111], "texture": "#0"},
				"east": {"uv": [15.375, 1.25, 15.875, 0.82111], "texture": "#0"},
				"south": {"uv": [15.375, 1.25, 15.875, 0.82111], "texture": "#0"},
				"west": {"uv": [15.375, 1.25, 15.875, 0.82111], "texture": "#0"},
				"up": {"uv": [15.375, 0.625, 15.875, 0.19611], "texture": "#0"},
				"down": {"uv": [15.375, 0.625, 15.875, 0.19611], "texture": "#0"}
			}
		},
		{
			"from": [9.25, 3.74688, 1.29289],
			"to": [12.75, 5.24688, 5.22067],
			"rotation": {"angle": -22.5, "axis": "x", "origin": [11, 4.49688, 3.75678]},
			"faces": {
				"north": {"uv": [15.375, 1.25, 15.875, 0.82111], "texture": "#0"},
				"east": {"uv": [15.375, 1.25, 15.875, 0.82111], "texture": "#0"},
				"south": {"uv": [15.375, 0.625, 15.875, 0.19611], "texture": "#0"},
				"west": {"uv": [15.375, 1.25, 15.875, 0.82111], "texture": "#0"},
				"up": {"uv": [15.375, 1.25, 15.875, 0.82111], "texture": "#0"},
				"down": {"uv": [15.375, 2.125, 15.875, 1.69611], "texture": "#0"}
			}
		},
		{
			"from": [9.25, 2.74688, 1.29289],
			"to": [12.75, 3.74688, 4.22067],
			"rotation": {"angle": -22.5, "axis": "x", "origin": [11, 4.49688, 3.75678]},
			"faces": {
				"north": {"uv": [15.375, 1.25, 15.875, 0.82111], "texture": "#0"},
				"east": {"uv": [15.375, 1.25, 15.875, 0.82111], "texture": "#0"},
				"south": {"uv": [15.375, 1.25, 15.875, 0.82111], "texture": "#0"},
				"west": {"uv": [15.375, 1.25, 15.875, 0.82111], "texture": "#0"},
				"up": {"uv": [15.375, 0.625, 15.875, 0.19611], "texture": "#0"},
				"down": {"uv": [15.375, 0.625, 15.875, 0.19611], "texture": "#0"}
			}
		},
		{
			"from": [0, 0, 0],
			"to": [14, 2, 16],
			"rotation": {"angle": 0, "axis": "y", "origin": [7, 0.5, 8]},
			"faces": {
				"north": {"uv": [15.375, 0.625, 15.875, 0.19611], "texture": "#0"},
				"east": {"uv": [15.375, 0.625, 15.875, 0.19611], "texture": "#0"},
				"south": {"uv": [15.375, 0.625, 15.875, 0.19611], "texture": "#0"},
				"west": {"uv": [15.375, 0.625, 15.875, 0.19611], "texture": "#0"},
				"up": {"uv": [15.375, 0.625, 15.875, 0.19611], "texture": "#0"},
				"down": {"uv": [15.375, 0.625, 15.875, 0.19611], "texture": "#0"}
			}
		}
	]
}