{
	"credit": "Made with Blockbench",
	"texture_size": [32, 32],
	"textures": {
		"2": "item/pole"
	},
	"elements": [
		{
			"from": [-1.61295, 17.51, 6.50639],
			"to": [1.38705, 19.51, 9.50639],
			"rotation": {"angle": 0, "axis": "y", "origin": [14.63067, 9.38417, 8]},
			"faces": {
				"north": {"uv": [0.5, 8.5, 2.975, 9.3085], "texture": "#2"},
				"east": {"uv": [0.5, 8.5, 2.975, 9.3085], "texture": "#2"},
				"south": {"uv": [0.5, 8.5, 2.975, 9.3085], "texture": "#2"},
				"west": {"uv": [0.5, 8.5, 2.975, 9.3085], "texture": "#2"},
				"up": {"uv": [0.5, 8.5, 2.975, 9.71274], "texture": "#2"},
				"down": {"uv": [0.5, 8.5, 2.975, 9.71274], "texture": "#2"}
			}
		},
		{
			"from": [1.07567, 15.75, 6.175],
			"to": [1.70567, 16.2225, 9.825],
			"rotation": {"angle": 0, "axis": "y", "origin": [14.63067, 9.38417, 8]},
			"faces": {
				"north": {"uv": [0.5, 8.5, 1.01975, 8.69101], "texture": "#2"},
				"east": {"uv": [0.5, 8.5, 3.51125, 8.69101], "texture": "#2"},
				"south": {"uv": [0.5, 8.5, 1.01975, 8.69101], "texture": "#2"},
				"west": {"uv": [0.5, 8.5, 3.51125, 8.69101], "texture": "#2"},
				"up": {"uv": [0.5, 8.5, 1.01975, 9.9755], "texture": "#2"},
				"down": {"uv": [0.5, 8.5, 1.01975, 9.9755], "texture": "#2"}
			}
		},
		{
			"from": [-1.94433, 15.75, 6.175],
			"to": [-1.31433, 16.2225, 9.825],
			"rotation": {"angle": 0, "axis": "y", "origin": [14.63067, 9.38417, 8]},
			"faces": {
				"north": {"uv": [0.5, 8.5, 1.01975, 8.69101], "texture": "#2"},
				"east": {"uv": [0.5, 8.5, 3.51125, 8.69101], "texture": "#2"},
				"south": {"uv": [0.5, 8.5, 1.01975, 8.69101], "texture": "#2"},
				"west": {"uv": [0.5, 8.5, 3.51125, 8.69101], "texture": "#2"},
				"up": {"uv": [0.5, 8.5, 1.01975, 9.9755], "texture": "#2"},
				"down": {"uv": [0.5, 8.5, 1.01975, 9.9755], "texture": "#2"}
			}
		},
		{
			"from": [-1.31433, 15.75, 6.175],
			"to": [1.07567, 16.2225, 6.805],
			"rotation": {"angle": 0, "axis": "y", "origin": [14.63067, 9.38417, 8]},
			"faces": {
				"north": {"uv": [0.5, 8.5, 2.47175, 8.69101], "texture": "#2"},
				"east": {"uv": [0.5, 8.5, 1.01975, 8.69101], "texture": "#2"},
				"south": {"uv": [0.5, 8.5, 2.47175, 8.69101], "texture": "#2"},
				"west": {"uv": [0.5, 8.5, 1.01975, 8.69101], "texture": "#2"},
				"up": {"uv": [0.5, 8.5, 2.47175, 8.75468], "texture": "#2"},
				"down": {"uv": [0.5, 8.5, 2.47175, 8.75468], "texture": "#2"}
			}
		},
		{
			"from": [-1.31433, 15.75, 9.195],
			"to": [1.07567, 16.2225, 9.825],
			"rotation": {"angle": 0, "axis": "y", "origin": [14.63067, 9.38417, 8]},
			"faces": {
				"north": {"uv": [0.5, 8.5, 2.47175, 8.69101], "texture": "#2"},
				"east": {"uv": [0.5, 8.5, 1.01975, 8.69101], "texture": "#2"},
				"south": {"uv": [0.5, 8.5, 2.47175, 8.69101], "texture": "#2"},
				"west": {"uv": [0.5, 8.5, 1.01975, 8.69101], "texture": "#2"},
				"up": {"uv": [0.5, 8.5, 2.47175, 8.75468], "texture": "#2"},
				"down": {"uv": [0.5, 8.5, 2.47175, 8.75468], "texture": "#2"}
			}
		},
		{
			"from": [-0.74933, 0, 7.37],
			"to": [0.51067, 17.01, 8.63],
			"rotation": {"angle": 0, "axis": "y", "origin": [14.63067, 9.38417, 8]},
			"faces": {
				"north": {"uv": [0.5, 8.5, 1.5395, 15.37625], "texture": "#2"},
				"east": {"uv": [0.5, 8.5, 1.5395, 15.37625], "texture": "#2"},
				"south": {"uv": [0.5, 8.5, 1.5395, 15.37625], "texture": "#2"},
				"west": {"uv": [0.5, 8.5, 1.5395, 15.37625], "texture": "#2"},
				"up": {"uv": [0.5, 8.5, 1.5395, 9.00935], "texture": "#2"},
				"down": {"uv": [0.5, 8.5, 1.5395, 9.00935], "texture": "#2"}
			}
		},
		{
			"name": "octagon",
			"from": [3.18652, -0.05278, -5.00054],
			"to": [5.25759, 0.56944, -0.00054],
			"rotation": {"angle": 45, "axis": "y", "origin": [14.63067, 9.38417, 8]},
			"faces": {
				"north": {"uv": [0.5, 8.5, 2.20863, 8.75153], "texture": "#2"},
				"east": {"uv": [0.5, 8.5, 4.625, 8.75153], "texture": "#2"},
				"south": {"uv": [0.5, 8.5, 2.20863, 8.75153], "texture": "#2"},
				"west": {"uv": [0.5, 8.5, 4.625, 8.75153], "texture": "#2"},
				"up": {"uv": [0.5, 8.5, 2.20863, 10.52124], "texture": "#2"},
				"down": {"uv": [0.5, 8.5, 2.20863, 10.52124], "texture": "#2"}
			}
		},
		{
			"name": "octagon",
			"from": [-1.18987, -0.05278, 5.435],
			"to": [0.8812, 0.57444, 10.435],
			"rotation": {"angle": 0, "axis": "y", "origin": [14.63067, 9.38417, 8]},
			"faces": {
				"north": {"uv": [0.5, 8.5, 2.20863, 8.75153], "texture": "#2"},
				"east": {"uv": [0.5, 8.5, 4.625, 8.75153], "texture": "#2"},
				"south": {"uv": [0.5, 8.5, 2.20863, 8.75153], "texture": "#2"},
				"west": {"uv": [0.5, 8.5, 4.625, 8.75153], "texture": "#2"},
				"up": {"uv": [0.5, 8.5, 2.20863, 10.52124], "texture": "#2"},
				"down": {"uv": [0.5, 8.5, 2.20863, 10.52124], "texture": "#2"}
			}
		},
		{
			"name": "octagon",
			"from": [1.72205, -0.05278, -3.53607],
			"to": [6.72205, 0.56944, -1.465],
			"rotation": {"angle": 45, "axis": "y", "origin": [14.63067, 9.38417, 8]},
			"faces": {
				"north": {"uv": [0.5, 8.5, 4.625, 8.75153], "texture": "#2"},
				"east": {"uv": [0.5, 8.5, 2.20863, 8.75153], "texture": "#2"},
				"south": {"uv": [0.5, 8.5, 4.625, 8.75153], "texture": "#2"},
				"west": {"uv": [0.5, 8.5, 2.20863, 8.75153], "texture": "#2"},
				"up": {"uv": [0.5, 8.5, 4.625, 9.33722], "texture": "#2"},
				"down": {"uv": [0.5, 8.5, 4.625, 9.33722], "texture": "#2"}
			}
		},
		{
			"name": "octagon",
			"from": [-2.65433, -0.05278, 6.89947],
			"to": [2.34567, 0.58444, 8.97053],
			"rotation": {"angle": 0, "axis": "y", "origin": [14.63067, 9.38417, 8]},
			"faces": {
				"north": {"uv": [0.5, 8.5, 4.625, 8.75153], "texture": "#2"},
				"east": {"uv": [0.5, 8.5, 2.20863, 8.75153], "texture": "#2"},
				"south": {"uv": [0.5, 8.5, 4.625, 8.75153], "texture": "#2"},
				"west": {"uv": [0.5, 8.5, 2.20863, 8.75153], "texture": "#2"},
				"up": {"uv": [0.5, 8.5, 4.625, 9.33722], "texture": "#2"},
				"down": {"uv": [0.5, 8.5, 4.625, 9.33722], "texture": "#2"}
			}
		},
		{
			"from": [-1.36295, 17.01, 6.75639],
			"to": [1.13705, 20.01, 9.25639],
			"rotation": {"angle": 0, "axis": "y", "origin": [14.63067, 9.38417, 8]},
			"faces": {
				"north": {"uv": [0.5, 8.5, 2.5625, 9.71274], "texture": "#2"},
				"east": {"uv": [0.5, 8.5, 2.5625, 9.71274], "texture": "#2"},
				"south": {"uv": [0.5, 8.5, 2.5625, 9.71274], "texture": "#2"},
				"west": {"uv": [0.5, 8.5, 2.5625, 9.71274], "texture": "#2"},
				"up": {"uv": [0.5, 8.5, 2.5625, 9.51062], "texture": "#2"},
				"down": {"uv": [0.5, 8.5, 2.5625, 9.51062], "texture": "#2"}
			}
		},
		{
			"from": [8.38567, 11.34, 7.5275],
			"to": [20.55567, 12.1275, 8.315],
			"rotation": {"angle": 0, "axis": "y", "origin": [14.63067, 9.38417, 8]},
			"faces": {
				"north": {"uv": [0, 0, 7.95875, 1.59844], "texture": "#2"},
				"east": {"uv": [0, 0, 1.10538, 1.59844], "texture": "#2"},
				"south": {"uv": [0, 0, 7.95875, 1.59844], "texture": "#2"},
				"west": {"uv": [0, 0, 1.10538, 1.59844], "texture": "#2"},
				"up": {"uv": [0, 0, 7.95875, 1.59844], "texture": "#2"},
				"down": {"uv": [0, 0, 7.95875, 1.59844], "texture": "#2"}
			}
		},
		{
			"from": [2.44257, 8.80126, 7.5275],
			"to": [8.11257, 9.58876, 8.315],
			"rotation": {"angle": -22.5, "axis": "z", "origin": [14.63067, 9.38417, 8]},
			"faces": {
				"north": {"uv": [0, 0, 7.95875, 1.59844], "texture": "#2"},
				"east": {"uv": [0, 0, 1.10538, 1.59844], "texture": "#2"},
				"south": {"uv": [0, 0, 7.95875, 1.59844], "texture": "#2"},
				"west": {"uv": [0, 0, 1.10538, 1.59844], "texture": "#2"},
				"up": {"uv": [0, 0, 7.95875, 1.59844], "texture": "#2"},
				"down": {"uv": [0, 0, 7.95875, 1.59844], "texture": "#2"}
			}
		},
		{
			"from": [0.53229, 4.18145, 7.5275],
			"to": [3.5934, 4.96895, 8.315],
			"rotation": {"angle": -45, "axis": "z", "origin": [14.63067, 9.38417, 8]},
			"faces": {
				"north": {"uv": [0, 0, 4.29676, 1.59844], "texture": "#2"},
				"east": {"uv": [0, 0, 1.10538, 1.59844], "texture": "#2"},
				"south": {"uv": [0, 0, 4.29676, 1.59844], "texture": "#2"},
				"west": {"uv": [0, 0, 1.10538, 1.59844], "texture": "#2"},
				"up": {"uv": [0, 0, 4.29676, 1.59844], "texture": "#2"},
				"down": {"uv": [0, 0, 4.29676, 1.59844], "texture": "#2"}
			}
		},
		{
			"from": [21.3479, 11.41116, 7.5275],
			"to": [27.0179, 12.19866, 8.315],
			"rotation": {"angle": 22.5, "axis": "z", "origin": [21.13067, 9.38417, 8]},
			"faces": {
				"north": {"uv": [0, 0, 7.95875, 1.59844], "texture": "#2"},
				"east": {"uv": [0, 0, 1.10538, 1.59844], "texture": "#2"},
				"south": {"uv": [0, 0, 7.95875, 1.59844], "texture": "#2"},
				"west": {"uv": [0, 0, 1.10538, 1.59844], "texture": "#2"},
				"up": {"uv": [0, 0, 7.95875, 1.59844], "texture": "#2"},
				"down": {"uv": [0, 0, 7.95875, 1.59844], "texture": "#2"}
			}
		},
		{
			"from": [27.34546, 9.00392, 7.5275],
			"to": [30.49546, 9.79142, 8.315],
			"rotation": {"angle": 45, "axis": "z", "origin": [21.13067, 9.38417, 8]},
			"faces": {
				"north": {"uv": [0, 0, 4.42153, 1.59844], "texture": "#2"},
				"east": {"uv": [0, 0, 1.10538, 1.59844], "texture": "#2"},
				"south": {"uv": [0, 0, 4.42153, 1.59844], "texture": "#2"},
				"west": {"uv": [0, 0, 1.10538, 1.59844], "texture": "#2"},
				"up": {"uv": [0, 0, 4.42153, 1.59844], "texture": "#2"},
				"down": {"uv": [0, 0, 4.42153, 1.59844], "texture": "#2"}
			}
		}
	],
	"gui_light": "front",
	"display": {
		"thirdperson_righthand": {
			"translation": [4.25, 3, 1],
			"scale": [0.55, 0.55, 0.55]
		},
		"thirdperson_lefthand": {
			"translation": [-4.25, 3, 1],
			"scale": [0.55, 0.55, 0.55]
		},
		"firstperson_righthand": {
			"translation": [2.5, 1.25, 0],
			"scale": [0.2, 0.2, 0.2]
		},
		"firstperson_lefthand": {
			"translation": [2.5, 1.25, 0],
			"scale": [0.2, 0.2, 0.2]
		},
		"ground": {
			"translation": [0, 2.25, 0],
			"scale": [0.2, 0.2, 0.2]
		},
		"gui": {
			"translation": [-2.25, -1, 0],
			"scale": [0.5, 0.5, 0.5]
		},
		"head": {
			"translation": [0, 8, 0]
		},
		"fixed": {
			"rotation": [-90, 0, 0],
			"translation": [17.5, 0.5, -16],
			"scale": [2, 2, 2]
		}
	},
	"groups": [
		{
			"name": "group",
			"origin": [-10.35545, 0.5, 2.48389],
			"color": 0,
			"children": [0, 1, 2, 3, 4, 5, 6, 7, 8, 9, 10]
		},
		{
			"name": "group",
			"origin": [28.61316, 14.40077, 2.645],
			"color": 0,
			"children": [11, 12, 13, 14, 15]
		}
	]
}