{
	"textures": {
		"0": "item/post",
		"particle": "item/post"
	},
	"elements": [
		{
			"from": [3, -4.125, 6.75],
			"to": [13, 2.75, 9.25],
			"rotation": {"angle": 0, "axis": "y", "origin": [-2, -4.125, 18]},
			"faces": {
				"north": {"uv": [16, 1.125, 15.3125, 1.75], "texture": "#0"},
				"east": {"uv": [16, 1.125, 15.3125, 1.75], "texture": "#0"},
				"south": {"uv": [16, 1.125, 15.3125, 1.75], "texture": "#0"},
				"west": {"uv": [16, 1.125, 15.3125, 1.75], "texture": "#0"},
				"up": {"uv": [15.3125, 1.75, 16, 1.125], "texture": "#0"},
				"down": {"uv": [15.3125, 1.75, 16, 1.125], "texture": "#0"}
			}
		},
		{
			"from": [-3.25, 18.75, 1.75],
			"to": [-1.75, 29.75, 12.25],
			"rotation": {"angle": 0, "axis": "y", "origin": [-2, 14.625, 18]},
			"faces": {
				"north": {"uv": [16, 0.25, 15.3125, 0.875], "texture": "#0"},
				"east": {"uv": [16, 0.25, 15.3125, 0.875], "texture": "#0"},
				"south": {"uv": [16, 0.25, 15.3125, 0.875], "texture": "#0"},
				"west": {"uv": [16, 0.25, 15.3125, 0.875], "texture": "#0"},
				"up": {"uv": [15.3125, 0.875, 16, 0.25], "texture": "#0"},
				"down": {"uv": [15.3125, 0.875, 16, 0.25], "texture": "#0"}
			}
		},
		{
			"from": [17.75, 18.75, 1.75],
			"to": [19.25, 29.75, 12.25],
			"rotation": {"angle": 0, "axis": "y", "origin": [19, 14.625, 18]},
			"faces": {
				"north": {"uv": [16, 0.25, 15.3125, 0.875], "texture": "#0"},
				"east": {"uv": [16, 0.25, 15.3125, 0.875], "texture": "#0"},
				"south": {"uv": [16, 0.25, 15.3125, 0.875], "texture": "#0"},
				"west": {"uv": [16, 0.25, 15.3125, 0.875], "texture": "#0"},
				"up": {"uv": [15.3125, 0.875, 16, 0.25], "texture": "#0"},
				"down": {"uv": [15.3125, 0.875, 16, 0.25], "texture": "#0"}
			}
		},
		{
			"from": [7.25, 18.75, 1.75],
			"to": [8.75, 29.75, 12.25],
			"rotation": {"angle": 0, "axis": "y", "origin": [8.5, 14.625, 18]},
			"faces": {
				"north": {"uv": [16, 0.25, 15.3125, 0.875], "texture": "#0"},
				"east": {"uv": [16, 0.25, 15.3125, 0.875], "texture": "#0"},
				"south": {"uv": [16, 0.25, 15.3125, 0.875], "texture": "#0"},
				"west": {"uv": [16, 0.25, 15.3125, 0.875], "texture": "#0"},
				"up": {"uv": [15.3125, 0.875, 16, 0.25], "texture": "#0"},
				"down": {"uv": [15.3125, 0.875, 16, 0.25], "texture": "#0"}
			}
		},
		{
			"from": [-3.25, 18.75, 12.25],
			"to": [19.25, 29.75, 14.25],
			"rotation": {"angle": 0, "axis": "y", "origin": [8.5, 14.625, 18]},
			"faces": {
				"north": {"uv": [16, 0.25, 15.3125, 0.875], "texture": "#0"},
				"east": {"uv": [16, 0.25, 15.3125, 0.875], "texture": "#0"},
				"south": {"uv": [16, 0.25, 15.3125, 0.875], "texture": "#0"},
				"west": {"uv": [16, 0.25, 15.3125, 0.875], "texture": "#0"},
				"up": {"uv": [15.3125, 0.875, 16, 0.25], "texture": "#0"},
				"down": {"uv": [15.3125, 0.875, 16, 0.25], "texture": "#0"}
			}
		},
		{
			"from": [-1, 29, 1.25],
			"to": [7, 29.75, 3.5],
			"rotation": {"angle": 0, "axis": "y", "origin": [8.5, 14.625, 7.25]},
			"faces": {
				"north": {"uv": [16, 5.75, 15.9375, 5.8125], "texture": "#0"},
				"east": {"uv": [16, 5.75, 15.9375, 5.8125], "texture": "#0"},
				"south": {"uv": [16, 5.75, 15.9375, 5.8125], "texture": "#0"},
				"west": {"uv": [16, 5.75, 15.9375, 5.8125], "texture": "#0"},
				"up": {"uv": [15.9375, 5.8125, 16, 5.75], "texture": "#0"},
				"down": {"uv": [15.9375, 5.8125, 16, 5.75], "texture": "#0"}
			}
		},
		{
			"from": [7, 18.75, 1.25],
			"to": [7.75, 29.75, 3.5],
			"rotation": {"angle": 0, "axis": "y", "origin": [8.5, 14.625, 7.25]},
			"faces": {
				"north": {"uv": [16, 5.75, 15.9375, 5.8125], "texture": "#0"},
				"east": {"uv": [16, 5.75, 15.9375, 5.8125], "texture": "#0"},
				"south": {"uv": [16, 5.75, 15.9375, 5.8125], "texture": "#0"},
				"west": {"uv": [16, 5.75, 15.9375, 5.8125], "texture": "#0"},
				"up": {"uv": [15.9375, 5.8125, 16, 5.75], "texture": "#0"},
				"down": {"uv": [15.9375, 5.8125, 16, 5.75], "texture": "#0"}
			}
		},
		{
			"from": [-1.75, 18.75, 1.25],
			"to": [-1, 29.75, 3.5],
			"rotation": {"angle": 0, "axis": "y", "origin": [8.5, 14.625, 7.25]},
			"faces": {
				"north": {"uv": [16, 5.75, 15.9375, 5.8125], "texture": "#0"},
				"east": {"uv": [16, 5.75, 15.9375, 5.8125], "texture": "#0"},
				"south": {"uv": [16, 5.75, 15.9375, 5.8125], "texture": "#0"},
				"west": {"uv": [16, 5.75, 15.9375, 5.8125], "texture": "#0"},
				"up": {"uv": [15.9375, 5.8125, 16, 5.75], "texture": "#0"},
				"down": {"uv": [15.9375, 5.8125, 16, 5.75], "texture": "#0"}
			}
		},
		{
			"from": [-1, 18.75, 1.25],
			"to": [7, 19.5, 3.5],
			"rotation": {"angle": 0, "axis": "y", "origin": [8.5, 4.125, 7.25]},
			"faces": {
				"north": {"uv": [16, 5.75, 15.9375, 5.8125], "texture": "#0"},
				"east": {"uv": [16, 5.75, 15.9375, 5.8125], "texture": "#0"},
				"south": {"uv": [16, 5.75, 15.9375, 5.8125], "texture": "#0"},
				"west": {"uv": [16, 5.75, 15.9375, 5.8125], "texture": "#0"},
				"up": {"uv": [15.9375, 5.8125, 16, 5.75], "texture": "#0"},
				"down": {"uv": [15.9375, 5.8125, 16, 5.75], "texture": "#0"}
			}
		},
		{
			"from": [9, 18.75, 1.25],
			"to": [17, 19.5, 3.5],
			"rotation": {"angle": 0, "axis": "y", "origin": [7.5, 4.125, 7.25]},
			"faces": {
				"north": {"uv": [16, 5.75, 15.9375, 5.8125], "texture": "#0"},
				"east": {"uv": [16, 5.75, 15.9375, 5.8125], "texture": "#0"},
				"south": {"uv": [16, 5.75, 15.9375, 5.8125], "texture": "#0"},
				"west": {"uv": [16, 5.75, 15.9375, 5.8125], "texture": "#0"},
				"up": {"uv": [15.9375, 5.8125, 16, 5.75], "texture": "#0"},
				"down": {"uv": [15.9375, 5.8125, 16, 5.75], "texture": "#0"}
			}
		},
		{
			"from": [-0.98333, 26.88113, 3.05133],
			"to": [6.98333, 29.02557, 3.55133],
			"rotation": {"angle": 0, "axis": "y", "origin": [8.5, 11.16724, 9.05133]},
			"faces": {
				"north": {"uv": [16, 8.125, 10.5, 6.375], "texture": "#0"},
				"east": {"uv": [16, 0.25, 15.3125, 0.875], "texture": "#0"},
				"south": {"uv": [16, 0.25, 15.3125, 0.875], "texture": "#0"},
				"west": {"uv": [16, 0.25, 15.3125, 0.875], "texture": "#0"},
				"up": {"uv": [15.3125, 0.875, 16, 0.25], "texture": "#0"},
				"down": {"uv": [15.3125, 0.875, 16, 0.25], "texture": "#0"}
			}
		},
		{
			"from": [9.01667, 26.88113, 3.05133],
			"to": [16.98333, 29.02557, 3.55133],
			"rotation": {"angle": 0, "axis": "y", "origin": [7.5, 11.16724, 9.05133]},
			"faces": {
				"north": {"uv": [10.5, 8.125, 16, 6.375], "texture": "#0"},
				"east": {"uv": [15.3125, 0.25, 16, 0.875], "texture": "#0"},
				"south": {"uv": [15.3125, 0.25, 16, 0.875], "texture": "#0"},
				"west": {"uv": [15.3125, 0.25, 16, 0.875], "texture": "#0"},
				"up": {"uv": [16, 0.875, 15.3125, 0.25], "texture": "#0"},
				"down": {"uv": [16, 0.875, 15.3125, 0.25], "texture": "#0"}
			}
		},
		{
			"from": [-1.25, 23.52112, 2.40067],
			"to": [7.25, 27.02112, 2.90067],
			"rotation": {"angle": 22.5, "axis": "x", "origin": [3, 25.27112, 2.65067]},
			"faces": {
				"north": {"uv": [16, 4.625, 15.3125, 4], "texture": "#0"},
				"east": {"uv": [16, 0.25, 15.3125, 0.875], "texture": "#0"},
				"south": {"uv": [16, 0.25, 15.3125, 0.875], "texture": "#0"},
				"west": {"uv": [16, 0.25, 15.3125, 0.875], "texture": "#0"},
				"up": {"uv": [15.3125, 0.875, 16, 0.25], "texture": "#0"},
				"down": {"uv": [15.3125, 0.875, 16, 0.25], "texture": "#0"}
			}
		},
		{
			"from": [-1.25, 19.25, 1.75],
			"to": [7.25, 23.75, 2.25],
			"rotation": {"angle": 0, "axis": "y", "origin": [8.5, 5.625, 7.75]},
			"faces": {
				"north": {"uv": [16, 4, 15.3125, 3.375], "texture": "#0"},
				"east": {"uv": [16, 0.25, 15.3125, 0.875], "texture": "#0"},
				"south": {"uv": [16, 0.25, 15.3125, 0.875], "texture": "#0"},
				"west": {"uv": [16, 0.25, 15.3125, 0.875], "texture": "#0"},
				"up": {"uv": [15.3125, 0.875, 16, 0.25], "texture": "#0"},
				"down": {"uv": [15.3125, 0.875, 16, 0.25], "texture": "#0"}
			}
		},
		{
			"from": [8.75, 23.52112, 2.40067],
			"to": [17.25, 27.02112, 2.90067],
			"rotation": {"angle": 22.5, "axis": "x", "origin": [13, 25.27112, 2.65067]},
			"faces": {
				"north": {"uv": [15.3125, 4.625, 16, 4], "texture": "#0"},
				"east": {"uv": [15.3125, 0.25, 16, 0.875], "texture": "#0"},
				"south": {"uv": [15.3125, 0.25, 16, 0.875], "texture": "#0"},
				"west": {"uv": [15.3125, 0.25, 16, 0.875], "texture": "#0"},
				"up": {"uv": [16, 0.875, 15.3125, 0.25], "texture": "#0"},
				"down": {"uv": [16, 0.875, 15.3125, 0.25], "texture": "#0"}
			}
		},
		{
			"from": [8.75, 19.25, 1.75],
			"to": [17.25, 23.75, 2.25],
			"rotation": {"angle": 0, "axis": "y", "origin": [7.5, 5.625, 7.75]},
			"faces": {
				"north": {"uv": [15.3125, 4, 16, 3.375], "texture": "#0"},
				"east": {"uv": [15.3125, 0.25, 16, 0.875], "texture": "#0"},
				"south": {"uv": [15.3125, 0.25, 16, 0.875], "texture": "#0"},
				"west": {"uv": [15.3125, 0.25, 16, 0.875], "texture": "#0"},
				"up": {"uv": [16, 0.875, 15.3125, 0.25], "texture": "#0"},
				"down": {"uv": [16, 0.875, 15.3125, 0.25], "texture": "#0"}
			}
		},
		{
			"from": [8.25, 18.75, 1.25],
			"to": [9, 29.75, 3.5],
			"rotation": {"angle": 0, "axis": "y", "origin": [7.5, 14.625, 7.25]},
			"faces": {
				"north": {"uv": [16, 5.75, 15.9375, 5.8125], "texture": "#0"},
				"east": {"uv": [16, 5.75, 15.9375, 5.8125], "texture": "#0"},
				"south": {"uv": [16, 5.75, 15.9375, 5.8125], "texture": "#0"},
				"west": {"uv": [16, 5.75, 15.9375, 5.8125], "texture": "#0"},
				"up": {"uv": [15.9375, 5.8125, 16, 5.75], "texture": "#0"},
				"down": {"uv": [15.9375, 5.8125, 16, 5.75], "texture": "#0"}
			}
		},
		{
			"from": [9, 29, 1.25],
			"to": [17, 29.75, 3.5],
			"rotation": {"angle": 0, "axis": "y", "origin": [7.5, 14.625, 7.25]},
			"faces": {
				"north": {"uv": [16, 5.75, 15.9375, 5.8125], "texture": "#0"},
				"east": {"uv": [16, 5.75, 15.9375, 5.8125], "texture": "#0"},
				"south": {"uv": [16, 5.75, 15.9375, 5.8125], "texture": "#0"},
				"west": {"uv": [16, 5.75, 15.9375, 5.8125], "texture": "#0"},
				"up": {"uv": [15.9375, 5.8125, 16, 5.75], "texture": "#0"},
				"down": {"uv": [15.9375, 5.8125, 16, 5.75], "texture": "#0"}
			}
		},
		{
			"from": [17, 18.75, 1.25],
			"to": [17.75, 29.75, 3.5],
			"rotation": {"angle": 0, "axis": "y", "origin": [7.5, 14.625, 7.25]},
			"faces": {
				"north": {"uv": [16, 5.75, 15.9375, 5.8125], "texture": "#0"},
				"east": {"uv": [16, 5.75, 15.9375, 5.8125], "texture": "#0"},
				"south": {"uv": [16, 5.75, 15.9375, 5.8125], "texture": "#0"},
				"west": {"uv": [16, 5.75, 15.9375, 5.8125], "texture": "#0"},
				"up": {"uv": [15.9375, 5.8125, 16, 5.75], "texture": "#0"},
				"down": {"uv": [15.9375, 5.8125, 16, 5.75], "texture": "#0"}
			}
		},
		{
			"from": [-3.25, 2.75, 1.75],
			"to": [19.25, 18.75, 14.25],
			"rotation": {"angle": 0, "axis": "y", "origin": [-2, 4, 18]},
			"faces": {
				"north": {"uv": [16, 0.25, 15.3125, 0.875], "texture": "#0"},
				"east": {"uv": [16, 0.25, 15.3125, 0.875], "texture": "#0"},
				"south": {"uv": [16, 0.25, 15.3125, 0.875], "texture": "#0"},
				"west": {"uv": [16, 0.25, 15.3125, 0.875], "texture": "#0"},
				"up": {"uv": [15.3125, 0.875, 16, 0.25], "texture": "#0"},
				"down": {"uv": [15.3125, 0.875, 16, 0.25], "texture": "#0"}
			}
		},
		{
			"from": [1.75, 3.75, 1.66],
			"to": [13.75, 17.75, 1.66],
			"rotation": {"angle": 0, "axis": "y", "origin": [-2, 4, 17.91]},
			"faces": {
				"north": {"uv": [0.5, 0, 10.5, 13.625], "texture": "#0"},
				"east": {"uv": [13.4375, 0, 12.75, 0.625], "texture": "#0"},
				"south": {"uv": [13.4375, 0, 12.75, 0.625], "texture": "#0"},
				"west": {"uv": [13.4375, 0, 12.75, 0.625], "texture": "#0"},
				"up": {"uv": [12.75, 0.625, 13.4375, 0], "texture": "#0"},
				"down": {"uv": [12.75, 0.625, 13.4375, 0], "texture": "#0"}
			}
		},
		{
			"from": [-2, -5, 0.5],
			"to": [18, -4.125, 15.5],
			"rotation": {"angle": 0, "axis": "y", "origin": [-2, -4.75, 18]},
			"faces": {
				"north": {"uv": [16, 2.9375, 15.875, 3], "texture": "#0"},
				"east": {"uv": [16, 2.9375, 15.875, 3], "texture": "#0"},
				"south": {"uv": [16, 2.9375, 15.875, 3], "texture": "#0"},
				"west": {"uv": [16, 2.9375, 15.875, 3], "texture": "#0"},
				"up": {"uv": [15.875, 3, 16, 2.9375], "texture": "#0"},
				"down": {"uv": [15.875, 3, 16, 2.9375], "texture": "#0"}
			}
		},
		{
			"from": [-3.25, 29.75, 1.75],
			"to": [19.25, 31.75, 14.25],
			"rotation": {"angle": 0, "axis": "y", "origin": [-2, 4.125, 18]},
			"faces": {
				"north": {"uv": [16, 0.25, 15.3125, 0.875], "texture": "#0"},
				"east": {"uv": [16, 0.25, 15.3125, 0.875], "texture": "#0"},
				"south": {"uv": [16, 0.25, 15.3125, 0.875], "texture": "#0"},
				"west": {"uv": [16, 0.25, 15.3125, 0.875], "texture": "#0"},
				"up": {"uv": [15.3125, 0.875, 16, 0.25], "texture": "#0"},
				"down": {"uv": [15.3125, 0.875, 16, 0.25], "texture": "#0"}
			}
		},
		{
			"from": [0, 29.75, -0.54],
			"to": [6, 31.25, 1.75],
			"rotation": {"angle": 0, "axis": "y", "origin": [-1.75, 4.125, 14.5]},
			"faces": {
				"north": {"uv": [16, 0.25, 15.3125, 0.875], "texture": "#0"},
				"east": {"uv": [16, 0.25, 15.3125, 0.875], "texture": "#0"},
				"south": {"uv": [16, 0.25, 15.3125, 0.875], "texture": "#0"},
				"west": {"uv": [16, 0.25, 15.3125, 0.875], "texture": "#0"},
				"up": {"uv": [15.3125, 0.875, 16, 0.25], "texture": "#0"},
				"down": {"uv": [15.3125, 0.875, 16, 0.25], "texture": "#0"}
			}
		},
		{
			"from": [-2.42493, 29.75, 0.18981],
			"to": [0.92507, 31.25, 1.93981],
			"rotation": {"angle": 45, "axis": "y", "origin": [-0.42493, 30.5, 0.93981]},
			"faces": {
				"north": {"uv": [16, 0.25, 15.3125, 0.875], "texture": "#0"},
				"east": {"uv": [16, 0.25, 15.3125, 0.875], "texture": "#0"},
				"south": {"uv": [16, 0.25, 15.3125, 0.875], "texture": "#0"},
				"west": {"uv": [16, 0.25, 15.3125, 0.875], "texture": "#0"},
				"up": {"uv": [15.3125, 0.875, 16, 0.25], "texture": "#0"},
				"down": {"uv": [15.3125, 0.875, 16, 0.25], "texture": "#0"}
			}
		},
		{
			"from": [5.07493, 29.75, 0.18981],
			"to": [8.42493, 31.25, 1.93981],
			"rotation": {"angle": -45, "axis": "y", "origin": [6.42493, 30.5, 0.93981]},
			"faces": {
				"north": {"uv": [16, 0.25, 15.3125, 0.875], "texture": "#0"},
				"east": {"uv": [16, 0.25, 15.3125, 0.875], "texture": "#0"},
				"south": {"uv": [16, 0.25, 15.3125, 0.875], "texture": "#0"},
				"west": {"uv": [16, 0.25, 15.3125, 0.875], "texture": "#0"},
				"up": {"uv": [15.3125, 0.875, 16, 0.25], "texture": "#0"},
				"down": {"uv": [15.3125, 0.875, 16, 0.25], "texture": "#0"}
			}
		},
		{
			"from": [7.82507, 29.75, 0.18981],
			"to": [10.92507, 31.25, 1.93981],
			"rotation": {"angle": 45, "axis": "y", "origin": [9.57507, 30.5, 0.93981]},
			"faces": {
				"north": {"uv": [16, 0.25, 15.3125, 0.875], "texture": "#0"},
				"east": {"uv": [16, 0.25, 15.3125, 0.875], "texture": "#0"},
				"south": {"uv": [16, 0.25, 15.3125, 0.875], "texture": "#0"},
				"west": {"uv": [16, 0.25, 15.3125, 0.875], "texture": "#0"},
				"up": {"uv": [15.3125, 0.875, 16, 0.25], "texture": "#0"},
				"down": {"uv": [15.3125, 0.875, 16, 0.25], "texture": "#0"}
			}
		},
		{
			"from": [10, 29.75, -0.54],
			"to": [16, 31.25, 1.75],
			"rotation": {"angle": 0, "axis": "y", "origin": [17.75, 4.125, 14.5]},
			"faces": {
				"north": {"uv": [16, 0.25, 15.3125, 0.875], "texture": "#0"},
				"east": {"uv": [16, 0.25, 15.3125, 0.875], "texture": "#0"},
				"south": {"uv": [16, 0.25, 15.3125, 0.875], "texture": "#0"},
				"west": {"uv": [16, 0.25, 15.3125, 0.875], "texture": "#0"},
				"up": {"uv": [15.3125, 0.875, 16, 0.25], "texture": "#0"},
				"down": {"uv": [15.3125, 0.875, 16, 0.25], "texture": "#0"}
			}
		},
		{
			"from": [15.07493, 29.75, 0.18981],
			"to": [18.42493, 31.25, 1.93981],
			"rotation": {"angle": -45, "axis": "y", "origin": [16.42493, 30.5, 0.93981]},
			"faces": {
				"north": {"uv": [16, 0.25, 15.3125, 0.875], "texture": "#0"},
				"east": {"uv": [16, 0.25, 15.3125, 0.875], "texture": "#0"},
				"south": {"uv": [16, 0.25, 15.3125, 0.875], "texture": "#0"},
				"west": {"uv": [16, 0.25, 15.3125, 0.875], "texture": "#0"},
				"up": {"uv": [15.3125, 0.875, 16, 0.25], "texture": "#0"},
				"down": {"uv": [15.3125, 0.875, 16, 0.25], "texture": "#0"}
			}
		}
	],
	"gui_light": "front",
	"display": {
		"thirdperson_righthand": {
			"rotation": [75, 45, 0],
			"translation": [0, 2.5, 0],
			"scale": [0.375, 0.375, 0.375]
		},
		"thirdperson_lefthand": {
			"rotation": [75, 45, 0],
			"translation": [0, 2.5, 0],
			"scale": [0.375, 0.375, 0.375]
		},
		"firstperson_righthand": {
			"rotation": [0, 145, 0],
			"scale": [0.4, 0.4, 0.4]
		},
		"firstperson_lefthand": {
			"rotation": [0, 145, 0],
			"scale": [0.4, 0.4, 0.4]
		},
		"ground": {
			"translation": [0, 3, 0],
			"scale": [0.25, 0.25, 0.25]
		},
		"gui": {
			"rotation": [30, 225, 0],
			"translation": [0, -1.75, 0],
			"scale": [0.35, 0.35, 0.35]
		},
		"fixed": {
			"scale": [0.5, 0.5, 0.5]
		}
	},
	"groups": [
		0,
		1,
		2,
		3,
		4,
		{
			"name": "group",
			"origin": [8.5, -6.875, 8.75],
			"color": 0,
			"children": [5, 6, 7, 8]
		},
		{
			"name": "group",
			"origin": [7.5, 3.625, 8.75],
			"color": 0,
			"children": [9, 10, 11, 12, 13, 14, 15, 16, 17, 18]
		},
		19,
		20,
		21,
		22,
		23,
		24,
		25,
		26,
		27,
		28
	]
}