{
	"texture_size": [320, 320],
	"textures": {
		"2": "item/release_device",
		"3": "item/bomb"
	},
	"elements": [
		{
			"name": "hexadecagon",
			"from": [5.25, 2.40326, 6.6875],
			"to": [11.25, 11.34674, 8.4375],
			"rotation": {"angle": 0, "axis": "y", "origin": [8, 7.71757, 8]},
			"faces": {
				"north": {"uv": [0, 0, 3.5, 4.5], "texture": "#2"},
				"east": {"uv": [0, 4.5, 1, 9], "texture": "#2"},
				"south": {"uv": [3.5, 0, 7, 4.5], "texture": "#2"},
				"west": {"uv": [0, 4.5, 1, 9], "texture": "#2"},
				"up": {"uv": [5.5, 6.5, 2, 5.5], "texture": "#2"},
				"down": {"uv": [5.5, 5.5, 2, 6.5], "texture": "#2"}
			}
		},
		{
			"name": "hexadecagon",
			"from": [4.75, 2.40326, 6.6875],
			"to": [5.25, 11.34674, 8.9375],
			"rotation": {"angle": 0, "axis": "y", "origin": [8.5, 7.71757, 8]},
			"faces": {
				"north": {"uv": [5.5, 5.5, 6, 10], "texture": "#2"},
				"east": {"uv": [1, 4.5, 2, 9], "texture": "#2"},
				"south": {"uv": [5.5, 5.5, 6, 10], "texture": "#2"},
				"west": {"uv": [1, 4.5, 2, 9], "texture": "#2"},
				"up": {"uv": [5.5, 7.5, 5, 6.5], "texture": "#2"},
				"down": {"uv": [5.5, 6.5, 5, 7.5], "texture": "#2"}
			}
		},
		{
			"name": "hexadecagon",
			"from": [4.75, 11.34674, 6.6875],
			"to": [11.75, 11.79021, 8.9375],
			"rotation": {"angle": 0, "axis": "y", "origin": [8, 7.71757, 8]},
			"faces": {
				"north": {"uv": [6, 4.5, 10, 5], "texture": "#2"},
				"east": {"uv": [6.5, 5, 7.5, 5.5], "texture": "#2"},
				"south": {"uv": [6, 4.5, 10, 5], "texture": "#2"},
				"west": {"uv": [6.5, 5, 7.5, 5.5], "texture": "#2"},
				"up": {"uv": [6, 5.5, 2, 4.5], "texture": "#2"},
				"down": {"uv": [6, 4.5, 2, 5.5], "texture": "#2"}
			}
		},
		{
			"name": "hexadecagon",
			"from": [10, 11.59674, 7.5],
			"to": [11, 14.54021, 8.5],
			"rotation": {"angle": 0, "axis": "y", "origin": [8, 7.96757, 8.0625]},
			"faces": {
				"north": {"uv": [6, 5, 6.5, 6.5], "texture": "#2"},
				"east": {"uv": [6, 5, 6.5, 6.5], "texture": "#2"},
				"south": {"uv": [6, 5, 6.5, 6.5], "texture": "#2"},
				"west": {"uv": [6, 5, 6.5, 6.5], "texture": "#2"},
				"up": {"uv": [4, 7.5, 3.5, 7], "texture": "#2"},
				"down": {"uv": [4, 7, 3.5, 7.5], "texture": "#2"}
			}
		},
		{
			"name": "hexadecagon",
			"from": [4.75, 1.95979, 6.6875],
			"to": [11.75, 2.40326, 8.9375],
			"rotation": {"angle": 0, "axis": "y", "origin": [8, 6.625, 8]},
			"faces": {
				"north": {"uv": [6, 4.5, 10, 5], "texture": "#2"},
				"east": {"uv": [6.5, 5, 7.5, 5.5], "texture": "#2"},
				"south": {"uv": [6, 4.5, 10, 5], "texture": "#2"},
				"west": {"uv": [6.5, 5, 7.5, 5.5], "texture": "#2"},
				"up": {"uv": [6, 5.5, 2, 4.5], "texture": "#2"},
				"down": {"uv": [6, 4.5, 2, 5.5], "texture": "#2"}
			}
		},
		{
			"name": "hexadecagon",
			"from": [11.25, 2.40326, 6.6875],
			"to": [11.75, 11.34674, 8.9375],
			"rotation": {"angle": 0, "axis": "y", "origin": [8, 7.71757, 8]},
			"faces": {
				"north": {"uv": [5.5, 5.5, 6, 10], "texture": "#2"},
				"east": {"uv": [1, 4.5, 2, 9], "texture": "#2"},
				"south": {"uv": [5.5, 5.5, 6, 10], "texture": "#2"},
				"west": {"uv": [1, 4.5, 2, 9], "texture": "#2"},
				"up": {"uv": [5.5, 7.5, 5, 6.5], "texture": "#2"},
				"down": {"uv": [5.5, 6.5, 5, 7.5], "texture": "#2"}
			}
		},
		{
			"name": "hexadecagon",
			"from": [5.9375, 8.55245, 6.86611],
			"to": [10.75, 10.94755, 8.56819],
			"rotation": {"angle": 0, "axis": "y", "origin": [2.25, 8.53818, 7.66038]},
			"faces": {
				"north": {"uv": [6.5, 6, 7, 6.5], "texture": "#2"},
				"east": {"uv": [3.5, 6.5, 4.5, 7], "texture": "#2"},
				"south": {"uv": [6.5, 6.5, 7, 7], "texture": "#2"},
				"west": {"uv": [3.5, 6.5, 4.5, 7], "texture": "#2"},
				"up": {"uv": [5, 7.5, 4.5, 6.5], "texture": "#2"},
				"down": {"uv": [5, 6.5, 4.5, 7.5], "texture": "#2"}
			}
		},
		{
			"from": [7.66146, 3.32139, 8.56771],
			"to": [10.16146, 5.19639, 8.78993],
			"rotation": {"angle": 0, "axis": "y", "origin": [8, 5.55924, 8.67882]},
			"faces": {
				"north": {"uv": [0.9, 14.1, 0.925, 14.125], "texture": "#3"},
				"east": {"uv": [0.9, 14.1, 0.925, 14.125], "texture": "#3"},
				"south": {"uv": [0.9, 14.1, 0.925, 14.125], "texture": "#3"},
				"west": {"uv": [0.9, 14.1, 0.925, 14.125], "texture": "#3"},
				"up": {"uv": [0.9, 14.1, 0.925, 14.125], "texture": "#3"},
				"down": {"uv": [0.9, 14.1, 0.925, 14.125], "texture": "#3"}
			}
		},
		{
			"from": [8.91146, 6.73667, 8.56771],
			"to": [10.16146, 7.695, 9.10243],
			"rotation": {"angle": 0, "axis": "y", "origin": [8, 5.64813, 8.67882]},
			"faces": {
				"north": {"uv": [0.9, 14.1, 0.925, 14.125], "texture": "#3"},
				"east": {"uv": [0.9, 14.1, 0.925, 14.125], "texture": "#3"},
				"south": {"uv": [0.9, 14.1, 0.925, 14.125], "texture": "#3"},
				"west": {"uv": [0.9, 14.1, 0.925, 14.125], "texture": "#3"},
				"up": {"uv": [0.9, 14.1, 0.925, 14.125], "texture": "#3"},
				"down": {"uv": [0.9, 14.1, 0.925, 14.125], "texture": "#3"}
			}
		},
		{
			"from": [8.91146, 5.50889, 8.56771],
			"to": [10.16146, 6.44639, 9.10243],
			"rotation": {"angle": 0, "axis": "y", "origin": [8, 5.55924, 8.67882]},
			"faces": {
				"north": {"uv": [0.9, 14.1, 0.925, 14.125], "texture": "#3"},
				"east": {"uv": [0.9, 14.1, 0.925, 14.125], "texture": "#3"},
				"south": {"uv": [0.9, 14.1, 0.925, 14.125], "texture": "#3"},
				"west": {"uv": [0.9, 14.1, 0.925, 14.125], "texture": "#3"},
				"up": {"uv": [0.9, 14.1, 0.925, 14.125], "texture": "#3"},
				"down": {"uv": [0.9, 14.1, 0.925, 14.125], "texture": "#3"}
			}
		},
		{
			"from": [7.66146, 5.62, 8.56771],
			"to": [8.28646, 6.44639, 8.78993],
			"rotation": {"angle": 0, "axis": "y", "origin": [8, 5.55924, 8.67882]},
			"faces": {
				"north": {"uv": [0.9, 14.1, 0.925, 14.125], "texture": "#3"},
				"east": {"uv": [0.9, 14.1, 0.925, 14.125], "texture": "#3"},
				"south": {"uv": [0.9, 14.1, 0.925, 14.125], "texture": "#3"},
				"west": {"uv": [0.9, 14.1, 0.925, 14.125], "texture": "#3"},
				"up": {"uv": [0.9, 14.1, 0.925, 14.125], "texture": "#3"},
				"down": {"uv": [0.9, 14.1, 0.925, 14.125], "texture": "#3"}
			}
		},
		{
			"from": [6.41146, 4.37, 8.56771],
			"to": [7.25868, 7.60611, 8.78993],
			"rotation": {"angle": 0, "axis": "y", "origin": [8, 5.55924, 8.67882]},
			"faces": {
				"north": {"uv": [0.9, 14.1, 0.925, 14.125], "texture": "#3"},
				"east": {"uv": [0.9, 14.1, 0.925, 14.125], "texture": "#3"},
				"south": {"uv": [0.9, 14.1, 0.925, 14.125], "texture": "#3"},
				"west": {"uv": [0.9, 14.1, 0.925, 14.125], "texture": "#3"},
				"up": {"uv": [0.9, 14.1, 0.925, 14.125], "texture": "#3"},
				"down": {"uv": [0.9, 14.1, 0.925, 14.125], "texture": "#3"}
			}
		},
		{
			"from": [6.36285, 3.32139, 8.56771],
			"to": [6.56423, 3.94639, 8.78993],
			"rotation": {"angle": 0, "axis": "y", "origin": [8, 5.55924, 8.67882]},
			"faces": {
				"north": {"uv": [3.45, 14.1, 3.475, 14.125], "texture": "#3"},
				"east": {"uv": [3.45, 14.1, 3.475, 14.125], "texture": "#3"},
				"south": {"uv": [3.45, 14.1, 3.475, 14.125], "texture": "#3"},
				"west": {"uv": [3.45, 14.1, 3.475, 14.125], "texture": "#3"},
				"up": {"uv": [3.45, 14.1, 3.475, 14.125], "texture": "#3"},
				"down": {"uv": [3.45, 14.1, 3.475, 14.125], "texture": "#3"}
			}
		},
		{
			"from": [6.69618, 3.32139, 8.56771],
			"to": [6.89757, 3.94639, 8.78993],
			"rotation": {"angle": 0, "axis": "y", "origin": [8, 5.55924, 8.67882]},
			"faces": {
				"north": {"uv": [3.45, 14.1, 3.475, 14.125], "texture": "#3"},
				"east": {"uv": [3.45, 14.1, 3.475, 14.125], "texture": "#3"},
				"south": {"uv": [3.45, 14.1, 3.475, 14.125], "texture": "#3"},
				"west": {"uv": [3.45, 14.1, 3.475, 14.125], "texture": "#3"},
				"up": {"uv": [3.45, 14.1, 3.475, 14.125], "texture": "#3"},
				"down": {"uv": [3.45, 14.1, 3.475, 14.125], "texture": "#3"}
			}
		},
		{
			"from": [7.02951, 3.32139, 8.56771],
			"to": [7.23091, 3.94639, 8.78993],
			"rotation": {"angle": 0, "axis": "y", "origin": [8, 5.55924, 8.67882]},
			"faces": {
				"north": {"uv": [3.45, 14.1, 3.475, 14.125], "texture": "#3"},
				"east": {"uv": [3.45, 14.1, 3.475, 14.125], "texture": "#3"},
				"south": {"uv": [3.45, 14.1, 3.475, 14.125], "texture": "#3"},
				"west": {"uv": [3.45, 14.1, 3.475, 14.125], "texture": "#3"},
				"up": {"uv": [3.45, 14.1, 3.475, 14.125], "texture": "#3"},
				"down": {"uv": [3.45, 14.1, 3.475, 14.125], "texture": "#3"}
			}
		},
		{
			"from": [7.57812, 7.07139, 8.56771],
			"to": [8.40451, 7.27278, 8.78993],
			"rotation": {"angle": 0, "axis": "y", "origin": [8, 5.55924, 8.67882]},
			"faces": {
				"north": {"uv": [2.6, 14.1, 2.625, 14.125], "texture": "#3"},
				"east": {"uv": [2.6, 14.1, 2.625, 14.125], "texture": "#3"},
				"south": {"uv": [2.6, 14.1, 2.625, 14.125], "texture": "#3"},
				"west": {"uv": [2.6, 14.1, 2.625, 14.125], "texture": "#3"},
				"up": {"uv": [2.6, 14.1, 2.625, 14.125], "texture": "#3"},
				"down": {"uv": [2.6, 14.1, 2.625, 14.125], "texture": "#3"}
			}
		},
		{
			"from": [7.57812, 7.38389, 8.56771],
			"to": [8.40451, 7.58528, 8.78993],
			"rotation": {"angle": 0, "axis": "y", "origin": [8, 5.55924, 8.67882]},
			"faces": {
				"north": {"uv": [2.6, 14.1, 2.625, 14.125], "texture": "#3"},
				"east": {"uv": [2.6, 14.1, 2.625, 14.125], "texture": "#3"},
				"south": {"uv": [2.6, 14.1, 2.625, 14.125], "texture": "#3"},
				"west": {"uv": [2.6, 14.1, 2.625, 14.125], "texture": "#3"},
				"up": {"uv": [2.6, 14.1, 2.625, 14.125], "texture": "#3"},
				"down": {"uv": [2.6, 14.1, 2.625, 14.125], "texture": "#3"}
			}
		},
		{
			"from": [7.57812, 6.75889, 8.56771],
			"to": [8.40451, 6.96028, 8.78993],
			"rotation": {"angle": 0, "axis": "y", "origin": [8, 5.55924, 8.67882]},
			"faces": {
				"north": {"uv": [2.6, 14.1, 2.625, 14.125], "texture": "#3"},
				"east": {"uv": [2.6, 14.1, 2.625, 14.125], "texture": "#3"},
				"south": {"uv": [2.6, 14.1, 2.625, 14.125], "texture": "#3"},
				"west": {"uv": [2.6, 14.1, 2.625, 14.125], "texture": "#3"},
				"up": {"uv": [2.6, 14.1, 2.625, 14.125], "texture": "#3"},
				"down": {"uv": [2.6, 14.1, 2.625, 14.125], "texture": "#3"}
			}
		},
		{
			"from": [5.87673, 2.69639, 7.85243],
			"to": [10.87673, 8.32139, 8.47743],
			"rotation": {"angle": 0, "axis": "y", "origin": [8, 5.55924, 8.67882]},
			"faces": {
				"north": {"uv": [1.75, 14.1, 2.55, 14.9], "texture": "#3"},
				"east": {"uv": [2.5, 14.1, 2.55, 14.9], "texture": "#3"},
				"south": {"uv": [1.75, 14.1, 2.55, 14.9], "texture": "#3"},
				"west": {"uv": [1.75, 14.1, 1.8, 14.9], "texture": "#3"},
				"up": {"uv": [1.75, 14.1, 2.55, 14.15], "texture": "#3"},
				"down": {"uv": [1.75, 14.85, 2.55, 14.9], "texture": "#3"}
			}
		},
		{
			"from": [6.18923, 3.00889, 8.47743],
			"to": [10.56423, 8.00889, 8.58854],
			"rotation": {"angle": 0, "axis": "y", "origin": [8, 5.55924, 8.67882]},
			"faces": {
				"north": {"uv": [0.05, 0.05, 16.05, 8.55], "texture": "#3"},
				"east": {"uv": [0.05, 0.05, 0.20802, 8.55], "texture": "#3"},
				"south": {"uv": [10.1625, 0.05, 16.05, 7.525], "texture": "#3"},
				"west": {"uv": [0.05, 0.05, 0.20802, 8.55], "texture": "#3"},
				"up": {"uv": [0.05, 0.05, 16.05, 0.26587], "texture": "#3"},
				"down": {"uv": [0.05, 0.05, 16.05, 0.26587], "texture": "#3"}
			}
		}
	],
	"gui_light": "front",
	"display": {
		"thirdperson_righthand": {
			"rotation": [18, 0, 0],
			"translation": [0, 2.5, 1.25],
			"scale": [0.55, 0.55, 0.55]
		},
		"thirdperson_lefthand": {
			"rotation": [18, 0, 0],
			"translation": [0, 2.5, 1.25],
			"scale": [0.55, 0.55, 0.55]
		},
		"firstperson_righthand": {
			"rotation": [-26, -12, 0],
			"translation": [-2.12, 2.95, 1.13],
			"scale": [0.75, 0.75, 0.75]
		},
		"firstperson_lefthand": {
			"rotation": [-26, -12, 0],
			"translation": [-2.12, 2.95, 1.13],
			"scale": [0.75, 0.75, 0.75]
		},
		"ground": {
			"rotation": [-70, 0, 0],
			"translation": [0, 2, 0],
			"scale": [0.5, 0.5, 0.5]
		},
		"gui": {
			"translation": [-0.25, -0.25, 0],
			"scale": [1.2, 1.2, 1.2]
		},
		"head": {
			"rotation": [0, 180, 0],
			"translation": [0, 13, 7]
		},
		"fixed": {
			"rotation": [0, 180, 0],
			"translation": [1, 0, 0]
		}
	},
	"groups": [
		{
			"name": "group",
			"origin": [2.25, 8.28818, 7.66038],
			"color": 0,
			"children": [0, 1, 2, 3, 4, 5, 6]
		},
		{
			"name": "group",
			"origin": [5.30139, 5.5, 7.45201],
			"color": 0,
			"children": [7, 8, 9, 10, 11, 12, 13, 14, 15, 16, 17, 18, 19]
		}
	]
}