{
	"credit": "Made with Blockbench",
	"texture_size": [32, 32],
	"textures": {
		"0": "item/sapphire_ring",
		"particle": "item/sapphire_ring"
	},
	"elements": [
		{
			"from": [3, 0, 7],
			"to": [13, 1, 9],
			"rotation": {"angle": 0, "axis": "y", "origin": [7, 0, 7]},
			"faces": {
				"north": {"uv": [4, 8, 9, 8.5], "texture": "#0"},
				"east": {"uv": [4, 6, 5, 6.5], "texture": "#0"},
				"south": {"uv": [8, 4, 13, 4.5], "texture": "#0"},
				"west": {"uv": [4, 6.5, 5, 7], "texture": "#0"},
				"up": {"uv": [10, 1, 5, 0], "texture": "#0"},
				"down": {"uv": [10, 1, 5, 2], "texture": "#0"}
			}
		},
		{
			"from": [3, 9, 7],
			"to": [13, 10, 9],
			"rotation": {"angle": 0, "axis": "y", "origin": [7, 9, 7]},
			"faces": {
				"north": {"uv": [8, 4.5, 13, 5], "texture": "#0"},
				"east": {"uv": [8, 6.5, 9, 7], "texture": "#0"},
				"south": {"uv": [8, 5, 13, 5.5], "texture": "#0"},
				"west": {"uv": [7.5, 8.5, 8.5, 9], "texture": "#0"},
				"up": {"uv": [10, 3, 5, 2], "texture": "#0"},
				"down": {"uv": [10, 3, 5, 4], "texture": "#0"}
			}
		},
		{
			"from": [5, 9.5, 3],
			"to": [11, 9.5, 13],
			"rotation": {"angle": 0, "axis": "y", "origin": [8, 8.5, 8]},
			"faces": {
				"north": {"uv": [0, 0, 3, 0], "texture": "#0"},
				"east": {"uv": [0, 0, 5, 0], "texture": "#0"},
				"south": {"uv": [0, 0, 3, 0], "texture": "#0"},
				"west": {"uv": [0, 0, 5, 0], "texture": "#0"},
				"up": {"uv": [5, 3, 0, 0], "rotation": 90, "texture": "#0"},
				"down": {"uv": [5, 0, 0, 3], "rotation": 270, "texture": "#0"}
			}
		},
		{
			"from": [12, 1, 7],
			"to": [13, 9, 9],
			"rotation": {"angle": 0, "axis": "y", "origin": [7, 0, 7]},
			"faces": {
				"north": {"uv": [4, 8.5, 4.5, 12.5], "texture": "#0"},
				"east": {"uv": [0, 6, 1, 10], "texture": "#0"},
				"south": {"uv": [4.5, 8.5, 5, 12.5], "texture": "#0"},
				"west": {"uv": [1, 6, 2, 10], "texture": "#0"},
				"up": {"uv": [9, 9.5, 8.5, 8.5], "texture": "#0"},
				"down": {"uv": [8, 9, 7.5, 10], "texture": "#0"}
			}
		},
		{
			"from": [3, 1, 7],
			"to": [4, 9, 9],
			"rotation": {"angle": 0, "axis": "y", "origin": [-2, 0, 7]},
			"faces": {
				"north": {"uv": [5, 8.5, 5.5, 12.5], "texture": "#0"},
				"east": {"uv": [2, 6, 3, 10], "texture": "#0"},
				"south": {"uv": [5.5, 8.5, 6, 12.5], "texture": "#0"},
				"west": {"uv": [3, 6, 4, 10], "texture": "#0"},
				"up": {"uv": [8.5, 10, 8, 9], "texture": "#0"},
				"down": {"uv": [9.5, 8, 9, 9], "texture": "#0"}
			}
		},
		{
			"from": [6.5, 9, 5],
			"to": [9.5, 11, 11],
			"rotation": {"angle": 0, "axis": "y", "origin": [8, 9, 8]},
			"faces": {
				"north": {"uv": [6, 8.5, 7.5, 9.5], "texture": "#0"},
				"east": {"uv": [4, 7, 7, 8], "texture": "#0"},
				"south": {"uv": [8, 5.5, 9.5, 6.5], "texture": "#0"},
				"west": {"uv": [7, 7, 10, 8], "texture": "#0"},
				"up": {"uv": [8, 5.5, 5, 4], "rotation": 90, "texture": "#0"},
				"down": {"uv": [8, 5.5, 5, 7], "rotation": 270, "texture": "#0"}
			}
		}
	],
	"gui_light": "front",
	"display": {
		"thirdperson_righthand": {
			"translation": [0.5, 0, 0.75],
			"scale": [0.25, 0.25, 0.25]
		},
		"thirdperson_lefthand": {
			"translation": [0.5, 0, 0.75],
			"scale": [0.25, 0.25, 0.25]
		},
		"firstperson_righthand": {
			"translation": [1.5, 1.5, 0],
			"scale": [0.5, 0.5, 0.5]
		},
		"firstperson_lefthand": {
			"translation": [1.5, 1.5, 0],
			"scale": [0.5, 0.5, 0.5]
		},
		"ground": {
			"translation": [0, 1.25, 0],
			"scale": [0.25, 0.25, 0.25]
		},
		"gui": {
			"rotation": [42, -30, 0],
			"translation": [0, 1.5, 0]
		}
	},
	"groups": [
		{
			"name": "all",
			"origin": [8, 8, 8],
			"color": 0,
			"children": [
				{
					"name": "ring",
					"origin": [8, 8, 8],
					"color": 0,
					"children": [0, 1, 2, 3, 4]
				},
				{
					"name": "stone",
					"origin": [8, 8, 8],
					"color": 0,
					"children": [5]
				}
			]
		}
	]
}