{
	"credit": "Made with Blockbench",
	"texture_size": [64, 64],
	"textures": {
		"0": "item/scoop",
		"particle": "item/scoop"
	},
	"elements": [
		{
			"from": [7.5, 6.5, -4],
			"to": [8.5, 7.5, 16],
			"rotation": {"angle": 0, "axis": "y", "origin": [7, 6, 0]},
			"faces": {
				"north": {"uv": [5.75, 0.5, 6, 0.75], "texture": "#0"},
				"east": {"uv": [5.5, 0, 10.5, 0.25], "texture": "#0"},
				"south": {"uv": [5.75, 0.75, 6, 1], "texture": "#0"},
				"west": {"uv": [5.5, 0, 10.5, 0.25], "texture": "#0"},
				"up": {"uv": [5.75, 5.5, 5.5, 0.5], "texture": "#0"},
				"down": {"uv": [5.75, 0.5, 5.5, 5.5], "texture": "#0"}
			}
		},
		{
			"from": [2.5, 7, -9],
			"to": [13.5, 7, 24],
			"rotation": {"angle": 0, "axis": "y", "origin": [7, 6, 0]},
			"faces": {
				"up": {"uv": [5.5, 8.25, 2.75, 0], "texture": "#0"},
				"down": {"uv": [5.5, 0, 2.75, 8.25], "texture": "#0"}
			}
		}
	],
	"gui_light": "front",
	"display": {
		"thirdperson_righthand": {
			"rotation": [31.25, 0, 0],
			"translation": [0, 2.75, -3.75],
			"scale": [0.75, 0.75, 0.75]
		},
		"thirdperson_lefthand": {
			"rotation": [31.25, 0, 0],
			"translation": [0, 2.75, -3.75],
			"scale": [0.75, 0.75, 0.75]
		},
		"firstperson_righthand": {
			"rotation": [29.75, 0, 0],
			"translation": [2.25, 0, 0]
		},
		"firstperson_lefthand": {
			"rotation": [29.75, 0, 0],
			"translation": [2.25, 0, 0]
		},
		"ground": {
			"translation": [0, -0.5, 0],
			"scale": [0.5, 0.5, 0.5]
		},
		"gui": {
			"rotation": [35, 140, 0],
			"scale": [0.5, 0.5, 0.5]
		}
	},
	"groups": [
		{
			"name": "all",
			"origin": [8, 8, 8],
			"color": 0,
			"children": [0, 1]
		}
	]
}