{
	"texture_size": [1080, 1920],
	"textures": {
		"0": "item/signboard_bon",
		"particle": "item/signboard_bon"
	},
	"elements": [
		{
			"from": [3.5, -16, 4.26667],
			"to": [13.5, 32, 11.73333],
			"rotation": {"angle": 0, "axis": "y", "origin": [2, 0, 6]},
			"faces": {
				"north": {"uv": [6.11112, 1.87916, 9.9037, 13.925], "texture": "#0"},
				"east": {"uv": [0.18519, 0, 0.97778, 0.4875], "texture": "#0"},
				"south": {"uv": [5.75556, 1.92083, 10.25926, 13.96667], "texture": "#0"},
				"west": {"uv": [0.18519, 0, 0.97778, 0.4875], "texture": "#0"},
				"up": {"uv": [0.18519, 0, 0.97778, 0.4875], "texture": "#0"},
				"down": {"uv": [0.18519, 0, 0.97778, 0.4875], "texture": "#0"}
			}
		},
		{
			"from": [3.5, -16, 4.5],
			"to": [13.5, 32, 11.5],
			"rotation": {"angle": 0, "axis": "y", "origin": [2, 0, 6]},
			"faces": {
				"north": {"uv": [8.0963, 3.2, 8.19259, 3.2375], "texture": "#0"},
				"east": {"uv": [8.0963, 3.2, 8.19259, 3.2375], "texture": "#0"},
				"south": {"uv": [8.0963, 3.2, 8.19259, 3.2375], "texture": "#0"},
				"west": {"uv": [8.0963, 3.2, 8.19259, 3.2375], "texture": "#0"},
				"up": {"uv": [8.0963, 3.2, 8.19259, 3.2375], "texture": "#0"},
				"down": {"uv": [8.0963, 3.2, 8.19259, 3.2375], "texture": "#0"}
			}
		}
	],
	"gui_light": "front",
	"display": {
		"thirdperson_righthand": {
			"rotation": [75, 45, 0],
			"translation": [0, 2.5, 0],
			"scale": [0.375, 0.375, 0.375]
		},
		"thirdperson_lefthand": {
			"rotation": [75, 45, 0],
			"translation": [0, 2.5, 0],
			"scale": [0.375, 0.375, 0.375]
		},
		"firstperson_righthand": {
			"rotation": [0, 45, 0],
			"scale": [0.4, 0.4, 0.4]
		},
		"firstperson_lefthand": {
			"rotation": [0, 225, 0],
			"scale": [0.4, 0.4, 0.4]
		},
		"ground": {
			"translation": [0, 3, 0],
			"scale": [0.25, 0.25, 0.25]
		},
		"gui": {
			"scale": [0.35, 0.35, 0.35]
		},
		"fixed": {
			"scale": [0.5, 0.5, 0.5]
		}
	}
}