{
	"texture_size": [1080, 1920],
	"textures": {
		"0": "item/signboard_bon",
		"particle": "item/signboard_bon"
	},
	"elements": [
		{
			"from": [14.75, 0, 7.75833],
			"to": [26.75, 12, 7.75833],
			"rotation": {"angle": 0, "axis": "y", "origin": [14.75, 16, 9.49167]},
			"faces": {
				"north": {"uv": [6.77037, 7.09167, 9.17037, 8.44167], "texture": "#0"},
				"east": {"uv": [0, 0, 1.03704, 0.6], "texture": "#0"},
				"south": {"uv": [0, 0, 1.03704, 0.6], "texture": "#0"},
				"west": {"uv": [0, 0, 1.03704, 0.6], "texture": "#0"},
				"up": {"uv": [0, 0, 1.03704, 0.6], "texture": "#0"},
				"down": {"uv": [0, 0, 1.03704, 0.6], "texture": "#0"}
			}
		},
		{
			"from": [-7.25, -1, 7.99167],
			"to": [6.75, 13, 8.49167],
			"rotation": {"angle": 0, "axis": "y", "origin": [-6.25, 16, 9.49167]},
			"faces": {
				"north": {"uv": [8.0963, 3.2, 8.19259, 3.2375], "texture": "#0"},
				"east": {"uv": [8.0963, 3.2, 8.19259, 3.2375], "texture": "#0"},
				"south": {"uv": [8.0963, 3.2, 8.19259, 3.2375], "texture": "#0"},
				"west": {"uv": [8.0963, 3.2, 8.19259, 3.2375], "texture": "#0"},
				"up": {"uv": [8.0963, 3.2, 8.19259, 3.2375], "texture": "#0"},
				"down": {"uv": [8.0963, 3.2, 8.19259, 3.2375], "texture": "#0"}
			}
		},
		{
			"from": [-6.25, 0, 7.75833],
			"to": [5.75, 12, 7.75833],
			"rotation": {"angle": 0, "axis": "y", "origin": [-6.25, 16, 9.49167]},
			"faces": {
				"north": {"uv": [6.81481, 8.35833, 9.21481, 9.70833], "texture": "#0"},
				"east": {"uv": [0, 0, 1.03704, 0.6], "texture": "#0"},
				"south": {"uv": [0, 0, 1.03704, 0.6], "texture": "#0"},
				"west": {"uv": [0, 0, 1.03704, 0.6], "texture": "#0"},
				"up": {"uv": [0, 0, 1.03704, 0.6], "texture": "#0"},
				"down": {"uv": [0, 0, 1.03704, 0.6], "texture": "#0"}
			}
		},
		{
			"from": [13.75, -1, 7.99167],
			"to": [27.75, 13, 8.49167],
			"rotation": {"angle": 0, "axis": "y", "origin": [14.75, 16, 9.49167]},
			"faces": {
				"north": {"uv": [8.0963, 3.2, 8.19259, 3.2375], "texture": "#0"},
				"east": {"uv": [8.0963, 3.2, 8.19259, 3.2375], "texture": "#0"},
				"south": {"uv": [8.0963, 3.2, 8.19259, 3.2375], "texture": "#0"},
				"west": {"uv": [8.0963, 3.2, 8.19259, 3.2375], "texture": "#0"},
				"up": {"uv": [8.0963, 3.2, 8.19259, 3.2375], "texture": "#0"},
				"down": {"uv": [8.0963, 3.2, 8.19259, 3.2375], "texture": "#0"}
			}
		}
	],
	"gui_light": "front",
	"display": {
		"thirdperson_righthand": {
			"rotation": [75, 45, 0],
			"translation": [0, 2.5, 0],
			"scale": [0.375, 0.375, 0.375]
		},
		"thirdperson_lefthand": {
			"rotation": [75, 45, 0],
			"translation": [0, 2.5, 0],
			"scale": [0.375, 0.375, 0.375]
		},
		"firstperson_righthand": {
			"rotation": [0, 45, 0],
			"scale": [0.4, 0.4, 0.4]
		},
		"firstperson_lefthand": {
			"rotation": [0, 225, 0],
			"scale": [0.4, 0.4, 0.4]
		},
		"ground": {
			"translation": [0, 3, 0],
			"scale": [0.25, 0.25, 0.25]
		},
		"gui": {
			"scale": [0.35, 0.35, 0.35]
		},
		"fixed": {
			"scale": [0.5, 0.5, 0.5]
		}
	}
}