{
	"parent": "knife",
	"textures": {
		"1": "item/steel_knife",
		"2": "item/antenna"
	},
	"elements": [
		{
			"from": [0.94092, 0, 9.37328],
			"to": [7.69092, 0.5, 10.37328],
			"rotation": {"angle": 0, "axis": "y", "origin": [9.4071, 0.25, 9.46618]},
			"faces": {
				"north": {"uv": [0, 0, 3.5, 16], "rotation": 90, "texture": "#1"},
				"east": {"uv": [0, 0, 3.5, 2.28571], "rotation": 90, "texture": "#1"},
				"south": {"uv": [0, 0, 3.5, 16], "rotation": 90, "texture": "#1"},
				"west": {"uv": [0, 0, 3.5, 2.28571], "rotation": 90, "texture": "#1"},
				"up": {"uv": [0, 0, 7, 16], "rotation": 90, "texture": "#1"},
				"down": {"uv": [0, 0, 7, 16], "rotation": 90, "texture": "#1"}
			}
		},
		{
			"from": [7.69092, 0.089, 9.62328],
			"to": [14.94092, 0.411, 10.37328],
			"rotation": {"angle": 0, "axis": "y", "origin": [9.4071, 0.25, 9.46618]},
			"faces": {
				"north": {"uv": [7.5625, 8.8125, 7.625, 8.875], "texture": "#2"},
				"east": {"uv": [7.5625, 8.8125, 7.625, 8.875], "texture": "#2"},
				"south": {"uv": [7.5625, 8.8125, 7.625, 8.875], "texture": "#2"},
				"west": {"uv": [7.5625, 8.8125, 7.625, 8.875], "texture": "#2"},
				"up": {"uv": [7.5625, 8.8125, 7.625, 8.875], "texture": "#2"},
				"down": {"uv": [7.5625, 8.8125, 7.625, 8.875], "texture": "#2"}
			}
		},
		{
			"from": [8.94092, 0.08889, 8.37328],
			"to": [12.52648, 0.41111, 9.62828],
			"rotation": {"angle": 0, "axis": "y", "origin": [9.4071, 0.25, 9.46618]},
			"faces": {
				"north": {"uv": [6.6875, 8.5625, 6.75, 8.625], "texture": "#2"},
				"east": {"uv": [6.1875, 8.1875, 6.43634, 8.26902], "texture": "#2"},
				"south": {"uv": [7.5625, 8.375, 7.625, 8.4375], "texture": "#2"},
				"west": {"uv": [6.1875, 8.1875, 6.43634, 8.26902], "texture": "#2"},
				"up": {"uv": [6.1875, 8.1875, 6.89843, 8.4425], "texture": "#2"},
				"down": {"uv": [6.1875, 8.4425, 6.89843, 8.1875], "texture": "#2"}
			}
		},
		{
			"from": [12.20902, 0.08889, 12.88471],
			"to": [13.20902, 0.41111, 13.49027],
			"rotation": {"angle": 45, "axis": "y", "origin": [9.4071, 0.25, 9.46618]},
			"faces": {
				"north": {"uv": [6.1875, 8.1875, 6.38578, 8.26902], "texture": "#2"},
				"east": {"uv": [6.6875, 8.5625, 6.75, 8.625], "texture": "#2"},
				"south": {"uv": [6.1875, 8.1875, 6.38578, 8.26902], "texture": "#2"},
				"west": {"uv": [7.5625, 8.375, 7.625, 8.4375], "texture": "#2"},
				"up": {"uv": [6.1875, 8.1875, 6.3407, 8.38578], "rotation": 90, "texture": "#2"},
				"down": {"uv": [6.2782, 8.1875, 6.1875, 8.38578], "rotation": 90, "texture": "#2"}
			}
		},
		{
			"from": [11.87312, 0.08889, 7.26188],
			"to": [14.02035, 0.41111, 8.43966],
			"rotation": {"angle": -22.5, "axis": "y", "origin": [9.4071, 0.25, 9.46618]},
			"faces": {
				"north": {"uv": [6.6875, 8.5625, 6.75, 8.625], "texture": "#2"},
				"east": {"uv": [6.1875, 8.1875, 6.42103, 8.26902], "texture": "#2"},
				"south": {"uv": [7.5625, 8.375, 7.625, 8.4375], "texture": "#2"},
				"west": {"uv": [6.1875, 8.1875, 6.42103, 8.26902], "texture": "#2"},
				"up": {"uv": [6.1875, 8.1875, 6.61324, 8.42296], "texture": "#2"},
				"down": {"uv": [6.1875, 8.42296, 6.61324, 8.1875], "texture": "#2"}
			}
		},
		{
			"from": [8.08126, 0.08889, 8.16602],
			"to": [9.37292, 0.41111, 9.41602],
			"rotation": {"angle": 45, "axis": "y", "origin": [9.4071, 0.25, 9.46618]},
			"faces": {
				"north": {"uv": [6.6875, 8.5625, 6.75, 8.625], "texture": "#2"},
				"east": {"uv": [6.1875, 8.1875, 6.43534, 8.26902], "texture": "#2"},
				"south": {"uv": [7.5625, 8.375, 7.625, 8.4375], "texture": "#2"},
				"west": {"uv": [6.1875, 8.1875, 6.43534, 8.26902], "texture": "#2"},
				"up": {"uv": [6.1875, 8.1875, 6.44361, 8.44124], "texture": "#2"},
				"down": {"uv": [6.1875, 8.44124, 6.44361, 8.1875], "texture": "#2"}
			}
		},
		{
			"from": [8.87798, 0.08889, 8.27807],
			"to": [9.39465, 0.41111, 9.27807],
			"rotation": {"angle": 22.5, "axis": "y", "origin": [9.4071, 0.25, 9.46618]},
			"faces": {
				"north": {"uv": [6.6875, 8.5625, 6.75, 8.625], "texture": "#2"},
				"east": {"uv": [6.1875, 8.1875, 6.38578, 8.26902], "texture": "#2"},
				"south": {"uv": [6.1875, 8.1875, 6.28994, 8.26902], "texture": "#2"},
				"west": {"uv": [6.1875, 8.1875, 6.38578, 8.26902], "texture": "#2"},
				"up": {"uv": [6.1875, 8.16528, 6.28994, 8.44049], "texture": "#2"},
				"down": {"uv": [6.1875, 8.37799, 6.28994, 8.1875], "texture": "#2"}
			}
		}
	],
	"gui_light": "front",
	"display": {
		"thirdperson_righthand": {
			"rotation": [0, 0, 100],
			"translation": [-7.5, 3.25, -1.25]
		},
		"thirdperson_lefthand": {
			"rotation": [0, 0, -100],
			"translation": [7.5, 3.25, -1.25]
		},
		"firstperson_righthand": {
			"rotation": [-68.31, 2.25, 103.03],
			"translation": [-6.87, 1.7, 1.38],
			"scale": [0.68, 0.68, 0.68]
		},
		"firstperson_lefthand": {
			"rotation": [-67, 1.72, -81.16],
			"translation": [0.88, 2.95, 0.38],
			"scale": [0.68, 0.68, 0.68]
		},
		"ground": {
			"translation": [0, 6.25, 0]
		},
		"gui": {
			"rotation": [-90, -52, 0],
			"translation": [1.75, -1.25, 11.5],
			"scale": [1.2, 1.2, 1.2]
		},
		"head": {
			"rotation": [-90, -52.75, 0],
			"translation": [2.25, 13, -13],
			"scale": [1.7, 1.7, 1.7]
		},
		"fixed": {
			"rotation": [90, 134, 0],
			"translation": [-1.25, -2, 11.5],
			"scale": [1.4, 1.4, 1.4]
		}
	}
}