{
	"credit": "Made with Blockbench",
	"texture_size": [64, 64],
	"textures": {
		"0": "item/steel_knife_wrapped",
		"particle": "item/steel_knife_wrapped"
	},
	"elements": [
		{
			"from": [7, 0, 0],
			"to": [13, 3, 18],
			"faces": {
				"north": {"uv": [4.5, 4.5, 7, 5.25], "texture": "#0"},
				"east": {"uv": [0, 4.5, 4.5, 5.25], "texture": "#0"},
				"south": {"uv": [11.5, 4.5, 14, 5.25], "texture": "#0"},
				"west": {"uv": [7, 4.5, 11.5, 5.25], "texture": "#0"},
				"up": {"uv": [7, 4.5, 4.5, 0], "texture": "#0"},
				"down": {"uv": [9.5, 0, 7, 4.5], "texture": "#0"}
			}
		},
		{
			"from": [6.95, -0.05, 11.75],
			"to": [13.05, 3.05, 13.25],
			"faces": {
				"north": {"uv": [6, 5.75, 8.5, 6.5], "texture": "#0"},
				"east": {"uv": [5.5, 5.75, 6, 6.5], "texture": "#0"},
				"south": {"uv": [9, 5.75, 11.5, 6.5], "texture": "#0"},
				"west": {"uv": [8.5, 5.75, 9, 6.5], "texture": "#0"},
				"up": {"uv": [8.5, 5.75, 6, 5.25], "texture": "#0"},
				"down": {"uv": [11, 5.25, 8.5, 5.75], "texture": "#0"}
			}
		},
		{
			"from": [9.25, -0.05, -0.05],
			"to": [10.75, 3.05, 18.05],
			"rotation": {"angle": 0, "axis": "y", "origin": [8.5, 1.5, 12.5]},
			"faces": {
				"north": {"uv": [4.5, 9.75, 5, 10.5], "texture": "#0"},
				"east": {"uv": [0, 9.75, 4.5, 10.5], "texture": "#0"},
				"south": {"uv": [9.5, 9.75, 10, 10.5], "texture": "#0"},
				"west": {"uv": [5, 9.75, 9.5, 10.5], "texture": "#0"},
				"up": {"uv": [5, 9.75, 4.5, 5.25], "texture": "#0"},
				"down": {"uv": [5.5, 5.25, 5, 9.75], "texture": "#0"}
			}
		},
		{
			"from": [9, 2.5, 11.5],
			"to": [11, 3.5, 13.5],
			"rotation": {"angle": 0, "axis": "y", "origin": [10, 3, 12.5]},
			"faces": {
				"north": {"uv": [2, 2, 2.5, 2.25], "texture": "#0"},
				"east": {"uv": [1.5, 2, 2, 2.25], "texture": "#0"},
				"south": {"uv": [3, 2, 3.5, 2.25], "texture": "#0"},
				"west": {"uv": [2.5, 2, 3, 2.25], "texture": "#0"},
				"up": {"uv": [2.5, 2, 2, 1.5], "texture": "#0"},
				"down": {"uv": [3, 1.5, 2.5, 2], "texture": "#0"}
			}
		},
		{
			"from": [6.5, 3.25, 11.25],
			"to": [10, 3.25, 13.25],
			"rotation": {"angle": 22.5, "axis": "y", "origin": [10, 3.25, 12.5]},
			"faces": {
				"north": {"uv": [0.5, 2, 1.25, 2], "texture": "#0"},
				"east": {"uv": [0, 2, 0.5, 2], "texture": "#0"},
				"south": {"uv": [1.75, 2, 2.5, 2], "texture": "#0"},
				"west": {"uv": [1.25, 2, 1.75, 2], "texture": "#0"},
				"up": {"uv": [1.25, 2, 0.5, 1.5], "texture": "#0"},
				"down": {"uv": [2, 1.5, 1.25, 2], "texture": "#0"}
			}
		},
		{
			"from": [10, 3.25, 11.25],
			"to": [13.5, 3.25, 13.25],
			"rotation": {"angle": -22.5, "axis": "y", "origin": [10, 3.25, 12.5]},
			"faces": {
				"north": {"uv": [0.5, 1.5, 1.25, 1.5], "texture": "#0"},
				"east": {"uv": [0, 1.5, 0.5, 1.5], "texture": "#0"},
				"south": {"uv": [1.75, 1.5, 2.5, 1.5], "texture": "#0"},
				"west": {"uv": [1.25, 1.5, 1.75, 1.5], "texture": "#0"},
				"up": {"uv": [1.25, 1.5, 0.5, 1], "texture": "#0"},
				"down": {"uv": [2, 1, 1.25, 1.5], "texture": "#0"}
			}
		},
		{
			"from": [9.5, 3.25, 8],
			"to": [10.5, 3.25, 12],
			"rotation": {"angle": 22.5, "axis": "y", "origin": [10, 3.25, 12.5]},
			"faces": {
				"north": {"uv": [1.5, 1, 1.75, 1], "texture": "#0"},
				"east": {"uv": [0.5, 1, 1.5, 1], "texture": "#0"},
				"south": {"uv": [2.75, 1, 3, 1], "texture": "#0"},
				"west": {"uv": [1.75, 1, 2.75, 1], "texture": "#0"},
				"up": {"uv": [1.75, 1, 1.5, 0], "texture": "#0"},
				"down": {"uv": [2, 0, 1.75, 1], "texture": "#0"}
			}
		},
		{
			"from": [9.5, 3.25, 8],
			"to": [10.5, 3.25, 12],
			"rotation": {"angle": -22.5, "axis": "y", "origin": [10, 3.25, 12.5]},
			"faces": {
				"north": {"uv": [1, 1, 1.25, 1], "texture": "#0"},
				"east": {"uv": [0, 1, 1, 1], "texture": "#0"},
				"south": {"uv": [2.25, 1, 2.5, 1], "texture": "#0"},
				"west": {"uv": [1.25, 1, 2.25, 1], "texture": "#0"},
				"up": {"uv": [1.25, 1, 1, 0], "texture": "#0"},
				"down": {"uv": [1.5, 0, 1.25, 1], "texture": "#0"}
			}
		}
	],
	"gui_light": "front",
	"display": {
		"thirdperson_righthand": {
			"rotation": [75, -145, 0],
			"translation": [-0.75, 2.5, 2.5],
			"scale": [0.375, 0.375, 0.375]
		},
		"thirdperson_lefthand": {
			"rotation": [75, -145, 0],
			"translation": [-0.75, 2.5, 2.5],
			"scale": [0.375, 0.375, 0.375]
		},
		"firstperson_righthand": {
			"rotation": [0, 180, 0],
			"translation": [4.75, 3, 0]
		},
		"firstperson_lefthand": {
			"rotation": [0, 180, 0],
			"translation": [4.75, 3, 0]
		},
		"ground": {
			"translation": [0, 3, 0],
			"scale": [0.25, 0.25, 0.25]
		},
		"gui": {
			"rotation": [30, 225, 0],
			"translation": [0, 3.25, 0],
			"scale": [0.625, 0.625, 0.625]
		},
		"fixed": {
			"rotation": [-90, 0, 0],
			"translation": [0, 0, -8.25]
		}
	},
	"groups": [
		0,
		1,
		2,
		{
			"name": "group",
			"origin": [9.5, 3.5, 12.5],
			"color": 0,
			"children": [3, 4, 5, 6, 7]
		}
	]
}