{
	"texture_size": [1080, 1920],
	"textures": {
		"0": "item/whiteboard",
		"1": "item/signboard_bon",
		"particle": "item/whiteboard"
	},
	"elements": [
		{
			"from": [7.7, -5.025, -10.6],
			"to": [8.3, 16.575, 26.6],
			"rotation": {"angle": 0, "axis": "y", "origin": [8, -4.875, 8]},
			"faces": {
				"north": {"uv": [5, 1, 7, 3], "texture": "#0"},
				"east": {"uv": [5, 1, 7, 3], "texture": "#0"},
				"south": {"uv": [5, 1, 7, 3], "texture": "#0"},
				"west": {"uv": [5, 1, 7, 3], "texture": "#0"},
				"up": {"uv": [5, 1, 7, 3], "texture": "#0"},
				"down": {"uv": [5, 1, 7, 3], "texture": "#0"}
			}
		},
		{
			"from": [8.32, 2.975, -1.1],
			"to": [8.32, 5.075, 17.1],
			"rotation": {"angle": 0, "axis": "y", "origin": [7.9, -6.375, 9.5]},
			"faces": {
				"north": {"uv": [14, 14, 16, 16], "texture": "#0"},
				"east": {"uv": [0, 15.18333, 16, 15.96667], "texture": "#1"},
				"south": {"uv": [14, 14, 16, 16], "texture": "#0"},
				"west": {"uv": [14, 14, 16, 16], "texture": "#0"},
				"up": {"uv": [14, 14, 16, 16], "texture": "#0"},
				"down": {"uv": [14, 14, 16, 16], "texture": "#0"}
			}
		},
		{
			"from": [7.49, -11.325, 26.6],
			"to": [8.528, 6.375, 27.8],
			"rotation": {"angle": 0, "axis": "y", "origin": [8, -4.875, 8]},
			"faces": {
				"north": {"uv": [5, 1, 7, 3], "rotation": 180, "texture": "#0"},
				"east": {"uv": [5, 1, 7, 3], "rotation": 90, "texture": "#0"},
				"south": {"uv": [5, 1, 7, 3], "texture": "#0"},
				"west": {"uv": [5, 1, 7, 3], "rotation": 270, "texture": "#0"},
				"up": {"uv": [5, 1, 7, 3], "texture": "#0"},
				"down": {"uv": [5, 1, 7, 3], "rotation": 180, "texture": "#0"}
			}
		},
		{
			"from": [7.49, -11.325, -11.8],
			"to": [8.528, 6.375, -10.6],
			"rotation": {"angle": 0, "axis": "y", "origin": [8, -4.875, 8]},
			"faces": {
				"north": {"uv": [5, 1, 7, 3], "rotation": 180, "texture": "#0"},
				"east": {"uv": [5, 1, 7, 3], "rotation": 90, "texture": "#0"},
				"south": {"uv": [5, 1, 7, 3], "texture": "#0"},
				"west": {"uv": [5, 1, 7, 3], "rotation": 270, "texture": "#0"},
				"up": {"uv": [5, 1, 7, 3], "texture": "#0"},
				"down": {"uv": [5, 1, 7, 3], "rotation": 180, "texture": "#0"}
			}
		},
		{
			"from": [2.6, -12.425, 26.6],
			"to": [13.4, -11.225, 27.8],
			"rotation": {"angle": 0, "axis": "y", "origin": [8, 8.125, 8]},
			"faces": {
				"north": {"uv": [5, 1, 7, 3], "rotation": 90, "texture": "#0"},
				"east": {"uv": [5, 1, 7, 3], "rotation": 90, "texture": "#0"},
				"south": {"uv": [5, 1, 7, 3], "rotation": 90, "texture": "#0"},
				"west": {"uv": [5, 1, 7, 3], "rotation": 90, "texture": "#0"},
				"up": {"uv": [5, 1, 7, 3], "rotation": 90, "texture": "#0"},
				"down": {"uv": [5, 1, 7, 3], "rotation": 90, "texture": "#0"}
			}
		},
		{
			"from": [3.8, -14, 26.3],
			"to": [5.6, -12.425, 28.1],
			"rotation": {"angle": 0, "axis": "y", "origin": [8, 8.125, 8]},
			"faces": {
				"north": {"uv": [1, 5, 3, 7], "rotation": 90, "texture": "#0"},
				"east": {"uv": [1, 5, 3, 7], "rotation": 90, "texture": "#0"},
				"south": {"uv": [1, 5, 3, 7], "rotation": 90, "texture": "#0"},
				"west": {"uv": [1, 5, 3, 7], "rotation": 90, "texture": "#0"},
				"up": {"uv": [1, 5, 3, 7], "rotation": 90, "texture": "#0"},
				"down": {"uv": [1, 5, 3, 7], "rotation": 90, "texture": "#0"}
			}
		},
		{
			"from": [10.4, -14, 26.3],
			"to": [12.2, -12.425, 28.1],
			"rotation": {"angle": 0, "axis": "y", "origin": [8, 8.125, 8]},
			"faces": {
				"north": {"uv": [1, 5, 3, 7], "rotation": 90, "texture": "#0"},
				"east": {"uv": [1, 5, 3, 7], "rotation": 90, "texture": "#0"},
				"south": {"uv": [1, 5, 3, 7], "rotation": 90, "texture": "#0"},
				"west": {"uv": [1, 5, 3, 7], "rotation": 90, "texture": "#0"},
				"up": {"uv": [1, 5, 3, 7], "rotation": 90, "texture": "#0"},
				"down": {"uv": [1, 5, 3, 7], "rotation": 90, "texture": "#0"}
			}
		},
		{
			"from": [10.4, -14, -12.1],
			"to": [12.2, -12.425, -10.3],
			"rotation": {"angle": 0, "axis": "y", "origin": [8, 8.125, 8]},
			"faces": {
				"north": {"uv": [1, 5, 3, 7], "rotation": 90, "texture": "#0"},
				"east": {"uv": [1, 5, 3, 7], "rotation": 90, "texture": "#0"},
				"south": {"uv": [1, 5, 3, 7], "rotation": 90, "texture": "#0"},
				"west": {"uv": [1, 5, 3, 7], "rotation": 90, "texture": "#0"},
				"up": {"uv": [1, 5, 3, 7], "rotation": 90, "texture": "#0"},
				"down": {"uv": [1, 5, 3, 7], "rotation": 90, "texture": "#0"}
			}
		},
		{
			"from": [2.6, -12.425, -11.8],
			"to": [13.4, -11.225, -10.6],
			"rotation": {"angle": 0, "axis": "y", "origin": [8, 8.125, 8]},
			"faces": {
				"north": {"uv": [5, 1, 7, 3], "rotation": 90, "texture": "#0"},
				"east": {"uv": [5, 1, 7, 3], "rotation": 90, "texture": "#0"},
				"south": {"uv": [5, 1, 7, 3], "rotation": 90, "texture": "#0"},
				"west": {"uv": [5, 1, 7, 3], "rotation": 90, "texture": "#0"},
				"up": {"uv": [5, 1, 7, 3], "rotation": 90, "texture": "#0"},
				"down": {"uv": [5, 1, 7, 3], "rotation": 90, "texture": "#0"}
			}
		},
		{
			"from": [3.8, -14, -12.1],
			"to": [5.6, -12.425, -10.3],
			"rotation": {"angle": 0, "axis": "y", "origin": [8, 8.125, 8]},
			"faces": {
				"north": {"uv": [1, 5, 3, 7], "rotation": 90, "texture": "#0"},
				"east": {"uv": [1, 5, 3, 7], "rotation": 90, "texture": "#0"},
				"south": {"uv": [1, 5, 3, 7], "rotation": 90, "texture": "#0"},
				"west": {"uv": [1, 5, 3, 7], "rotation": 90, "texture": "#0"},
				"up": {"uv": [1, 5, 3, 7], "rotation": 90, "texture": "#0"},
				"down": {"uv": [1, 5, 3, 7], "rotation": 90, "texture": "#0"}
			}
		},
		{
			"from": [7.7, -6.225, -10.6],
			"to": [10.65, -5.025, 26.6],
			"rotation": {"angle": 0, "axis": "y", "origin": [8, -4.875, 8]},
			"faces": {
				"north": {"uv": [1, 1, 3, 3], "texture": "#0"},
				"east": {"uv": [1, 1, 3, 3], "texture": "#0"},
				"south": {"uv": [1, 1, 3, 3], "texture": "#0"},
				"west": {"uv": [1, 1, 3, 3], "texture": "#0"},
				"up": {"uv": [1, 1, 3, 3], "texture": "#0"},
				"down": {"uv": [1, 1, 3, 3], "texture": "#0"}
			}
		},
		{
			"from": [7.4, -5.625, 26],
			"to": [8.6, 17.175, 27.2],
			"rotation": {"angle": 0, "axis": "y", "origin": [8, -4.875, 8]},
			"faces": {
				"north": {"uv": [1, 1, 3, 3], "texture": "#0"},
				"east": {"uv": [1, 1, 3, 3], "texture": "#0"},
				"south": {"uv": [1, 1, 3, 3], "texture": "#0"},
				"west": {"uv": [1, 1, 3, 3], "texture": "#0"},
				"up": {"uv": [1, 1, 3, 3], "texture": "#0"},
				"down": {"uv": [1, 1, 3, 3], "texture": "#0"}
			}
		},
		{
			"from": [7.4, -5.625, -11.2],
			"to": [8.6, 17.175, -10],
			"rotation": {"angle": 0, "axis": "y", "origin": [8, -4.875, 8]},
			"faces": {
				"north": {"uv": [1, 1, 3, 3], "texture": "#0"},
				"east": {"uv": [1, 1, 3, 3], "texture": "#0"},
				"south": {"uv": [1, 1, 3, 3], "texture": "#0"},
				"west": {"uv": [1, 1, 3, 3], "texture": "#0"},
				"up": {"uv": [1, 1, 3, 3], "texture": "#0"},
				"down": {"uv": [1, 1, 3, 3], "texture": "#0"}
			}
		},
		{
			"from": [7.4, 15.975, -10],
			"to": [8.6, 17.175, 26],
			"rotation": {"angle": 0, "axis": "y", "origin": [8, -4.875, 8]},
			"faces": {
				"north": {"uv": [1, 1, 3, 3], "texture": "#0"},
				"east": {"uv": [1, 1, 3, 3], "texture": "#0"},
				"south": {"uv": [1, 1, 3, 3], "texture": "#0"},
				"west": {"uv": [1, 1, 3, 3], "texture": "#0"},
				"up": {"uv": [1, 1, 3, 3], "texture": "#0"},
				"down": {"uv": [1, 1, 3, 3], "texture": "#0"}
			}
		},
		{
			"from": [7.1, 15.075, 25.1],
			"to": [8.9, 17.475, 27.5],
			"rotation": {"angle": 0, "axis": "y", "origin": [8, -4.875, 8]},
			"faces": {
				"north": {"uv": [1, 9, 3, 11], "texture": "#0"},
				"east": {"uv": [1, 9, 3, 11], "texture": "#0"},
				"south": {"uv": [1, 9, 3, 11], "texture": "#0"},
				"west": {"uv": [1, 9, 3, 11], "texture": "#0"},
				"up": {"uv": [1, 9, 3, 11], "texture": "#0"},
				"down": {"uv": [1, 9, 3, 11], "texture": "#0"}
			}
		},
		{
			"from": [7.1, 15.075, -11.5],
			"to": [8.9, 17.475, -9.1],
			"rotation": {"angle": 0, "axis": "y", "origin": [8, -4.875, 8]},
			"faces": {
				"north": {"uv": [1, 9, 3, 11], "texture": "#0"},
				"east": {"uv": [1, 9, 3, 11], "texture": "#0"},
				"south": {"uv": [1, 9, 3, 11], "texture": "#0"},
				"west": {"uv": [1, 9, 3, 11], "texture": "#0"},
				"up": {"uv": [1, 9, 3, 11], "texture": "#0"},
				"down": {"uv": [1, 9, 3, 11], "texture": "#0"}
			}
		},
		{
			"from": [7.1, -6.525, 25.1],
			"to": [8.9, -4.125, 27.5],
			"rotation": {"angle": 0, "axis": "y", "origin": [8, -4.875, 8]},
			"faces": {
				"north": {"uv": [1, 9, 3, 11], "texture": "#0"},
				"east": {"uv": [1, 9, 3, 11], "texture": "#0"},
				"south": {"uv": [1, 9, 3, 11], "texture": "#0"},
				"west": {"uv": [1, 9, 3, 11], "texture": "#0"},
				"up": {"uv": [1, 9, 3, 11], "texture": "#0"},
				"down": {"uv": [1, 9, 3, 11], "texture": "#0"}
			}
		},
		{
			"from": [7.1, -6.525, -11.5],
			"to": [8.9, -4.125, -9.1],
			"rotation": {"angle": 0, "axis": "y", "origin": [8, -4.875, 8]},
			"faces": {
				"north": {"uv": [1, 9, 3, 11], "texture": "#0"},
				"east": {"uv": [1, 9, 3, 11], "texture": "#0"},
				"south": {"uv": [1, 9, 3, 11], "texture": "#0"},
				"west": {"uv": [1, 9, 3, 11], "texture": "#0"},
				"up": {"uv": [1, 9, 3, 11], "texture": "#0"},
				"down": {"uv": [1, 9, 3, 11], "texture": "#0"}
			}
		},
		{
			"from": [8.65, -5.025, -5.4],
			"to": [9.25, -4.425, -2.1],
			"rotation": {"angle": 0, "axis": "y", "origin": [7.75, -4.875, 3]},
			"faces": {
				"north": {"uv": [5, 9, 7, 11], "texture": "#0"},
				"east": {"uv": [5, 9, 7, 11], "texture": "#0"},
				"south": {"uv": [5, 9, 7, 11], "texture": "#0"},
				"west": {"uv": [5, 9, 7, 11], "texture": "#0"},
				"up": {"uv": [5, 9, 7, 11], "texture": "#0"},
				"down": {"uv": [5, 9, 7, 11], "texture": "#0"}
			}
		},
		{
			"from": [8.65, -5.025, -6],
			"to": [9.25, -4.425, -5.4],
			"rotation": {"angle": 0, "axis": "y", "origin": [7.75, -4.875, 3]},
			"faces": {
				"north": {"uv": [9, 1, 11, 3], "texture": "#0"},
				"east": {"uv": [9, 1, 11, 3], "texture": "#0"},
				"south": {"uv": [9, 1, 11, 3], "texture": "#0"},
				"west": {"uv": [9, 1, 11, 3], "texture": "#0"},
				"up": {"uv": [9, 1, 11, 3], "texture": "#0"},
				"down": {"uv": [9, 1, 11, 3], "texture": "#0"}
			}
		},
		{
			"from": [8.65, -5.025, -2.1],
			"to": [9.25, -4.425, 0],
			"rotation": {"angle": 0, "axis": "y", "origin": [7.75, -4.875, 3]},
			"faces": {
				"north": {"uv": [9, 1, 11, 3], "texture": "#0"},
				"east": {"uv": [9, 1, 11, 3], "texture": "#0"},
				"south": {"uv": [9, 1, 11, 3], "texture": "#0"},
				"west": {"uv": [9, 1, 11, 3], "texture": "#0"},
				"up": {"uv": [9, 1, 11, 3], "texture": "#0"},
				"down": {"uv": [9, 1, 11, 3], "texture": "#0"}
			}
		},
		{
			"from": [9.65, -5.11358, -5.0426],
			"to": [10.25, -4.51358, -4.4426],
			"rotation": {"angle": 0, "axis": "x", "origin": [9.95, -4.81358, -2.4176]},
			"faces": {
				"north": {"uv": [1, 5, 3, 7], "texture": "#0"},
				"east": {"uv": [1, 5, 3, 7], "texture": "#0"},
				"south": {"uv": [1, 5, 3, 7], "texture": "#0"},
				"west": {"uv": [1, 5, 3, 7], "texture": "#0"},
				"up": {"uv": [1, 5, 3, 7], "texture": "#0"},
				"down": {"uv": [1, 5, 3, 7], "texture": "#0"}
			}
		},
		{
			"from": [9.65, -5.11358, -4.4426],
			"to": [10.25, -4.51358, -1.1426],
			"rotation": {"angle": 0, "axis": "x", "origin": [9.95, -4.81358, -2.4176]},
			"faces": {
				"north": {"uv": [5, 9, 7, 11], "texture": "#0"},
				"east": {"uv": [5, 9, 7, 11], "texture": "#0"},
				"south": {"uv": [5, 9, 7, 11], "texture": "#0"},
				"west": {"uv": [5, 9, 7, 11], "texture": "#0"},
				"up": {"uv": [5, 9, 7, 11], "texture": "#0"},
				"down": {"uv": [5, 9, 7, 11], "texture": "#0"}
			}
		},
		{
			"from": [9.65, -5.11358, -1.1426],
			"to": [10.25, -4.51358, 0.9574],
			"rotation": {"angle": 0, "axis": "x", "origin": [9.95, -4.81358, -2.4176]},
			"faces": {
				"north": {"uv": [1, 5, 3, 7], "texture": "#0"},
				"east": {"uv": [1, 5, 3, 7], "texture": "#0"},
				"south": {"uv": [1, 5, 3, 7], "texture": "#0"},
				"west": {"uv": [1, 5, 3, 7], "texture": "#0"},
				"up": {"uv": [1, 5, 3, 7], "texture": "#0"},
				"down": {"uv": [1, 5, 3, 7], "texture": "#0"}
			}
		}
	],
	"gui_light": "front",
	"display": {
		"firstperson_righthand": {
			"rotation": [0, -114, 0],
			"scale": [0.4, 0.4, 0.37]
		},
		"firstperson_lefthand": {
			"rotation": [0, 63, 0],
			"scale": [0.4, 0.4, 0.37]
		},
		"gui": {
			"rotation": [0, -91, 0],
			"translation": [0, -0.25, 0],
			"scale": [0.35, 0.35, 0.35]
		},
		"head": {
			"rotation": [0, 94, 0]
		}
	},
	"groups": [
		{
			"name": "group",
			"origin": [9, 7, 34.5],
			"color": 0,
			"children": [0, 1, 2, 3, 4, 5, 6, 7, 8, 9, 10, 11, 12, 13, 14, 15, 16, 17, 18, 19, 20, 21, 22, 23]
		}
	]
}