{
	"textures": {
		"0": "animated_java:blueprint/children/children",
		"particle": "minecraft:item/pufferfish"
	},
	"display": {
		"head": {
			"rotation": [0, 180, 0]
		}
	},
	"elements": [
		{
			"from": [8, 3, 7],
			"to": [9.5, 9, 9],
			"faces": {
				"north": {
					"uv": [11, 5, 11.75, 8],
					"texture": "#0"
				},
				"east": {
					"uv": [10, 5, 11, 8],
					"texture": "#0"
				},
				"south": {
					"uv": [12.75, 5, 13.5, 8],
					"texture": "#0"
				},
				"west": {
					"uv": [11.75, 5, 12.75, 8],
					"texture": "#0"
				},
				"up": {
					"uv": [11.75, 5, 11, 4],
					"texture": "#0"
				},
				"down": {
					"uv": [12.5, 4, 11.75, 5],
					"texture": "#0"
				}
			}
		},
		{
			"from": [7.875, 2.875, 6.875],
			"to": [9.625, 9.125, 9.125],
			"faces": {
				"north": {
					"uv": [11, 9, 11.75, 12],
					"texture": "#0"
				},
				"east": {
					"uv": [10, 9, 11, 12],
					"texture": "#0"
				},
				"south": {
					"uv": [12.75, 9, 13.5, 12],
					"texture": "#0"
				},
				"west": {
					"uv": [11.75, 9, 12.75, 12],
					"texture": "#0"
				},
				"up": {
					"uv": [11.75, 9, 11, 8],
					"texture": "#0"
				},
				"down": {
					"uv": [12.5, 8, 11.75, 9],
					"texture": "#0"
				}
			}
		}
	]
}