{
  "parent": "minecraft:item/handheld_rod",
  "textures": {
    "layer0": "minecraft:item/carrot_on_a_stick"
  },

  "overrides": [
    {"predicate": {"custom_model_data":1}, "model": "minecraft:item/.item"},
    {"predicate": {"custom_model_data":2}, "model": "minecraft:item/ability/disguise"},
    {"predicate": {"custom_model_data":3}, "model": "minecraft:item/ability/release"},
    {"predicate": {"custom_model_data":4}, "model": "minecraft:item/ability/rotation_lock"},
    {"predicate": {"custom_model_data":5}, "model": "minecraft:item/ability/decoy"},
    {"predicate": {"custom_model_data":6}, "model": "minecraft:item/ability/fly_hider"},
    {"predicate": {"custom_model_data":7}, "model": "minecraft:item/ability/attack_bullet"},
    {"predicate": {"custom_model_data":8}, "model": "minecraft:item/ability/scan"},
    {"predicate": {"custom_model_data":9}, "model": "minecraft:item/ability/fly_seeker"}
  ]
}