{
	"credit": "Made with Blockbench",
	"textures": {
		"0": "item/armadillo_spawn_egg",
		"particle": "item/armadillo_spawn_egg"
	},
	"elements": [
		{
			"name": "allay_spawn_egg_0",
			"from": [6, 2, 7.5],
			"to": [10, 13, 8.5],
			"faces": {
				"north": {"uv": [10, 3, 6, 14], "texture": "#0"},
				"east": {"uv": [9, 3, 10, 14], "texture": "#0"},
				"south": {"uv": [6, 3, 10, 14], "texture": "#0"},
				"west": {"uv": [6, 3, 7, 14], "texture": "#0"},
				"up": {"uv": [6, 3, 10, 4], "texture": "#0"},
				"down": {"uv": [6, 13, 10, 14], "texture": "#0"}
			}
		},
		{
			"name": "allay_spawn_egg_0",
			"from": [5, 2, 7.5],
			"to": [6, 15, 8.5],
			"rotation": {"angle": 0, "axis": "y", "origin": [-5, 0, 0]},
			"faces": {
				"north": {"uv": [6, 1, 5, 14], "texture": "#0"},
				"east": {"uv": [5, 1, 6, 14], "texture": "#0"},
				"south": {"uv": [5, 1, 6, 14], "texture": "#0"},
				"west": {"uv": [5, 1, 6, 14], "texture": "#0"},
				"up": {"uv": [5, 1, 6, 2], "texture": "#0"},
				"down": {"uv": [5, 13, 6, 14], "texture": "#0"}
			}
		},
		{
			"name": "allay_spawn_egg_0",
			"from": [10, 2, 7.5],
			"to": [11, 15, 8.5],
			"faces": {
				"north": {"uv": [11, 1, 10, 14], "texture": "#0"},
				"east": {"uv": [10, 1, 11, 14], "texture": "#0"},
				"south": {"uv": [10, 1, 11, 14], "texture": "#0"},
				"west": {"uv": [10, 1, 11, 14], "texture": "#0"},
				"up": {"uv": [10, 1, 11, 2], "texture": "#0"},
				"down": {"uv": [10, 13, 11, 14], "texture": "#0"}
			}
		},
		{
			"name": "allay_spawn_egg_0",
			"from": [4, 3, 7.5],
			"to": [5, 16, 8.5],
			"rotation": {"angle": 0, "axis": "y", "origin": [-6, 0, 0]},
			"faces": {
				"north": {"uv": [5, 0, 4, 13], "texture": "#0"},
				"east": {"uv": [4, 0, 5, 13], "texture": "#0"},
				"south": {"uv": [4, 0, 5, 13], "texture": "#0"},
				"west": {"uv": [4, 0, 5, 13], "texture": "#0"},
				"up": {"uv": [4, 0, 5, 1], "texture": "#0"},
				"down": {"uv": [4, 12, 5, 13], "texture": "#0"}
			}
		},
		{
			"name": "allay_spawn_egg_0",
			"from": [11, 3, 7.5],
			"to": [12, 16, 8.5],
			"rotation": {"angle": 0, "axis": "y", "origin": [1, 0, 0]},
			"faces": {
				"north": {"uv": [12, 0, 11, 13], "texture": "#0"},
				"east": {"uv": [11, 0, 12, 13], "texture": "#0"},
				"south": {"uv": [11, 0, 12, 13], "texture": "#0"},
				"west": {"uv": [11, 0, 12, 13], "texture": "#0"},
				"up": {"uv": [11, 0, 12, 1], "texture": "#0"},
				"down": {"uv": [11, 12, 12, 13], "texture": "#0"}
			}
		},
		{
			"name": "allay_spawn_egg_1",
			"from": [3, 11, 7.5],
			"to": [4, 16, 8.5],
			"rotation": {"angle": 0, "axis": "y", "origin": [-7, 0, 0]},
			"faces": {
				"north": {"uv": [4, 0, 3, 5], "texture": "#0"},
				"east": {"uv": [3, 0, 4, 5], "texture": "#0"},
				"south": {"uv": [3, 0, 4, 5], "texture": "#0"},
				"west": {"uv": [3, 0, 4, 5], "texture": "#0"},
				"up": {"uv": [3, 0, 4, 1], "texture": "#0"},
				"down": {"uv": [3, 4, 4, 5], "texture": "#0"}
			}
		},
		{
			"name": "allay_spawn_egg_1",
			"from": [12, 11, 7.5],
			"to": [13, 16, 8.5],
			"rotation": {"angle": 0, "axis": "y", "origin": [2, 0, 0]},
			"faces": {
				"north": {"uv": [13, 0, 12, 5], "texture": "#0"},
				"east": {"uv": [12, 0, 13, 5], "texture": "#0"},
				"south": {"uv": [12, 0, 13, 5], "texture": "#0"},
				"west": {"uv": [12, 0, 13, 5], "texture": "#0"},
				"up": {"uv": [12, 0, 13, 1], "texture": "#0"},
				"down": {"uv": [12, 4, 13, 5], "texture": "#0"}
			}
		},
		{
			"name": "allay_spawn_egg_1",
			"from": [3, 4, 7.5],
			"to": [4, 9, 8.5],
			"rotation": {"angle": 0, "axis": "y", "origin": [-7, -7, 0]},
			"faces": {
				"north": {"uv": [4, 7, 3, 12], "texture": "#0"},
				"east": {"uv": [3, 7, 4, 12], "texture": "#0"},
				"south": {"uv": [3, 7, 4, 12], "texture": "#0"},
				"west": {"uv": [3, 7, 4, 12], "texture": "#0"},
				"up": {"uv": [3, 7, 4, 8], "texture": "#0"},
				"down": {"uv": [3, 11, 4, 12], "texture": "#0"}
			}
		},
		{
			"name": "allay_spawn_egg_1",
			"from": [12, 4, 7.5],
			"to": [13, 9, 8.5],
			"rotation": {"angle": 0, "axis": "y", "origin": [2, -7, 0]},
			"faces": {
				"north": {"uv": [13, 7, 12, 12], "texture": "#0"},
				"east": {"uv": [12, 7, 13, 12], "texture": "#0"},
				"south": {"uv": [12, 7, 13, 12], "texture": "#0"},
				"west": {"uv": [12, 7, 13, 12], "texture": "#0"},
				"up": {"uv": [12, 7, 13, 8], "texture": "#0"},
				"down": {"uv": [12, 11, 13, 12], "texture": "#0"}
			}
		},
		{
			"name": "allay_spawn_egg_2",
			"from": [2, 12, 7.5],
			"to": [3, 16, 8.5],
			"rotation": {"angle": 0, "axis": "y", "origin": [-8, 0, 0]},
			"faces": {
				"north": {"uv": [3, 0, 2, 4], "texture": "#0"},
				"east": {"uv": [2, 0, 3, 4], "texture": "#0"},
				"south": {"uv": [2, 0, 3, 4], "texture": "#0"},
				"west": {"uv": [2, 0, 3, 4], "texture": "#0"},
				"up": {"uv": [2, 0, 3, 1], "texture": "#0"},
				"down": {"uv": [2, 3, 3, 4], "texture": "#0"}
			}
		},
		{
			"name": "allay_spawn_egg_2",
			"from": [13, 12, 7.5],
			"to": [14, 16, 8.5],
			"rotation": {"angle": 0, "axis": "y", "origin": [3, 0, 0]},
			"faces": {
				"north": {"uv": [14, 0, 13, 4], "texture": "#0"},
				"east": {"uv": [13, 0, 14, 4], "texture": "#0"},
				"south": {"uv": [13, 0, 14, 4], "texture": "#0"},
				"west": {"uv": [13, 0, 14, 4], "texture": "#0"},
				"up": {"uv": [13, 0, 14, 1], "texture": "#0"},
				"down": {"uv": [13, 3, 14, 4], "texture": "#0"}
			}
		}
	],
	"gui_light": "front",
	"display": {
		"thirdperson_righthand": {
			"translation": [0, 3, 1],
			"scale": [0.55, 0.55, 0.55]
		},
		"firstperson_righthand": {
			"rotation": [0, -90, 25],
			"translation": [1.13, 3.2, 1.13],
			"scale": [0.68, 0.68, 0.68]
		},
		"ground": {
			"translation": [0, 2, 0],
			"scale": [0.5, 0.5, 0.5]
		},
		"head": {
			"rotation": [0, 180, 0],
			"translation": [0, 13, 7]
		},
		"fixed": {
			"rotation": [0, 180, 0]
		}
	},
	"groups": [
		{
			"name": "allay_spawn_egg",
			"origin": [8, 8, 8],
			"color": 0,
			"children": [0, 1, 2, 3, 4, 5, 6, 7, 8, 9, 10]
		}
	]
}