{
	"model": {
		"type": "minecraft:select",
		"property": "minecraft:custom_model_data",
		"cases": [
			{
				"when": "police",
				"model": {
					"type": "minecraft:model",
					"model": "animated_java:blueprint/clerk/police/body"
				}
			},
			{
				"when": "mother",
				"model": {
					"type": "minecraft:model",
					"model": "animated_java:blueprint/clerk/mother/body"
				}
			},
			{
				"when": "museum_director",
				"model": {
					"type": "minecraft:model",
					"model": "animated_java:blueprint/clerk/museum_director/body"
				}
			},
			{
				"when": "office_lady",
				"model": {
					"type": "minecraft:model",
					"model": "animated_java:blueprint/clerk/office_lady/body"
				}
			},
			{
				"when": "father",
				"model": {
					"type": "minecraft:model",
					"model": "animated_java:blueprint/clerk/father/body"
				}
			},
			{
				"when": "mayor",
				"model": {
					"type": "minecraft:model",
					"model": "animated_java:blueprint/clerk/mayor/body"
				}
			},
			{
				"when": "residents_1",
				"model": {
					"type": "minecraft:model",
					"model": "animated_java:blueprint/clerk/residents_1/body"
				}
			},
			{
				"when": "residents_2",
				"model": {
					"type": "minecraft:model",
					"model": "animated_java:blueprint/clerk/residents_2/body"
				}
			},
			{
				"when": "residents_3",
				"model": {
					"type": "minecraft:model",
					"model": "animated_java:blueprint/clerk/residents_3/body"
				}
			},
			{
				"when": "residents_4",
				"model": {
					"type": "minecraft:model",
					"model": "animated_java:blueprint/clerk/residents_4/body"
				}
			},
			{
				"when": "residents_5",
				"model": {
					"type": "minecraft:model",
					"model": "animated_java:blueprint/clerk/residents_5/body"
				}
			},
			{
				"when": "residents_6",
				"model": {
					"type": "minecraft:model",
					"model": "animated_java:blueprint/clerk/residents_6/body"
				}
			}
		],
		"fallback": {
			"type": "minecraft:model",
			"model": "animated_java:blueprint/clerk/body"
		},
		"tints": [
			{
				"type": "minecraft:dye",
				"default": [1, 1, 1]
			}
		]
	}
}