{
  "knock.1": {
    "replace": true,
    "sounds": [
      {
        "name": "dozleriddle:knock",
        "stream": true
      }
    ]
  },
  "phone_call.1": {
    "replace": true,
    "sounds": [
      {
        "name": "dozleriddle:phone_call",
        "stream": true
      }
    ]
  },
  "phonepon_call.1": {
    "replace": true,
    "sounds": [
      {
        "name": "dozleriddle:pon",
        "stream": true
      }
    ]
  },
  "request.1": {
    "replace": true,
    "sounds": [
      {
        "name": "dozleriddle:request",
        "stream": true
      }
    ]
  },
  "end.1": {
    "replace": true,
    "sounds": [
      {
        "name": "dozleriddle:end",
        "stream": true
      }
    ]
  }
}
