{"textures":{"0":"animated_java:item/jail_cell/iron_bars"},"elements":[{"from":[-4,-4,-4],"to":[20,-4,20],"faces":{"up":{"uv":[0,0,16,16],"rotation":90,"texture":"#0"},"down":{"uv":[0,0,16,16],"rotation":90,"texture":"#0"}}},{"from":[-4,20,-4],"to":[20,20,20],"faces":{"up":{"uv":[0,0,16,16],"rotation":270,"texture":"#0"},"down":{"uv":[0,0,16,16],"rotation":270,"texture":"#0"}}},{"from":[-4,-4,-4],"to":[20,20,-4],"faces":{"north":{"uv":[0,0,16,16],"texture":"#0"},"south":{"uv":[0,0,16,16],"texture":"#0"}}},{"from":[20,-4,-4],"to":[20,20,20],"faces":{"east":{"uv":[0,0,16,16],"texture":"#0"},"west":{"uv":[0,0,16,16],"texture":"#0"}}},{"from":[-4,-4,-4],"to":[-4,20,20],"faces":{"east":{"uv":[0,0,16,16],"texture":"#0"},"west":{"uv":[0,0,16,16],"texture":"#0"}}},{"from":[-4,-4,20],"to":[20,20,20],"faces":{"north":{"uv":[0,0,16,16],"texture":"#0"},"south":{"uv":[0,0,16,16],"texture":"#0"}}}],"display":{"head":{"rotation":[0,180,0]}}}